{"type":"FeatureCollection","features":[{"type":"Feature","geometry":{"type":"LineString","coordinates":[[12122075.2113382,1534825.48716939],[12122074.9547578,1534823.17659069],[12122073.31264282,1534819.22293342],[12122073.00474711,1534810.90485167],[12122074.28764914,1534805.6675376],[12122079.41925528,1534803.7163846]]},"properties":null,"id":"efc4afe9-6adc-4e0b-81f5-1f4f721ee641"},{"type":"Feature","geometry":{"type":"LineString","coordinates":[[12122090.27365112,1534818.27335399],[12122085.60707418,1534821.7102422],[12122081.98505933,1534823.94678359],[12122080.24031571,1534826.3087077],[12122077.57187715,1534826.05197673],[12122077.00740104,1534821.32812852],[12122076.80213593,1534817.32312387],[12122076.03239472,1534811.57234983],[12122079.41925528,1534803.7163846],[12122081.93595525,1534806.02637816]]},"properties":null,"id":"0e28bc2e-9cdb-4498-a680-de3727128a29"},{"type":"Feature","geometry":{"type":"LineString","coordinates":[[12122074.28764914,1534805.6675376],[12122069.63794812,1534807.54749975],[12122069.76751477,1534812.1173868],[12122069.15207505,1534815.00192524],[12122070.48012762,1534816.20111506],[12122073.24631545,1534817.43103944]]},"properties":null,"id":"8ce2403a-46dc-48b5-820e-5cbee4d1b214"},{"type":"Feature","geometry":{"type":"LineString","coordinates":[[12122063.71002213,1534833.08544152],[12122060.00666122,1534826.43584782],[12122057.33419427,1534820.63582679],[12122056.30042039,1534814.29678941],[12122055.81109707,1534803.78895826],[12122049.26166903,1534806.27468248],[12122046.51392101,1534806.42533152],[12122047.59819394,1534817.74106561],[12122048.59123512,1534822.61355645],[12122051.78194678,1534827.60901252],[12122058.20090732,1534827.1582945],[12122062.50199693,1534833.43166315]]},"properties":null,"id":"e08222fd-5c4d-459f-9cd8-38c5df273511"},{"type":"Feature","geometry":{"type":"LineString","coordinates":[[12122069.63794812,1534807.54749975],[12122064.20829391,1534806.13521157],[12122064.16748375,1534808.38112164],[12122064.98369937,1534812.62793405],[12122067.63640013,1534816.71140691],[12122069.8356518,1534817.984308]]},"properties":null,"id":"9922b560-374d-458f-bffb-df0d6693a8aa"},{"type":"Feature","geometry":{"type":"LineString","coordinates":[[12122072.79979527,1534847.01490043],[12122066.8654098,1534846.17134327],[12122067.01962453,1534841.69650808],[12122066.66579357,1534836.84764732],[12122063.75662427,1534829.59202313],[12122062.55264252,1534828.54754601],[12122059.36456821,1534822.70966627],[12122057.54303793,1534814.69941114],[12122056.92618196,1534809.8002388],[12122059.52682777,1534810.59832947]]},"properties":null,"id":"f605a8ad-abc5-4916-b6fa-68192a5eda52"},{"type":"Feature","geometry":{"type":"LineString","coordinates":[[12122059.22427823,1534809.91752862],[12122061.35152418,1534814.70428477],[12122065.30710882,1534821.91300713],[12122074.02198738,1534835.07358144],[12122074.23766447,1534839.31778569],[12122072.79979527,1534847.01490043],[12122075.05252074,1534852.74710104],[12122084.91425846,1534852.17507018],[12122083.34209932,1534834.25144871],[12122088.61302098,1534824.61650035]]},"properties":null,"id":"225e51b5-3b56-42ad-a33f-a0993c1ad558"},{"type":"Feature","geometry":{"type":"LineString","coordinates":[[12122070.48012762,1534816.20111506],[12122069.8356518,1534817.984308],[12122071.5200108,1534822.13285759],[12122072.88045689,1534823.59133214],[12122073.44253106,1534828.62512475],[12122075.25645671,1534831.76894854],[12122076.85345123,1534829.90294025]]},"properties":null,"id":"7faa5d83-4dda-4461-ae60-4d480155bb75"},{"type":"Feature","geometry":{"type":"LineString","coordinates":[[12122088.75880041,1534822.67857089],[12122084.80744379,1534824.71697649],[12122080.70215731,1534829.33813389],[12122077.62319245,1534829.38947832],[12122076.85345123,1534829.90294025],[12122074.80080995,1534827.13024797],[12122075.2113382,1534825.48716939],[12122077.46470578,1534825.15510747]]},"properties":null,"id":"933f5f55-0aa8-4881-a7b1-eb712fa01069"},{"type":"Feature","geometry":{"type":"LineString","coordinates":[[12122090.91956002,1534817.09806779],[12122086.96493275,1534813.317538],[12122084.5017593,1534811.31503764],[12122081.93595525,1534806.02637816],[12122086.4052134,1534798.31995695]]},"properties":null,"id":"e041eea5-b223-4b41-ac6a-24191ce02fd0"},{"type":"Feature","geometry":{"type":"LineString","coordinates":[[12122090.27365112,1534818.27335399],[12122085.76102399,1534816.88369925],[12122081.91231792,1534815.60004441],[12122080.01362449,1534811.1329252],[12122080.834681,1534806.81984614],[12122081.93595525,1534806.02637816]]},"properties":null,"id":"56949224-4903-44d3-8120-afc42bfaac3f"},{"type":"Feature","geometry":{"type":"LineString","coordinates":[[12122107.97196904,1534822.72472921],[12122110.75924811,1534813.66891034],[12122114.68345115,1534807.4387715],[12122124.77300514,1534809.58954551]]},"properties":null,"id":"847705ec-8106-48f6-8199-290687e0f733"},{"type":"Feature","geometry":{"type":"LineString","coordinates":[[12122107.97196904,1534822.72472921],[12122112.81051929,1534819.34876638],[12122115.57417772,1534818.73426023],[12122117.81142933,1534815.57393743],[12122121.67177841,1534814.73996278],[12122124.77300514,1534809.58954551],[12122127.75118052,1534813.17263514],[12122121.07910446,1534821.61361088],[12122109.87412099,1534837.90036161],[12122107.31028109,1534835.15136413]]},"properties":null,"id":"15796243-124d-4e9c-bad8-a4d80d345e69"},{"type":"Feature","geometry":{"type":"LineString","coordinates":[[12122094.12804576,1534851.98296272],[12122093.61905623,1534843.12134815],[12122091.32860335,1534838.53775431],[12122094.07714758,1534834.46344478],[12122107.97196904,1534822.72472921],[12122107.31028109,1534835.15136413],[12122099.82813657,1534841.82303883],[12122099.16644862,1534845.08248315],[12122098.56638143,1534850.56912535],[12122096.32683061,1534853.98135671],[12122094.12804576,1534851.98296272]]},"properties":null,"id":"b03c729e-1022-4016-ae80-3f6d1519d682"},{"type":"Feature","geometry":{"type":"LineString","coordinates":[[12122063.73085634,1534773.03464722],[12122068.77831682,1534773.26599936],[12122072.51739781,1534774.44745336],[12122074.12454694,1534765.09426752],[12122066.90574464,1534764.6250349]]},"properties":null,"id":"7b15c485-9cc8-4171-8caf-72509e7e0793"},{"type":"Feature","geometry":{"type":"LineString","coordinates":[[12122043.97717843,1534776.40631822],[12122046.84433702,1534774.35755878],[12122056.96092329,1534774.26339183],[12122058.32548681,1534777.04120469],[12122054.70233515,1534781.98476228],[12122053.05977104,1534782.48062693]]},"properties":null,"id":"ed215e6f-34dc-46aa-933f-ab5ac0a16675"},{"type":"Feature","geometry":{"type":"LineString","coordinates":[[12122048.30670591,1534785.25880034],[12122048.16184378,1534788.38784568],[12122055.50225343,1534786.8812373],[12122063.12498211,1534779.77193138],[12122064.44249246,1534774.59296629],[12122056.96092329,1534774.26339183]]},"properties":null,"id":"ff4150af-be47-459a-9993-43912972f663"},{"type":"Feature","geometry":{"type":"LineString","coordinates":[[12122046.89139019,1534790.78900061],[12122045.71282374,1534797.04197554],[12122046.04219953,1534802.69175564],[12122049.85356387,1534804.3866894],[12122054.04136077,1534803.72754767],[12122056.81754097,1534801.37347308],[12122059.49961124,1534801.42055476],[12122065.146078,1534804.66917769],[12122070.51022213,1534805.51664569],[12122077.99179489,1534801.60888058],[12122081.41714475,1534792.80676035],[12122082.64054516,1534784.5674977],[12122084.09921502,1534780.42432598],[12122081.60535743,1534778.68231009],[12122077.6351439,1534776.90828656]]},"properties":null,"id":"3c68819a-301e-47c2-b91e-1aec3048ad34"},{"type":"Feature","geometry":{"type":"LineString","coordinates":[[12122058.4035354,1534788.06174651],[12122061.21853614,1534791.39940072],[12122064.24361802,1534789.82991874],[12122068.57583715,1534789.49360208],[12122074.17784169,1534786.80306173],[12122077.6351439,1534776.90828656],[12122073.72618135,1534775.80603525]]},"properties":null,"id":"328eb340-4df7-4e71-9dca-f4536a3f1fce"},{"type":"Feature","geometry":{"type":"LineString","coordinates":[[12122048.16184378,1534788.38784568],[12122046.89139019,1534790.78900061],[12122056.81976018,1534789.98861653],[12122058.4035354,1534788.06174651],[12122062.85012832,1534785.68413018],[12122061.57967295,1534784.69541938],[12122059.47970936,1534783.17167971]]},"properties":null,"id":"8dd1f18c-16f8-4413-a350-2c6645af9de9"},{"type":"Feature","geometry":{"type":"LineString","coordinates":[[12122062.85012832,1534785.68413018],[12122066.83647797,1534784.37772166],[12122069.7868676,1534783.59298138],[12122073.42740949,1534778.23499788],[12122073.72618135,1534775.80603525],[12122069.65539082,1534774.42339917],[12122064.44249246,1534774.59296629]]},"properties":null,"id":"795f08eb-6f55-485f-aa2d-4986964b3aba"},{"type":"Feature","geometry":{"type":"LineString","coordinates":[[12122061.21853614,1534791.39940072],[12122067.51149664,1534794.40526621],[12122072.47860563,1534792.98525782],[12122074.15920699,1534789.02418551],[12122074.17784169,1534786.80306173]]},"properties":null,"id":"64333594-277b-4979-ace5-8670ef1c404f"},{"type":"Feature","geometry":{"type":"LineString","coordinates":[[12122064.20829391,1534806.13521157],[12122060.91792626,1534803.32271932],[12122058.8365755,1534802.85312087],[12122056.89806341,1534804.26191854],[12122057.38779309,1534807.32452319],[12122059.22427823,1534809.91752862],[12122061.32603407,1534808.32497358],[12122064.17516434,1534807.958435]]},"properties":null,"id":"cf27cdba-8242-4997-b569-d29966e50000"},{"type":"Feature","geometry":{"type":"LineString","coordinates":[[12122076.03490816,1534757.27447973],[12122081.38073208,1534757.68787413],[12122079.59252079,1534763.63028667],[12122074.56705332,1534763.28293155]]},"properties":null,"id":"908e62ca-1dd1-40d5-903e-2bedfe2b1e93"},{"type":"Feature","geometry":{"type":"LineString","coordinates":[[12122056.71098408,1534759.50689209],[12122066.90574464,1534764.6250349],[12122063.73085634,1534773.03464722],[12122053.30735862,1534773.14160831]]},"properties":null,"id":"8d324492-3156-4a82-98fc-8d53647b5e76"},{"type":"Feature","geometry":{"type":"LineString","coordinates":[[12122072.51739781,1534774.44745336],[12122073.80475311,1534775.19170537],[12122076.35387717,1534775.37986622],[12122077.34347719,1534770.77960335],[12122079.59252079,1534763.63028667]]},"properties":null,"id":"e015e071-16b2-44d6-87dd-7e6f04261fea"},{"type":"Feature","geometry":{"type":"LineString","coordinates":[[12122076.35387717,1534775.37986622],[12122079.99707516,1534776.73802054],[12122083.08135216,1534769.26734477],[12122084.64898062,1534764.50836532]]},"properties":null,"id":"d0aef4e5-da7f-4a35-90a0-e2a252881a24"},{"type":"Feature","geometry":{"type":"LineString","coordinates":[[12121999.78055945,1534967.54061292],[12122004.78707272,1534968.60590361],[12122008.82051594,1534967.42535998],[12122011.23302014,1534963.65950795],[12122011.75435007,1534961.02387677],[12122014.14336655,1534958.63354111],[12122016.31099807,1534958.49626863],[12122016.55794405,1534954.65263921],[12122014.5275024,1534953.66427673],[12122013.07326872,1534953.63682056],[12122008.21667156,1534957.59027048],[12122005.81009763,1534958.32341398]]},"properties":null,"id":"5acfa3ed-348f-4a7b-8daa-b6b34a52bf89"},{"type":"Feature","geometry":{"type":"LineString","coordinates":[[12121993.33936934,1535078.42427207],[12121996.32828607,1535076.69158191],[12121996.99522715,1535075.01132806],[12121995.23983103,1535074.48914678],[12121995.59565449,1535071.49847614],[12122000.04540569,1535061.7042536],[12121996.78504746,1535060.68197813]]},"properties":{"color":"#c026d3"},"id":"1933c8dd-9349-42c4-8fc0-625188fd1297"},{"type":"Feature","geometry":{"type":"LineString","coordinates":[[12121992.41112533,1534968.46233314],[12121995.59338061,1534962.80632469],[12121998.90125253,1534959.11944224],[12122002.66971349,1534958.07203327],[12122005.81009763,1534958.32341398],[12122003.67463705,1534961.29805641],[12121999.78055945,1534967.54061292],[12121997.35199444,1534968.92319324],[12121992.41112533,1534968.46233314]]},"properties":null,"id":"12e41290-f360-426c-bb7f-3358ed142fa9"},{"type":"Feature","geometry":{"type":"LineString","coordinates":[[12122022.50932995,1534953.73656333],[12122031.79153038,1534955.94587295],[12122039.9280072,1534961.65129828],[12122040.75424813,1534972.04441222],[12122033.75769504,1534980.72574755],[12122023.89111977,1535001.53315016],[12122013.70421518,1535014.5532509],[12122011.92469135,1535037.82278883]]},"properties":{"color":"#c026d3"},"id":"e14c377c-95f0-4f22-b5e8-85b384959481"},{"type":"Feature","geometry":{"type":"LineString","coordinates":[[12121992.3220254,1535066.00405645],[12121991.2071108,1535067.99783747],[12121991.56293426,1535073.0060238],[12121991.86863308,1535075.78963279],[12121993.33936934,1535078.42427207],[12121990.40338739,1535079.69339795]]},"properties":{"color":"#c026d3"},"id":"c511178f-50ec-4168-8d4f-0f3feebd856e"},{"type":"Feature","geometry":{"type":"LineString","coordinates":[[12122037.34355011,1534886.85476645],[12122039.24457343,1534887.32340946],[12122044.84748759,1534883.21822984],[12122048.45667558,1534880.87501374],[12122050.46790355,1534880.87501374],[12122049.89973241,1534878.63394877]]},"properties":null,"id":"ab42ced3-126d-4945-acfb-3f028b406761"},{"type":"Feature","geometry":{"type":"LineString","coordinates":[[12122050.46790355,1534880.87501374],[12122050.85361876,1534882.55661605],[12122050.38524954,1534884.29335197],[12122048.51177895,1534884.01767974],[12122041.07862173,1534889.47188132],[12122039.36336592,1534889.69222347],[12122036.8562202,1534891.92516921],[12122032.82249648,1534891.52386663],[12122029.65412497,1534892.32331653],[12122028.15222331,1534890.80760988]]},"properties":null,"id":"132c9b49-aebe-4fb3-af9b-24af90dc687c"},{"type":"Feature","geometry":{"type":"LineString","coordinates":[[12122025.38778552,1534891.03392427],[12122023.55994587,1534891.71209515],[12122021.50442129,1534895.27855451],[12122028.7065993,1534901.06449693],[12122033.0322011,1534897.33225909],[12122037.85661901,1534894.95813106],[12122043.12257174,1534894.61313476],[12122050.20693136,1534885.67920174],[12122050.38524954,1534884.29335197]]},"properties":null,"id":"173c368a-98ce-4209-ae7d-665fe913cb28"},{"type":"Feature","geometry":{"type":"LineString","coordinates":[[12122030.52737536,1534881.51400889],[12122030.80886795,1534884.90204068],[12122034.52630693,1534883.21727129],[12122037.91573658,1534881.3137007],[12122036.35894373,1534879.07660772]]},"properties":null,"id":"f90909fc-807b-4bcb-ba59-9ac52a076b94"},{"type":"Feature","geometry":{"type":"LineString","coordinates":[[12122024.82751316,1534890.31205105],[12122025.38778552,1534891.03392427],[12122028.41840174,1534890.78581883],[12122032.3568093,1534888.70177064],[12122033.43130093,1534888.97744287],[12122037.34355011,1534886.85476645],[12122037.03530512,1534885.20918723]]},"properties":null,"id":"45f73b2f-ade0-4f5a-890f-a783b3e90520"},{"type":"Feature","geometry":{"type":"LineString","coordinates":[[12122021.50442129,1534895.27855451],[12122018.10880654,1534898.42193799],[12122013.719282,1534901.85017893],[12122010.88215053,1534903.53473752],[12122009.13622512,1534903.75310656],[12122005.42613213,1534900.47757457],[12122006.39262872,1534899.72888106],[12122008.85562941,1534900.63355228],[12122014.67499924,1534898.21253406],[12122020.73573663,1534893.32096167],[12122023.29227239,1534890.82531825],[12122023.55994587,1534891.71209515]]},"properties":null,"id":"80f72999-9812-4b37-ad1c-d09c4c9e925d"},{"type":"Feature","geometry":{"type":"LineString","coordinates":[[12122028.7065993,1534901.06449693],[12122031.88821544,1534900.65269327],[12122035.33616005,1534900.43314962],[12122040.69555838,1534897.28784142],[12122043.798709,1534896.47239375],[12122043.12257174,1534894.61313476]]},"properties":null,"id":"8fd4713c-e643-4351-885e-7477844653fe"},{"type":"Feature","geometry":{"type":"LineString","coordinates":[[12122006.39262872,1534899.72888106],[12122004.50235003,1534897.50251247],[12122001.08004714,1534894.94705672],[12121997.47741687,1534900.51368587],[12121992.95658344,1534904.92345669],[12121991.98608091,1534906.89115684],[12121993.87600955,1534909.24217632],[12121996.49093051,1534907.86518346],[12121998.53409618,1534905.07973631],[12122000.13873655,1534903.30327851],[12122002.46283711,1534901.89777785],[12122005.42613213,1534900.47757457]]},"properties":null,"id":"33e11b79-2be2-4c8b-98c2-71c0772bb1f2"},{"type":"Feature","geometry":{"type":"LineString","coordinates":[[12122009.13622512,1534903.75310656],[12122005.77268152,1534906.65446315],[12122007.78943883,1534911.06519007],[12122012.46196875,1534914.7210428],[12122019.94411104,1534908.80076984],[12122026.01980385,1534904.04155985],[12122028.7065993,1534901.06449693]]},"properties":null,"id":"e8b5a22a-99db-48eb-bd39-4216f193c4f3"},{"type":"Feature","geometry":{"type":"LineString","coordinates":[[12122021.9707609,1534925.75973546],[12122034.51134187,1534913.48550219],[12122052.99238734,1534900.37766998],[12122062.88118332,1534886.79508239],[12122064.48051169,1534866.22254409],[12122074.27941089,1534861.63504969],[12122095.76048569,1534858.26009022],[12122096.32683061,1534853.98135671]]},"properties":{"color":"#c8c8c8"},"id":"83560492-9f96-47d9-99c9-efa9ee31350e"},{"type":"Feature","geometry":{"type":"LineString","coordinates":[[12122030.52737536,1534881.51400889],[12122029.9155871,1534877.52626962],[12122033.71482637,1534873.24961624],[12122038.36122661,1534870.44306448],[12122043.5060306,1534870.0470781],[12122046.11800741,1534866.91878659],[12122047.85932628,1534869.65109172],[12122045.00989457,1534871.59142559],[12122041.2106553,1534875.59088744],[12122036.78028917,1534878.90049937],[12122030.52737536,1534881.51400889]]},"properties":null,"id":"9f401537-881c-4f47-8ddc-c0113d389660"},{"type":"Feature","geometry":{"type":"LineString","coordinates":[[12122037.91573658,1534881.3137007],[12122043.01153667,1534878.37138717],[12122045.72308073,1534876.0083344],[12122047.6692697,1534874.34544562],[12122048.74076714,1534873.88596261],[12122047.56578518,1534869.8509799]]},"properties":null,"id":"f01d9edd-406e-4fcb-aa30-cd453b7bdf2a"},{"type":"Feature","geometry":{"type":"LineString","coordinates":[[12122066.8654098,1534846.17134327],[12122063.29094889,1534847.73726577],[12122061.98313159,1534852.14283536],[12122059.49827672,1534854.80362448],[12122060.45734473,1534858.20594445],[12122065.12189179,1534856.50478447],[12122066.90924144,1534857.11545718],[12122075.36646399,1534854.32380992],[12122075.05252074,1534852.74710104]]},"properties":null,"id":"9371844e-7a99-4653-b4ba-d09fcab3fdb2"},{"type":"Feature","geometry":{"type":"LineString","coordinates":[[12122062.05431399,1534846.31730305],[12122065.20530863,1534844.81536367],[12122066.16180837,1534841.99203385],[12122065.77921066,1534837.06316814],[12122063.71002213,1534833.08544152]]},"properties":null,"id":"34cdac1e-178f-44d1-96a4-084f63ae1c15"},{"type":"Feature","geometry":{"type":"LineString","coordinates":[[12122050.20693136,1534885.67920174],[12122053.59750626,1534881.56656595],[12122055.55145489,1534871.66494938],[12122060.45734473,1534858.20594445]]},"properties":{"color":"#c026d3"},"id":"10c2fbec-4d47-4526-bad4-f03ec70cafe5"},{"type":"Feature","geometry":{"type":"LineString","coordinates":[[12122062.05431399,1534846.31730305],[12122061.97749728,1534844.96257705],[12122057.48472639,1534844.22021821],[12122056.9488933,1534835.02319005],[12122063.71002213,1534833.08544152]]},"properties":null,"id":"674f5288-4207-4311-bb03-f5990318d5cd"},{"type":"Feature","geometry":{"type":"LineString","coordinates":[[12122061.62900959,1534833.68186248],[12122060.31642667,1534831.25766331],[12122059.52731547,1534831.06625128],[12122058.21212833,1534828.45825965],[12122056.80129084,1534828.33862702],[12122050.55536571,1534829.68061887],[12122050.42536971,1534847.42594195],[12122050.84166849,1534856.35508441],[12122053.26071477,1534856.27944531],[12122056.36011592,1534850.56865936],[12122057.98541341,1534850.98467768],[12122059.49827672,1534854.80362448]]},"properties":null,"id":"cd762690-d251-4267-a667-f5d7fd279351"},{"type":"Feature","geometry":{"type":"LineString","coordinates":[[12122048.74076714,1534873.88596261],[12122049.92160103,1534875.72389301],[12122049.89973241,1534878.63394877],[12122044.49056165,1534881.28542487],[12122037.03530512,1534885.20918723],[12122024.82751316,1534890.31205105],[12122024.06215808,1534888.82420307],[12122030.80886795,1534884.90204068]]},"properties":null,"id":"19268d0f-6e8d-45dc-a620-9146025eb18d"},{"type":"Feature","geometry":{"type":"LineString","coordinates":[[12121974.67179678,1534987.63686683],[12121987.47364236,1534983.95448108],[12121996.11955319,1534984.10236029],[12122000.01044947,1534978.21933753],[12122018.96123521,1534981.81346051],[12122014.15910053,1534994.09095245],[12122005.35959288,1535009.48220912],[12122002.65655884,1535017.17681715],[12121997.34557216,1535028.04393794],[12121994.54740678,1535033.24358016],[12121996.03973121,1535037.49605861]]},"properties":{"color":"#c026d3"},"id":"c2a907ab-27c5-4707-843e-8d4054d5993e"},{"type":"Feature","geometry":{"type":"LineString","coordinates":[[12121980.14175244,1535064.16275607],[12121980.88007103,1535061.86637495],[12121988.7054517,1535056.16305902],[12121997.88336902,1535053.26306862],[12122005.70875706,1535053.06973888],[12122011.50533642,1535045.23976259],[12122011.92469135,1535037.82278883]]},"properties":{"color":"#c8c8c8"},"id":"dda94e90-e037-4aa6-89fe-85c07553b2f5"},{"type":"Feature","geometry":{"type":"LineString","coordinates":[[12121988.29308743,1535080.51861098],[12121990.40338739,1535079.69339795],[12121987.9680528,1535069.14621993],[12121993.2425562,1535059.73613437],[12121992.23873533,1535058.88333153],[12121988.77270229,1535059.43291587],[12121984.00609549,1535065.14556732]]},"properties":{"color":"#c026d3"},"id":"bde7afbe-4b08-48ac-87f4-40dae8a450d2"},{"type":"Feature","geometry":{"type":"LineString","coordinates":[[12121993.2425562,1535059.73613437],[12121996.78504746,1535060.68197813],[12121992.3220254,1535066.00405645],[12121990.40082173,1535064.80598883]]},"properties":{"color":"#c026d3"},"id":"7b2970a4-f912-4da9-a01a-d75e90b9496a"},{"type":"Feature","geometry":{"type":"LineString","coordinates":[[12121994.81555619,1535091.89785296],[12121997.69962265,1535089.88890957],[12121993.99209922,1535082.57862419],[12121987.04958076,1535080.0691225],[12121984.47862111,1535077.76581178],[12121982.69755618,1535069.80087351],[12121984.00609549,1535065.14556732],[12121978.80829426,1535066.3821295],[12121978.40846404,1535071.72846107],[12121977.3919962,1535082.51668694]]},"properties":{"color":"#c026d3"},"id":"1c2c5cc6-6454-4c82-92e4-e55f093e4c08"},{"type":"Feature","geometry":{"type":"LineString","coordinates":[[12121948.86625083,1535118.18560964],[12121949.11898398,1535114.80027674],[12121950.09504785,1535111.65235896],[12121953.2943276,1535107.19445194],[12121956.16183164,1535100.19933089],[12121962.93732382,1535090.94237888],[12121967.61854782,1535083.28487302],[12121969.27743362,1535082.26524539],[12121973.96904327,1535074.69428188],[12121977.00179577,1535071.43118545],[12121978.45195086,1535071.14697681]]},"properties":{"color":"#c026d3"},"id":"a19ba779-1426-4702-9c19-1afab89d9346"},{"type":"Feature","geometry":{"type":"LineString","coordinates":[[12121954.8738683,1535152.55080057],[12121955.39914061,1535148.8213248],[12121957.69610144,1535143.21722518],[12121958.0870851,1535140.82732223],[12121956.57675278,1535129.90247887],[12121957.22328697,1535126.48639374],[12121960.7473925,1535115.68748416],[12121962.47383366,1535111.28862265],[12121962.7184778,1535106.8324788],[12121965.37460845,1535100.56509336],[12121967.74200706,1535091.71434555],[12121970.00750553,1535086.51953258],[12121976.93372566,1535082.5424683],[12121984.72213937,1535082.10430811],[12121987.63106575,1535083.51267862],[12121988.88221647,1535086.48590525],[12121991.41579382,1535087.36222444],[12121994.81555619,1535091.89785296],[12121991.73471075,1535092.94325914],[12121988.53814812,1535089.52172636],[12121979.71753649,1535088.92708056],[12121974.08735825,1535088.48892037],[12121969.5356368,1535095.02573125],[12121969.21557065,1535100.32516611],[12121970.62899321,1535105.12000181]]},"properties":{"color":"#c026d3"},"id":"0a86e432-8ab1-4527-9f02-9a7e3bc7cd16"},{"type":"Feature","geometry":{"type":"LineString","coordinates":[[12121949.58333091,1535118.25996208],[12121956.93873365,1535107.96639357],[12121960.12015741,1535102.7935138],[12121962.37949558,1535102.56744798],[12121963.71627037,1535102.45441435],[12121965.07326786,1535101.2761343]]},"properties":{"color":"#c026d3"},"id":"e3cb4013-d4ce-4a1f-9fbd-1bf903e5e851"},{"type":"Feature","geometry":{"type":"LineString","coordinates":[[12121950.0966933,1535128.85458919],[12121952.16367589,1535125.88253521],[12121951.96638684,1535121.65241353],[12121949.58333091,1535118.25996208],[12121943.74561223,1535117.61602005]]},"properties":{"color":"#c026d3"},"id":"87d3a705-81c0-4acc-9a45-52161e028bea"},{"type":"Feature","geometry":{"type":"LineString","coordinates":[[12121958.98500719,1534868.31801435],[12121958.26432376,1534873.47378963],[12121960.91576112,1534876.63981576],[12121963.47591112,1534880.29519219],[12121967.75915615,1534881.15234502],[12121972.90217665,1534877.40223588],[12121973.887633,1534875.00757847],[12121973.1837351,1534873.7398184],[12121970.28171183,1534871.50424312],[12121969.14614303,1534869.32528703]]},"properties":null,"id":"a4acb7e1-9823-4666-a44f-1621459b7d44"},{"type":"Feature","geometry":{"type":"LineString","coordinates":[[12121985.18808168,1534935.27923583],[12121999.00511291,1534929.99642924],[12122011.80121813,1534925.34651923]]},"properties":null,"id":"842ebd48-9d0c-46d7-9fcf-3e8c7fe5e7ae"},{"type":"Feature","geometry":{"type":"LineString","coordinates":[[12121993.87600955,1534909.24217632],[12121989.42334065,1534910.31119012],[12121990.18952778,1534914.14437375],[12121993.86722637,1534914.09326444],[12121997.57046415,1534913.09663728],[12121999.79240799,1534909.64677201],[12122005.77268152,1534906.65446315]]},"properties":null,"id":"0c6de422-f4ac-4af3-925b-46ca0275342a"},{"type":"Feature","geometry":{"type":"LineString","coordinates":[[12121987.44283901,1534956.18080783],[12121985.8432317,1534952.17672626],[12121986.74269552,1534949.07675617],[12121985.02235725,1534944.50949343],[12121985.36862805,1534942.52513984],[12121988.01288198,1534940.25730786],[12121991.02905915,1534939.09481362]]},"properties":null,"id":"189d83fe-f557-45f6-be5d-df15c1f30992"},{"type":"Feature","geometry":{"type":"LineString","coordinates":[[12121979.84294269,1534887.76606829],[12121982.94526972,1534891.78319992],[12121989.19554206,1534893.28962341],[12122001.08004714,1534894.94705672]]},"properties":{"color":"#c026d3"},"id":"6728a919-bbef-49f0-8add-49d49ef7c925"},{"type":"Feature","geometry":{"type":"LineString","coordinates":[[12121989.42334065,1534910.31119012],[12121986.15544929,1534908.85813878],[12121983.42792901,1534909.45456961],[12121981.82320738,1534911.48222545],[12121980.36983484,1534916.48521455],[12121977.67266996,1534922.02999916],[12121977.15261497,1534924.10441791],[12121978.64784547,1534924.8219395],[12121984.23207721,1534924.25708206],[12121991.25171655,1534923.52036575],[12121998.13018776,1534921.6766291],[12122004.44973699,1534917.71211198],[12122012.46196875,1534914.7210428]]},"properties":null,"id":"b241fbf1-cf0b-4927-ad9c-7d7b0ded3132"},{"type":"Feature","geometry":{"type":"LineString","coordinates":[[12121985.8432317,1534952.17672626],[12121980.61967166,1534946.84690003],[12121978.94148016,1534941.57614952],[12121980.71290314,1534937.79800201],[12121985.18808168,1534935.27923583],[12121986.91176049,1534941.20167955]]},"properties":null,"id":"4d40f7cd-9f50-4f4a-b6c2-b1056538998b"},{"type":"Feature","geometry":{"type":"LineString","coordinates":[[12122016.55794405,1534954.65263921],[12122019.38742554,1534955.62382075],[12122022.50932995,1534953.73656333],[12122021.69633388,1534949.73427452],[12122017.59883419,1534947.55416627],[12122015.22488468,1534947.61924561],[12122012.58537902,1534946.27061955],[12122010.5140957,1534942.68424213],[12122011.5872515,1534938.12879258],[12122013.86609943,1534931.54479618],[12122020.16398582,1534927.51591527],[12122021.9707609,1534925.75973546],[12122020.42209599,1534922.76390301],[12122016.08584447,1534923.4870324],[12122011.80121813,1534925.34651923],[12122010.69134168,1534929.2268995],[12122006.43376482,1534931.88593165],[12121997.55924508,1534934.96262669],[12121991.02905915,1534939.09481362],[12121989.56213993,1534944.69653541],[12121990.31555849,1534949.52050548],[12121992.8411324,1534953.5126157]]},"properties":null,"id":"fd523637-9e1d-48f6-a607-76fe8ea0c5ba"},{"type":"Feature","geometry":{"type":"LineString","coordinates":[[12121992.41112533,1534968.46233314],[12121990.14198447,1534962.78621005],[12121987.44283901,1534956.18080783],[12121992.8411324,1534953.5126157],[12121995.0524827,1534955.36733221],[12121996.28823524,1534955.72526237],[12122001.78588912,1534955.44907103],[12122007.71280151,1534952.98816705],[12122011.28998421,1534951.68661004],[12122014.41188862,1534951.32867987],[12122015.07928698,1534953.93287011]]},"properties":null,"id":"334867a3-6c6d-413d-8945-7268882572b9"},{"type":"Feature","geometry":{"type":"LineString","coordinates":[[12121967.8077647,1534830.96553782],[12121970.06687076,1534832.18796861],[12121973.55628372,1534830.96872574],[12121980.74550355,1534835.26761788],[12121984.42975915,1534842.63489061],[12121983.51586644,1534846.45887146],[12121980.91265286,1534849.34071268],[12121979.73794626,1534846.87550367]]},"properties":null,"id":"6ad4ce96-621b-40fb-a3d7-353b2661d393"},{"type":"Feature","geometry":{"type":"LineString","coordinates":[[12121999.14661337,1534832.62208825],[12122000.47471388,1534841.98390596],[12122000.37053455,1534852.30386734],[12121997.89631013,1534863.095094],[12121990.44737711,1534874.24899396],[12121979.84294269,1534887.76606829]]},"properties":{"color":"#c026d3"},"id":"bd22a2bf-0229-4505-89d9-30faf317274d"},{"type":"Feature","geometry":{"type":"LineString","coordinates":[[12121959.23494924,1534847.32936213],[12121962.09583393,1534850.34374528],[12121959.3070016,1534860.05433884],[12121958.98500719,1534868.31801435],[12121960.26518765,1534868.35085949],[12121962.07308276,1534859.02638073],[12121965.10639001,1534850.98938061]]},"properties":null,"id":"55f8be6a-24eb-4ccc-9160-02569a3f2caa"},{"type":"Feature","geometry":{"type":"LineString","coordinates":[[12121953.35363514,1534848.46863264],[12121952.90448216,1534844.90438745],[12121953.24437237,1534839.8648691],[12121954.53411907,1534834.19798593]]},"properties":null,"id":"ebd31286-c167-41f7-8578-9cc6efc0f02e"},{"type":"Feature","geometry":{"type":"LineString","coordinates":[[12121964.13076501,1534833.80992825],[12121966.43860799,1534835.28219057],[12121972.4832591,1534834.46843451],[12121978.13225965,1534837.56951114],[12121977.47909675,1534839.45495948]]},"properties":null,"id":"85cb38c9-7357-4b64-969c-a75d394b2b62"},{"type":"Feature","geometry":{"type":"LineString","coordinates":[[12121963.46499885,1534847.57666346],[12121965.10639001,1534850.98938061],[12121970.06210687,1534852.9150596],[12121973.74280884,1534856.18871352],[12121980.91265286,1534849.34071268]]},"properties":null,"id":"11608923-ccb4-410f-b451-281505c969c2"},{"type":"Feature","geometry":{"type":"LineString","coordinates":[[12121959.15036576,1534846.40780334],[12121961.36275162,1534846.05748269],[12121963.46499885,1534847.57666346],[12121967.86414282,1534844.03190883],[12121972.88617706,1534842.86330869],[12121979.73794626,1534846.87550367],[12121980.67227573,1534844.4214422],[12121980.12776042,1534842.25241234],[12121977.47909675,1534839.45495948],[12121973.6287218,1534838.89056023],[12121966.6146654,1534839.03779518],[12121960.72491981,1534837.2989064]]},"properties":null,"id":"b8a0fd18-c56b-4270-90fb-f99b5adc456e"},{"type":"Feature","geometry":{"type":"LineString","coordinates":[[12121954.46600653,1534850.01449687],[12121959.23494924,1534847.32936213],[12121958.88457421,1534843.51193607],[12121961.81332853,1534833.62442502]]},"properties":null,"id":"4ede4217-268a-4f9d-8b30-e330b958c921"},{"type":"Feature","geometry":{"type":"LineString","coordinates":[[12121960.26518765,1534868.35085949],[12121965.60815887,1534869.33740305],[12121969.14614303,1534869.32528703],[12121968.96413509,1534862.86701854],[12121973.74280884,1534856.18871352]]},"properties":null,"id":"1410b2f3-ce55-4d8b-b27b-d78ff3484074"},{"type":"Feature","geometry":{"type":"LineString","coordinates":[[12121904.70175077,1535155.98589991],[12121907.22998396,1535157.73561191],[12121907.96445434,1535153.60178776],[12121907.84057685,1535149.84044358],[12121908.29962128,1535145.98220787],[12121907.81762498,1535142.37659441],[12121909.6169579,1535133.14914003],[12121906.79714465,1535122.55093987],[12121900.25155215,1535129.52048718]]},"properties":{"color":"#c026d3"},"id":"cc6b5cf4-b03e-4d0f-a478-151003e47715"},{"type":"Feature","geometry":{"type":"LineString","coordinates":[[12121942.65677227,1535163.07655884],[12121944.88520263,1535160.60291795],[12121946.02608546,1535155.02945471],[12121944.09953261,1535151.52560344],[12121946.07246575,1535148.31065611],[12121949.60019333,1535135.74910414],[12121950.81254088,1535130.73479388],[12121950.0966933,1535128.85458919],[12121946.85300586,1535129.97375844],[12121944.7719308,1535135.29823467]]},"properties":{"color":"#c026d3"},"id":"bf2a0d9b-4e3f-45b2-8db4-7f75e0e3e87e"},{"type":"Feature","geometry":{"type":"LineString","coordinates":[[12121904.70175077,1535155.98589991],[12121900.28897105,1535152.0562207],[12121897.81781507,1535144.94747705],[12121898.1708388,1535139.78149481],[12121900.25155215,1535129.52048718],[12121901.7077708,1535135.30462093],[12121902.37403892,1535141.04251783],[12121904.1391508,1535146.82665242],[12121904.6245559,1535153.3172454],[12121904.70175077,1535155.98589991]]},"properties":{"color":"#c026d3"},"id":"489773ec-b92a-47ef-b103-9bc73a5ffd80"},{"type":"Feature","geometry":{"type":"LineString","coordinates":[[12121909.4803755,1535133.84957067],[12121911.44367553,1535133.72167658],[12121915.36856442,1535135.38646501],[12121919.20158323,1535136.77849086],[12121925.60085806,1535138.08043995],[12121932.3713661,1535141.09106819],[12121937.34147019,1535142.37167417],[12121938.46351139,1535136.01975974]]},"properties":{"color":"#c026d3"},"id":"5cb71deb-01fb-47a6-b63c-0c32da30ba82"},{"type":"Feature","geometry":{"type":"LineString","coordinates":[[12121907.22998396,1535157.73561191],[12121909.44963706,1535159.32920314],[12121913.68361758,1535157.84792198],[12121919.83041003,1535157.77673337],[12121924.98224356,1535158.78400389],[12121929.57422292,1535160.98539998],[12121933.5121187,1535164.54047477],[12121935.61430619,1535163.2369469],[12121934.60563909,1535161.5533651]]},"properties":{"color":"#c026d3"},"id":"8e8c6685-9ebf-4f51-b1db-01bbe690a379"},{"type":"Feature","geometry":{"type":"LineString","coordinates":[[12121907.96445434,1535153.60178776],[12121911.96207521,1535153.82689393],[12121914.79718292,1535152.48316043],[12121919.46018996,1535152.93107064],[12121928.11472988,1535155.46923613],[12121931.4347943,1535159.01520104],[12121934.60563909,1535161.5533651],[12121935.95953506,1535149.40804072]]},"properties":{"color":"#c026d3"},"id":"ba6117f8-5e66-462d-8292-666efd62559e"},{"type":"Feature","geometry":{"type":"LineString","coordinates":[[12121935.61430619,1535163.2369469],[12121938.62316567,1535166.43972959],[12121944.43529871,1535172.13461876],[12121942.89182723,1535173.46181759],[12121936.06679017,1535172.61723652],[12121933.71473316,1535170.88651281],[12121930.84484119,1535171.0554292],[12121926.35912679,1535173.13068611],[12121925.08094088,1535171.17608364],[12121926.0697267,1535169.34213653],[12121928.86726772,1535167.14622519],[12121933.5121187,1535164.54047477]]},"properties":{"color":"#c026d3"},"id":"67c44a54-82d3-44f4-ad27-6eb8248d3e89"},{"type":"Feature","geometry":{"type":"LineString","coordinates":[[12121937.34147019,1535142.37167417],[12121936.47354063,1535146.40341783],[12121935.95953506,1535149.40804072],[12121928.11422463,1535147.75685129],[12121922.69893372,1535145.86656522],[12121919.26322757,1535144.837956],[12121914.52898852,1535144.45899421],[12121908.29962128,1535145.98220787]]},"properties":{"color":"#c026d3"},"id":"0d3862e0-c357-48ea-b91a-27012cf4abaf"},{"type":"Feature","geometry":{"type":"LineString","coordinates":[[12121926.35912679,1535173.13068611],[12121921.05344668,1535178.31882608],[12121916.95360154,1535178.8497058],[12121913.14315649,1535173.97526627],[12121913.19138923,1535169.92127821],[12121913.91004568,1535165.46813216],[12121912.10129047,1535161.8726295],[12121909.44963706,1535159.32920314]]},"properties":{"color":"#c026d3"},"id":"6d187a8d-8589-49a0-a1a3-113998470401"},{"type":"Feature","geometry":{"type":"LineString","coordinates":[[12121877.56038358,1534983.52471537],[12121883.12315231,1534985.96460795],[12121892.14701327,1534988.88580606],[12121905.43701125,1534991.4572157],[12121918.85451931,1534993.29745519]]},"properties":{"color":"#c026d3"},"id":"89e301cf-f009-4aab-81c9-3cf83dcdf0ce"},{"type":"Feature","geometry":{"type":"LineString","coordinates":[[12121908.79981244,1535115.50349367],[12121917.31447502,1535111.15364176],[12121921.56686721,1535104.49033337],[12121927.34369609,1535099.11151582],[12121936.97174832,1535096.70309033],[12121935.90426874,1535092.25767223],[12121935.01818358,1535082.55934008],[12121940.07670429,1535076.71869054],[12121948.54136626,1535066.12161776],[12121958.64157309,1535050.43013521],[12121965.76684956,1535040.7017569],[12121975.79607063,1535040.58133593],[12121988.08866131,1535037.28390687],[12121996.03973121,1535037.49605861]]},"properties":{"color":"#c026d3"},"id":"fe1e2315-3ad9-47ca-af4d-3431c8927733"},{"type":"Feature","geometry":{"type":"LineString","coordinates":[[12121976.80832927,1535064.26524149],[12121975.90715916,1535062.20931948],[12121971.28110621,1535060.95902113],[12121963.92627567,1535071.32176747],[12121958.94555145,1535080.03825577],[12121952.55383217,1535089.86042246],[12121947.35636824,1535095.55935643],[12121942.14356757,1535103.92459976],[12121939.98345235,1535106.45863359],[12121940.61450394,1535107.7374357]]},"properties":{"color":"#c026d3"},"id":"f149f8fd-04ce-45f6-bd72-75c681fd00a7"},{"type":"Feature","geometry":{"type":"LineString","coordinates":[[12121979.98853546,1535066.10134892],[12121980.14175244,1535064.16275607],[12121978.33891211,1535063.42695643],[12121976.0853635,1535064.66120269],[12121973.79151717,1535069.02718176],[12121965.57434004,1535077.74450924],[12121959.92367165,1535085.92336754],[12121951.58817544,1535095.79665425],[12121949.76533382,1535098.5657976],[12121944.90775907,1535108.13594365],[12121942.71632193,1535112.92494589]]},"properties":{"color":"#c026d3"},"id":"3beb3020-5408-40e6-977a-8bd34382775a"},{"type":"Feature","geometry":{"type":"LineString","coordinates":[[12121944.43529871,1535172.13461876],[12121951.36702886,1535169.23410319],[12121956.21076097,1535161.81441315],[12121967.43248531,1535143.54775929],[12121967.33710865,1535134.43273282],[12121966.30194503,1535131.23910675],[12121974.36250387,1535114.38684534],[12121978.84821073,1535111.62479193],[12121976.23612595,1535104.21370172],[12121973.34629732,1535103.48003069],[12121970.62899321,1535105.12000181],[12121970.49959981,1535111.593566],[12121968.47571454,1535117.96777313],[12121963.90374213,1535124.31186635],[12121962.18627408,1535131.18084026],[12121962.60855875,1535142.26604008],[12121957.93622475,1535151.68765857],[12121954.8738683,1535152.55080057],[12121951.55828067,1535158.37544416],[12121949.96206073,1535158.73225799],[12121945.37713773,1535165.31284856],[12121942.7464452,1535163.88392061],[12121941.59055374,1535153.47696007],[12121942.93756689,1535141.07314871],[12121944.7719308,1535135.29823467],[12121938.70688268,1535134.74566114]]},"properties":{"color":"#c026d3"},"id":"6c267f05-7bdb-4906-a3db-1b03bcecf66f"},{"type":"Feature","geometry":{"type":"LineString","coordinates":[[12121941.70671215,1535122.9076606],[12121944.17035772,1535116.51366075],[12121940.61450394,1535107.7374357],[12121934.49950954,1535107.4564776],[12121928.69953827,1535109.84414768],[12121924.01126714,1535114.39881985]]},"properties":{"color":"#c026d3"},"id":"5c80966c-4d26-4a3b-9e70-15ae881e6af8"},{"type":"Feature","geometry":{"type":"LineString","coordinates":[[12121916.71911415,1535118.077943],[12121920.26650085,1535115.63901053],[12121924.01126714,1535114.39881985],[12121924.80241512,1535117.16946264],[12121930.90821892,1535118.51923717],[12121941.70671215,1535122.9076606],[12121939.54980959,1535130.33276589]]},"properties":{"color":"#c026d3"},"id":"75a7b551-12f9-4335-9a13-6f8dc8a7784e"},{"type":"Feature","geometry":{"type":"LineString","coordinates":[[12121913.60754449,1535118.50945886],[12121916.71911415,1535118.077943],[12121920.5284206,1535121.37639211],[12121927.81586003,1535125.97657892],[12121934.22574975,1535128.61533848],[12121939.54980959,1535130.33276589],[12121938.46351139,1535136.01975974],[12121932.60958905,1535133.83207155],[12121924.13222486,1535130.23412228],[12121917.67880278,1535128.15229104],[12121913.28758248,1535127.93607422]]},"properties":{"color":"#c026d3"},"id":"f25a88b1-34a3-44da-9da8-427d49eb3619"},{"type":"Feature","geometry":{"type":"LineString","coordinates":[[12121906.79714465,1535122.55093987],[12121913.60754449,1535118.50945886],[12121914.38967416,1535122.88483268],[12121913.28758248,1535127.93607422],[12121910.79899327,1535132.48930838],[12121909.6169579,1535133.14914003]]},"properties":{"color":"#c026d3"},"id":"8f301c12-8478-43a5-afbc-500f62c5b1fc"},{"type":"Feature","geometry":{"type":"LineString","coordinates":[[12121925.02786238,1534827.34317632],[12121931.39358778,1534829.99442237],[12121927.752448,1534839.44571848],[12121925.91058979,1534846.07383605],[12121920.41732549,1534843.26092737]]},"properties":null,"id":"055ecd5a-b2b7-4e04-b9c0-01527037f883"},{"type":"Feature","geometry":{"type":"LineString","coordinates":[[12121940.14543753,1534834.86124848],[12121945.22650502,1534833.65316314],[12121949.97990293,1534833.04247298],[12121954.16578109,1534831.72286728],[12121960.97905234,1534829.17233555],[12121964.87234516,1534828.83224589],[12121967.8077647,1534830.96553782],[12121964.84144648,1534832.14039559],[12121964.13076501,1534833.80992825],[12121961.81332853,1534833.62442502],[12121951.55012654,1534834.43310783],[12121948.12032103,1534835.97897206],[12121944.4545533,1534836.11249111]]},"properties":null,"id":"db8d0ab7-71c8-4d95-af59-eb892756fa0c"},{"type":"Feature","geometry":{"type":"LineString","coordinates":[[12121925.91058979,1534846.07383605],[12121931.6402262,1534848.38561791],[12121933.51298822,1534838.32379798],[12121936.81797652,1534832.92261599],[12121931.39358778,1534829.99442237]]},"properties":null,"id":"45128ad3-f293-427c-a8aa-49f9343bea9b"},{"type":"Feature","geometry":{"type":"LineString","coordinates":[[12121918.85451931,1534993.29745519],[12121919.98101502,1534986.61143722],[12121921.78336797,1534980.78667936],[12121923.72828878,1534969.53462788],[12121929.12500535,1534955.563748],[12121939.26836909,1534950.5865553],[12121947.50621056,1534943.63790732],[12121965.12875661,1534934.53400143],[12121974.18371498,1534927.13904677],[12121974.45496401,1534922.49218446],[12121977.67266996,1534922.02999916]]},"properties":{"color":"#c026d3"},"id":"f3be3d68-c33a-4036-93b3-21f64dcc5a47"},{"type":"Feature","geometry":{"type":"LineString","coordinates":[[12121979.84294269,1534887.76606829],[12121976.34772503,1534889.44536767],[12121967.09032817,1534902.07998796],[12121957.02863519,1534910.1841138],[12121945.30409044,1534917.21750415],[12121921.91309102,1534931.00084209],[12121901.51070353,1534943.30736342],[12121895.32465965,1534947.68951365],[12121888.96763451,1534955.09014493],[12121886.16647435,1534959.43222188],[12121880.06638976,1534978.43057868],[12121877.56038358,1534983.52471537]]},"properties":{"color":"#c026d3"},"id":"eaed50cd-0c51-4c6a-a80d-ebcd188ce7e9"},{"type":"Feature","geometry":{"type":"LineString","coordinates":[[12121918.85451931,1534993.29745519],[12121932.26549449,1534992.56964997],[12121957.42949368,1534991.47021845],[12121968.14596299,1534991.1079632],[12121974.67179678,1534987.63686683],[12121974.67179678,1534987.63686683],[12121974.67179678,1534987.63686683],[12121972.00775187,1534965.37539691],[12121972.00775187,1534953.16228402],[12121964.55168184,1534942.18809663],[12121958.78235182,1534937.81258965]]},"properties":{"color":"#c026d3"},"id":"19e801f5-812f-47ec-b8ea-d7d988bdea0d"},{"type":"Feature","geometry":{"type":"LineString","coordinates":[[12121972.90217665,1534877.40223588],[12121974.85548372,1534878.60687434],[12121971.81936101,1534884.57653652],[12121969.12008399,1534889.20932947],[12121958.810572,1534900.31159673],[12121941.50687857,1534908.87509502],[12121937.90616218,1534895.94806539],[12121940.32478151,1534885.4164714],[12121941.86963548,1534873.82414566],[12121941.11232483,1534866.68819077],[12121945.29218116,1534862.69773071],[12121945.29218116,1534862.69773071],[12121951.38940252,1534859.28281915],[12121958.4836531,1534858.98545259],[12121958.4836531,1534858.98545259],[12121959.3070016,1534860.05433884]]},"properties":null,"id":"2fb31099-6d5e-4554-9326-1487eb9a371d"},{"type":"Feature","geometry":{"type":"LineString","coordinates":[[12121936.32648936,1534850.04589537],[12121943.96029214,1534851.4676089],[12121953.35363514,1534851.00385022],[12121954.46600653,1534850.01449687],[12121953.35363514,1534848.46863264],[12121950.20192247,1534848.34496303],[12121943.89849477,1534846.95368522],[12121943.28051171,1534845.74791182],[12121944.4545533,1534836.11249111],[12121941.85902397,1534836.14340792],[12121939.97531781,1534835.33137895]]},"properties":null,"id":"824744c8-3df0-4896-a1df-98ca559bc7fc"},{"type":"Feature","geometry":{"type":"LineString","coordinates":[[12121936.81797652,1534832.92261599],[12121940.14543753,1534834.86124848],[12121938.78596261,1534838.61819425],[12121936.32648936,1534850.04589537],[12121931.6402262,1534848.38561791]]},"properties":null,"id":"86d5dda2-ada1-41af-a3dc-068603420823"},{"type":"Feature","geometry":{"type":"LineString","coordinates":[[12122082.87132547,1534749.8091325],[12122089.5005714,1534749.57111459],[12122098.0295137,1534753.35935388],[12122101.97413454,1534749.65845407]]},"properties":null,"id":"2e4e1bd8-d531-4b63-acd1-e8b25642445d"},{"type":"Feature","geometry":{"type":"LineString","coordinates":[[12122084.48143246,1534749.75132286],[12122090.94275007,1534754.23017549],[12122097.11106604,1534760.89666449],[12122099.5742395,1534764.49089802],[12122098.71962939,1534776.41783677],[12122096.73244271,1534782.34546406],[12122094.32058847,1534786.50450494],[12122092.83242134,1534787.58277421],[12122088.72713486,1534792.35797176],[12122086.26396141,1534796.67105278],[12122086.72580692,1534802.06240308],[12122089.37678699,1534808.74772797],[12122093.54065087,1534811.39489307]]},"properties":null,"id":"63163b73-a59c-4abe-bb62-29b4516b1e13"},{"type":"Feature","geometry":{"type":"LineString","coordinates":[[12122079.41925528,1534803.7163846],[12122090.01167833,1534782.13281851],[12122092.70141036,1534779.44150814],[12122094.38363988,1534775.4752972],[12122094.30213097,1534772.21310206],[12122096.37492417,1534768.05586596],[12122096.1341077,1534763.68500878],[12122094.25944617,1534760.62670083],[12122089.30526389,1534755.78695343],[12122082.25490591,1534751.42376556],[12122082.87132547,1534749.8091325]]},"properties":null,"id":"b1872fdd-873d-4c45-a04d-968987cddcb1"},{"type":"Feature","geometry":{"type":"LineString","coordinates":[[12122089.30526389,1534755.78695343],[12122085.36011292,1534755.89862482],[12122090.08752121,1534759.89481511],[12122092.85876216,1534766.05220938],[12122088.86491546,1534776.36233919],[12122088.3758744,1534780.11386236],[12122090.01167833,1534782.13281851]]},"properties":null,"id":"b61b2fbf-3fab-4436-9d8b-86ba2aa8fd21"},{"type":"Feature","geometry":{"type":"LineString","coordinates":[[12122098.19117998,1534753.20767626],[12122101.48269649,1534758.14669006],[12122104.51279216,1534763.6049294],[12122105.84138252,1534770.9903432],[12122104.98022618,1534780.78804709],[12122102.10950838,1534787.03239862],[12122096.26431446,1534793.66405459],[12122093.45743978,1534801.6120725],[12122093.04139381,1534808.5641207],[12122093.54065087,1534811.39489307],[12122090.91956002,1534817.09806779],[12122088.90250086,1534820.76827856]]},"properties":null,"id":"4ad19630-6c49-48d4-9eac-912e38848198"},{"type":"Feature","geometry":{"type":"LineString","coordinates":[[12122079.59252079,1534763.63028667],[12122084.64898062,1534764.50836532],[12122085.81907191,1534759.36531433],[12122081.38073208,1534757.68787413]]},"properties":null,"id":"05bef8ae-6bdb-4ed2-9e6f-1a032e8c29a6"},{"type":"Feature","geometry":{"type":"LineString","coordinates":[[12122079.99707516,1534776.73802054],[12122085.19206028,1534779.3163001],[12122087.884364,1534770.38394843],[12122090.10831388,1534766.09153438],[12122088.97471174,1534762.59421249],[12122085.81907191,1534759.36531433]]},"properties":null,"id":"c90eeb23-76eb-4922-98c2-57f39501e213"},{"type":"Feature","geometry":{"type":"LineString","coordinates":[[12122092.23308141,1534820.75381359],[12122088.90250086,1534820.76827856],[12122088.61302098,1534824.61650035],[12122094.65076984,1534826.51992063],[12122099.65465748,1534821.80274645],[12122106.79807779,1534813.32501575],[12122114.55431159,1534803.45840667],[12122119.95986631,1534796.13906108],[12122126.45251347,1534793.73909433],[12122135.67001994,1534785.28252967],[12122139.07151934,1534777.67128508],[12122137.96667701,1534772.16053398],[12122134.21139148,1534766.80720044]]},"properties":null,"id":"65457dc9-686f-4b66-af79-acbb7453e233"},{"type":"Feature","geometry":{"type":"LineString","coordinates":[[12122130.75254053,1534759.80478076],[12122134.21139148,1534766.80720044],[12122132.91598167,1534773.00939884],[12122129.89710567,1534777.60243719],[12122126.31371111,1534782.06965138],[12122117.050314,1534791.46262166],[12122109.46882772,1534797.24321564],[12122105.87099196,1534803.82243201],[12122099.87778837,1534811.34696715],[12122092.23308141,1534820.75381359],[12122092.95518996,1534814.9735666],[12122095.70766462,1534809.5676779]]},"properties":null,"id":"f87a5a39-001c-4ffb-9568-6aa25ae47362"},{"type":"Feature","geometry":{"type":"LineString","coordinates":[[12122017.08509138,1534737.3550531],[12122020.59386701,1534741.75709674],[12122021.15361888,1534744.05583714],[12122019.28833255,1534751.26594876],[12122017.99819875,1534754.05616384],[12122017.82364638,1534757.22583478],[12122017.01806823,1534760.32790567],[12122014.40604531,1534759.15546933],[12122011.25696966,1534755.98012042],[12122011.95103773,1534751.09528937],[12122008.19221719,1534749.77699051],[12122012.76480267,1534738.1061726],[12122017.08509138,1534737.3550531]]},"properties":null,"id":"c7c4f4d9-c71e-4a19-8f36-8c9830243e29"},{"type":"Feature","geometry":{"type":"LineString","coordinates":[[12122024.97504286,1534758.71218829],[12122030.54020479,1534760.83525596],[12122033.71806374,1534755.55472805],[12122037.43139161,1534750.61250316],[12122038.56120681,1534743.92383797],[12122033.03357394,1534740.71520568],[12122021.13112131,1534739.54203618],[12122019.59049356,1534740.49828336]]},"properties":null,"id":"677843fa-84ea-4338-a16b-57851a562406"},{"type":"Feature","geometry":{"type":"LineString","coordinates":[[12122017.82364638,1534757.22583478],[12122019.41376121,1534757.96430798],[12122024.94023088,1534758.86101788],[12122025.7617321,1534755.34890301],[12122030.30021024,1534745.13174168],[12122020.59386701,1534741.75709674]]},"properties":null,"id":"2ddafc68-38ef-49b8-89a3-1d973f6fe034"},{"type":"Feature","geometry":{"type":"LineString","coordinates":[[12122038.56120681,1534743.92383797],[12122045.27232523,1534748.14983703],[12122045.27232523,1534748.14983703],[12122050.67840439,1534754.14202595],[12122043.03000744,1534760.8754386],[12122039.51256838,1534767.48784324],[12122035.35559076,1534767.31009045],[12122030.54020479,1534760.83525596]]},"properties":null,"id":"17777fe9-a068-454f-9ecf-901d2ca7a239"},{"type":"Feature","geometry":{"type":"LineString","coordinates":[[12121991.64338086,1534817.14740889],[12121991.64338086,1534817.14740889],[12121990.95374539,1534812.27008126],[12121990.15296134,1534804.37079164],[12121989.23160337,1534796.31209623],[12121988.3049378,1534788.66262271],[12121987.249425,1534779.68035192],[12121986.42609207,1534771.13964312],[12121985.42962985,1534764.73357375],[12121983.31289728,1534752.67151222],[12121983.63361928,1534742.05480545],[12121983.63361928,1534742.05480545]]},"properties":null,"id":"b2c0c89b-0c93-4fd9-a363-599f34b3794c"},{"type":"Feature","geometry":{"type":"LineString","coordinates":[[12122017.01806823,1534760.32790567],[12122019.21249798,1534762.20271655],[12122025.6761433,1534763.23750666],[12122029.29578469,1534765.25534817],[12122031.46757188,1534768.30797781],[12122036.74788473,1534774.21616199],[12122038.45290245,1534776.53781742],[12122044.08833194,1534781.2639251],[12122048.30670591,1534785.25880034],[12122053.05977104,1534782.48062693],[12122050.14204889,1534780.03206758],[12122043.97717843,1534776.40631822],[12122039.32627065,1534772.15809129],[12122035.35559076,1534767.31009045]]},"properties":null,"id":"ca53b2ff-6235-4c74-b317-20926239a0ef"},{"type":"Feature","geometry":{"type":"LineString","coordinates":[[12121904.07329544,1534838.74656734],[12121907.04647116,1534831.33287828],[12121907.61278864,1534824.86361333],[12121901.43047457,1534825.6663678],[12121899.25958613,1534828.02741458],[12121897.98537002,1534834.35502068],[12121899.68432603,1534838.93545],[12121904.07329544,1534838.74656734]]},"properties":null,"id":"4f0f4442-fe8b-4443-84a5-27b302808c14"},{"type":"Feature","geometry":{"type":"LineString","coordinates":[[12121904.07329544,1534838.74656734],[12121913.76935895,1534839.41912142],[12121917.51137913,1534826.33565441],[12121907.61278864,1534824.86361333]]},"properties":null,"id":"adba8159-43fa-4009-83a8-ffc701d42f21"},{"type":"Feature","geometry":{"type":"LineString","coordinates":[[12121913.76935895,1534839.41912142],[12121920.41732549,1534843.26092737],[12121923.27569244,1534836.0633882],[12121925.02786238,1534827.34317632],[12121917.51137913,1534826.33565441]]},"properties":null,"id":"e7186758-b758-4475-89b6-c2a4f5e29afe"},{"type":"Feature","geometry":{"type":"LineString","coordinates":[[12121995.51209913,1534668.00616468],[12121991.51673694,1534676.02706426],[12121989.66029598,1534680.27284876],[12121986.65192678,1534692.23743224],[12121984.37086636,1534703.19354113],[12121984.62660734,1534716.08268811],[12121984.94648311,1534727.93176444],[12121983.63361928,1534742.05480545]]},"properties":null,"id":"fea7b436-bb79-46b6-a5e1-7b1f5867b8b4"},{"type":"Feature","geometry":{"type":"LineString","coordinates":[[12121903.92186779,1534668.98735549],[12121900.52067989,1534675.91213775],[12121893.9664256,1534681.63141231],[12121884.82095288,1534687.96074078],[12121880.42702527,1534695.13506548],[12121883.17066593,1534700.93059514],[12121884.85573051,1534707.17418198],[12121886.26603659,1534711.1064105],[12121891.7186157,1534715.60602143],[12121894.41679853,1534719.34632334],[12121897.87384669,1534715.88724712],[12121893.65793534,1534711.07828836],[12121890.79099769,1534708.13068479],[12121888.26948937,1534706.46638395],[12121886.77045682,1534702.97145462],[12121885.84329205,1534698.64284029],[12121887.99845716,1534693.43486229],[12121894.90030021,1534687.61317341],[12121897.47131923,1534686.4542572]]},"properties":null,"id":"7959addb-da6c-4ce4-b749-9938e96bf06d"},{"type":"Feature","geometry":{"type":"LineString","coordinates":[[12121905.94774737,1534681.2038655],[12121908.38380935,1534676.40136177],[12121906.63722916,1534668.08752513],[12121904.16601778,1534668.18322389]]},"properties":null,"id":"bdc8d1df-795f-4fca-9f14-18147dd62656"},{"type":"Feature","geometry":{"type":"LineString","coordinates":[[12121904.16601778,1534668.18322389],[12121901.96718587,1534668.06234285],[12121900.27882476,1534670.39160181],[12121897.77186297,1534670.44279352],[12121895.18815865,1534669.23977075],[12121888.69984241,1534674.23342393],[12121880.12117599,1534684.23301211],[12121875.50620681,1534694.63876152],[12121879.94859458,1534704.73934222],[12121880.28120258,1534708.03041725],[12121878.65511028,1534709.65746657],[12121879.91163563,1534714.05789372],[12121888.09378409,1534720.18784624],[12121891.82640966,1534721.14928358],[12121894.15467972,1534720.03993216],[12121894.41679853,1534719.34632334]]},"properties":null,"id":"f0cdb6bb-5661-439c-a92c-03bc88e1ce26"},{"type":"Feature","geometry":{"type":"LineString","coordinates":[[12121907.48845442,1534689.34132223],[12121904.25876579,1534688.64065379],[12121907.52735004,1534685.08326303],[12121908.37790484,1534681.87013716],[12121910.00349443,1534679.37610326],[12121910.43698388,1534675.90614437],[12121912.55069869,1534672.84763054]]},"properties":null,"id":"39693100-b7ee-4c03-a2df-47aa67bae974"},{"type":"Feature","geometry":{"type":"LineString","coordinates":[[12121989.48813608,1534728.49565671],[12121989.46283479,1534715.37015912],[12121989.71504597,1534704.80264483],[12121989.99182173,1534699.88978373],[12121991.64935875,1534692.393318],[12121994.64912452,1534682.02256265],[12121995.55279074,1534679.26670837]]},"properties":null,"id":"97c872ee-2805-4339-832c-fa12061f9170"},{"type":"Feature","geometry":{"type":"LineString","coordinates":[[12121897.87384669,1534715.88724712],[12121902.45762912,1534713.15490398],[12121908.95452087,1534702.32040132],[12121912.30788705,1534698.89908948],[12121915.02880307,1534693.56517921],[12121914.60924992,1534689.05382943]]},"properties":null,"id":"9ade3341-0faa-4b2e-9dd4-03d6e68cff8b"},{"type":"Feature","geometry":{"type":"LineString","coordinates":[[12121989.48813608,1534728.49565671],[12121989.37521959,1534736.8204267],[12121988.93246247,1534745.46950497],[12121988.63843079,1534751.38631833],[12121988.89529462,1534760.90834924],[12121989.71205483,1534767.96929788],[12121989.95123077,1534774.45075385],[12121992.1265888,1534789.05722128],[12121992.98002866,1534802.02718757],[12121994.6857802,1534816.36591884],[12121995.67391286,1534826.97007429],[12121997.42622709,1534840.02775369],[12121997.71930058,1534845.9198664],[12121997.57057439,1534852.83970946],[12121995.92094993,1534860.50368003],[12121993.44217378,1534865.61295582],[12121987.89339849,1534873.17630884],[12121979.42103248,1534883.67346464],[12121971.61023135,1534892.82199461],[12121964.72169023,1534901.22647502]]},"properties":null,"id":"6e7189c0-9da8-40d6-9df9-2e6428e0a767"},{"type":"Feature","geometry":{"type":"LineString","coordinates":[[12122028.47950008,1534769.13231368],[12122031.43953201,1534770.94929016],[12122033.97468101,1534773.87954546],[12122036.60123957,1534777.50077585],[12122040.27283823,1534780.95585327],[12122041.22235332,1534789.55095445],[12122041.43434825,1534793.98237649],[12122038.76806942,1534798.44336032],[12122043.91564311,1534806.79573922],[12122045.83724189,1534809.34630079],[12122047.26990258,1534822.87946809],[12122041.72946686,1534830.60325613],[12122034.24494537,1534834.01114588],[12122026.12716202,1534832.833965],[12122016.67632233,1534831.837301],[12121999.14661337,1534832.62208825],[12121997.58579798,1534816.68909617],[12121996.17383737,1534808.50016183],[12121996.50155253,1534799.86535349],[12121995.96643247,1534779.58795283],[12121996.22813172,1534758.0769517],[12121998.45242589,1534734.15866276],[12121999.91923885,1534736.23204491],[12121999.91923885,1534736.23204491],[12122005.63969506,1534737.81352498],[12122002.44341901,1534741.77541939],[12122003.87458804,1534748.60132785],[12122001.81845451,1534754.81732523],[12122003.24962354,1534759.20881757],[12122009.7788892,1534762.64053916],[12122013.92928158,1534766.60243175],[12122019.51083935,1534766.45922941],[12122028.47950008,1534769.13231368]]},"properties":null,"id":"9ce6cb58-c933-41ba-8e59-eb2ff6c14adb"},{"type":"Feature","geometry":{"type":"LineString","coordinates":[[12121926.25605739,1534658.9078935],[12121922.82037456,1534651.33655738],[12121922.45240104,1534649.06604491],[12121917.85272043,1534645.44550995],[12121915.40253635,1534645.63608925],[12121912.50491913,1534647.60762606],[12121908.10054185,1534647.64628009],[12121907.67555711,1534652.98102701],[12121911.82320525,1534653.95499519],[12121915.31290317,1534656.61533411]]},"properties":null,"id":"60a7e061-092a-48c1-9aeb-c274f1c9e054"},{"type":"Feature","geometry":{"type":"LineString","coordinates":[[12121906.31004185,1534658.89411729],[12121905.17763619,1534660.82007969],[12121904.99824022,1534665.44221875],[12121903.92186779,1534668.98735549],[12121904.82652681,1534674.1584682],[12121902.49438941,1534680.9794898],[12121897.47131923,1534686.4542572],[12121900.52103882,1534688.29413639],[12121905.94774737,1534681.2038655],[12121908.37790484,1534681.87013716]]},"properties":null,"id":"7af50eef-6b98-4b15-b6bf-16f6d8aab221"},{"type":"Feature","geometry":{"type":"LineString","coordinates":[[12121928.76975622,1534659.43737443],[12121928.00343225,1534656.46696296],[12121926.60616023,1534655.34848819],[12121926.44647444,1534649.87595885],[12121927.36467994,1534646.60042886],[12121924.21083677,1534645.32217001],[12121922.45240104,1534649.06604491]]},"properties":null,"id":"8070e03c-3ea0-4d41-ad2c-897f10a1b13a"},{"type":"Feature","geometry":{"type":"LineString","coordinates":[[12121926.11729174,1534663.40866759],[12121924.00526146,1534663.56996227],[12121922.58546215,1534662.92191802],[12121921.93901308,1534661.6282612],[12121922.42384911,1534658.67710255],[12121920.76732241,1534656.61533411],[12121915.31290317,1534656.61533411],[12121914.30282553,1534659.6877729],[12121914.50484106,1534663.52832023],[12121913.93919697,1534668.94551393],[12121916.0401603,1534676.06063335],[12121914.60924992,1534680.56419848],[12121914.60924992,1534689.05382943],[12121918.73036545,1534688.52828115],[12121918.97383,1534687.05724754]]},"properties":null,"id":"30f13cf2-f6d8-4481-828d-1ff92410f9c5"},{"type":"Feature","geometry":{"type":"LineString","coordinates":[[12121928.76975622,1534659.43737443],[12121926.25605739,1534658.9078935],[12121925.89408735,1534660.06267868],[12121926.45256321,1534662.57217588],[12121925.60787988,1534664.67963408],[12121925.50345329,1534668.85910632],[12121924.73766714,1534669.20739567],[12121922.33587944,1534665.55035747],[12121919.96889973,1534666.42108085],[12121917.46268677,1534670.07811905],[12121918.71579391,1534673.38686791],[12121918.97383,1534680.57906345],[12121920.43578634,1534684.41024899],[12121918.97383,1534687.05724754],[12121919.89112244,1534687.75660447]]},"properties":null,"id":"6e7d4da3-9aac-4d43-a08e-47d5a667bb29"},{"type":"Feature","geometry":{"type":"LineString","coordinates":[[12121919.89112244,1534687.75660447],[12121922.70126588,1534687.82435874],[12121925.20669197,1534688.60352959],[12121926.15469285,1534680.7101871],[12121927.61591746,1534678.84499279],[12121928.19148777,1534667.22517719],[12121930.75477677,1534662.84226363],[12121928.76975622,1534659.43737443]]},"properties":null,"id":"ad54269d-4cdf-468d-a391-58d5bfa0a54d"},{"type":"Feature","geometry":{"type":"LineString","coordinates":[[12121907.67555711,1534652.98102701],[12121906.31004185,1534658.89411729],[12121906.94082511,1534662.04986677],[12121910.91926302,1534668.5155147],[12121912.79772375,1534673.50358112],[12121914.45943701,1534675.41928831],[12121912.72646533,1534678.13624486],[12121912.04010473,1534682.83514827],[12121907.48845442,1534689.34132223],[12121911.06474932,1534690.60641161],[12121913.41282318,1534688.90757703],[12121914.60924992,1534689.05382943]]},"properties":null,"id":"e5206507-8600-48af-bc21-51a5efda5344"},{"type":"Feature","geometry":{"type":"LineString","coordinates":[[12121924.21083677,1534645.32217001],[12121921.00418665,1534636.61066024],[12121916.12521617,1534635.8557379],[12121918.43895673,1534628.10630761],[12121920.52988518,1534621.75180024],[12121921.9557623,1534619.34223959],[12121920.61260813,1534611.86203315]]},"properties":null,"id":"e6883835-67d0-4b17-b279-705b82edd479"},{"type":"Feature","geometry":{"type":"LineString","coordinates":[[12122106.26951452,1534722.56835341],[12122097.11900837,1534731.50453488],[12122096.33422841,1534743.14389038],[12122085.36055999,1534742.02132302],[12122082.87132547,1534749.8091325],[12122070.85059347,1534749.71734006],[12122060.24058124,1534748.43945832],[12122052.43043205,1534745.78539971],[12122048.058713,1534746.27689225],[12122040.3838405,1534741.00035837],[12122027.51724107,1534736.79622508],[12122016.05303088,1534735.71660871],[12122006.86161176,1534732.65814437],[12122001.45061857,1534731.39362772],[12121996.38925822,1534731.3202318],[12121990.90606684,1534727.88378158],[12121990.36682928,1534712.58634619],[12121990.62833288,1534701.00893687],[12121992.16936024,1534695.06148308],[12121996.39038918,1534682.94210922],[12122002.28837389,1534668.80591573],[12122018.14089835,1534647.51234225],[12122050.17113784,1534607.93213028]]},"properties":null,"id":"121c74d7-cc6f-4167-9827-bd4f8248c91f"},{"type":"Feature","geometry":{"type":"LineString","coordinates":[[12122110.0161539,1534726.56255969],[12122106.26951452,1534722.56835341]]},"properties":null,"id":"00d6dd69-09e5-4c0b-8893-6c3836551194"},{"type":"Feature","geometry":{"type":"LineString","coordinates":[[12122104.3045918,1534724.48725339],[12122106.45111126,1534731.00164182],[12122108.17246675,1534739.59360618],[12122110.85744108,1534742.40227354],[12122117.15243776,1534747.4680444],[12122118.18981431,1534752.71902665],[12122125.95228153,1534758.91204528],[12122130.21311361,1534769.1716844],[12122129.40468486,1534773.96724923],[12122126.86545682,1534776.2449748],[12122123.91881329,1534780.62217399],[12122117.55341556,1534785.94446001],[12122108.20498883,1534794.900192],[12122104.90827134,1534799.22714414],[12122104.7949389,1534800.74669021],[12122097.97445663,1534809.89169574],[12122095.70766462,1534809.5676779]]},"properties":null,"id":"61d30f1d-8909-408e-8074-7bbd481e1f74"},{"type":"Feature","geometry":{"type":"LineString","coordinates":[[12122095.91571202,1534806.69177504],[12122098.29882715,1534796.08636771],[12122102.38026477,1534789.31158786],[12122107.69323382,1534782.90598842],[12122109.99237906,1534784.65119303],[12122115.40773727,1534778.60524635],[12122117.11785039,1534778.49117365],[12122121.39313319,1534774.27041628],[12122123.57572375,1534766.75329154],[12122122.60665704,1534764.52884124],[12122119.27193733,1534760.96401387],[12122116.25073792,1534758.82511919],[12122109.48910626,1534749.39573129],[12122107.49837297,1534748.26396949],[12122103.68735165,1534743.27103778],[12122100.25913932,1534728.4379526]]},"properties":null,"id":"9fe27e9c-2f20-41f2-b45c-b6a7457df8ea"},{"type":"Feature","geometry":{"type":"LineString","coordinates":[[12122095.70766462,1534809.5676779],[12122095.91571202,1534806.69177504],[12122101.52916012,1534798.3455184],[12122104.47293472,1534793.40891906],[12122106.88227212,1534790.95990256],[12122109.44458093,1534789.96499043],[12122112.93146579,1534785.78208346],[12122116.87054049,1534782.72081356],[12122119.49991983,1534781.53203976],[12122124.73487782,1534774.87185375],[12122125.00258068,1534771.96364501],[12122126.99791621,1534767.67708121],[12122124.97336625,1534764.27118836],[12122123.9025519,1534760.90379177],[12122121.9596151,1534758.80139975],[12122116.56729172,1534754.05642792],[12122112.3904282,1534746.65650815],[12122107.15107913,1534743.21257806],[12122105.18225719,1534740.47204144],[12122105.51329171,1534735.00125618],[12122103.63936585,1534732.55223676],[12122102.50243322,1534726.2472015]]},"properties":null,"id":"f46a2f0a-e01f-4f68-9595-87f482784076"},{"type":"Feature","geometry":{"type":"LineString","coordinates":[[12122120.59596866,1534736.6102686],[12122114.90791553,1534732.62027364],[12122110.0161539,1534726.56255969],[12122112.24408454,1534737.9510619],[12122113.98768227,1534740.22876272],[12122117.57863603,1534743.24794598],[12122119.4703209,1534746.05661101],[12122121.02638456,1534751.06336178],[12122125.87077071,1534754.34009435],[12122130.75254053,1534759.80478076],[12122131.68838216,1534756.29012105]]},"properties":null,"id":"4e6bd2fc-66d6-42c1-8b68-ed555c2fa471"},{"type":"Feature","geometry":{"type":"LineString","coordinates":[[12122120.59596866,1534736.6102686],[12122131.21240225,1534740.31210331],[12122135.23377415,1534748.53058268],[12122131.8960317,1534756.65852711],[12122120.59596866,1534736.6102686]]},"properties":null,"id":"325d43e1-ea77-4a06-94c2-812f0d7fff11"},{"type":"Feature","geometry":{"type":"LineString","coordinates":[[12122096.33422841,1534743.14389038],[12122097.16776334,1534746.55572885],[12122104.46147635,1534751.26414323],[12122106.00057642,1534751.52081333],[12122110.73682129,1534760.68366276],[12122112.62518486,1534765.4688908],[12122111.83308694,1534769.04515595],[12122107.69323382,1534782.90598842]]},"properties":null,"id":"0c4208dd-1cf4-47f0-b32b-0d7b9212f839"},{"type":"Feature","geometry":{"type":"LineString","coordinates":[[12122127.92253868,1534529.69259482],[12122127.92253868,1534529.69259482]]},"properties":null,"id":"b9040bb7-5be8-432d-8a1c-8d07fb419a67"},{"type":"Feature","geometry":{"type":"LineString","coordinates":[[12122050.17113784,1534607.93213028],[12122062.36708,1534620.64118496],[12122076.53802114,1534636.03737559],[12122078.29003027,1534645.24083037],[12122072.36569034,1534654.43493248],[12122067.90892611,1534661.82346809],[12122076.59920349,1534674.35228795],[12122077.82460121,1534681.03138332],[12122087.84524469,1534686.24831885],[12122093.03427013,1534684.18940029],[12122096.04456916,1534690.81908254],[12122094.07631248,1534699.68142473],[12122103.57434979,1534717.93576871],[12122106.26951452,1534722.56835341]]},"properties":null,"id":"aa0d2595-dba0-45c7-bb01-a331348e7c32"},{"type":"Feature","geometry":{"type":"LineString","coordinates":[[12122151.41023452,1534619.99204808],[12122133.87099475,1534620.29415711],[12122124.75322668,1534621.28579992],[12122100.69939615,1534630.78362464],[12122100.69939615,1534630.78362464],[12122100.69939615,1534630.78362464],[12122093.54920546,1534633.59646296],[12122084.56563793,1534641.72922337],[12122078.29003027,1534645.24083037]]},"properties":null,"id":"6499b5c8-1a04-4ec0-9584-0b7979a10954"},{"type":"Feature","geometry":{"type":"LineString","coordinates":[[12122035.35559076,1534767.31009045],[12122043.35014264,1534772.8990029],[12122053.30735862,1534773.14160831],[12122050.28372106,1534770.99101459],[12122056.44425245,1534760.03270185],[12122058.18752036,1534756.59618674],[12122054.25866144,1534755.55481958],[12122050.67840439,1534754.14202595]]},"properties":null,"id":"6722764b-6456-464a-a322-94267b55a122"},{"type":"Feature","geometry":{"type":"LineString","coordinates":[[12122066.90574464,1534764.6250349],[12122068.85265262,1534756.63809875],[12122062.98164228,1534757.19600837],[12122058.18752036,1534756.59618674]]},"properties":null,"id":"95dc9698-a614-4bd9-91bb-b8d579683ae5"},{"type":"Feature","geometry":{"type":"LineString","coordinates":[[12122068.85265262,1534756.63809875],[12122076.03490816,1534757.27447973],[12122074.12454694,1534765.09426752]]},"properties":null,"id":"a79fb109-a4c8-46c6-a70e-cac2ec3436d1"},{"type":"Feature","geometry":{"type":"LineString","coordinates":[[12122097.80163045,1534504.45333022],[12122085.1808703,1534535.93201864],[12122077.83063923,1534555.32126641],[12122073.35368234,1534568.35887769],[12122069.40751541,1534581.50303053],[12122062.32456648,1534592.33426885],[12122050.17113784,1534607.93213028]]},"properties":null,"id":"7004d961-9e14-4f68-bb5e-44f145f395b1"},{"type":"Feature","geometry":{"type":"LineString","coordinates":[[12122121.09958319,1534507.61471925],[12122122.67423569,1534515.04860839],[12122123.8465581,1534520.02821799],[12122125.07501461,1534522.94095675],[12122128.03783156,1534523.4377582],[12122129.62315778,1534523.08394882]]},"properties":null,"id":"0ede5eaa-3005-4063-a9aa-ddadb71c4b05"},{"type":"Feature","geometry":{"type":"LineString","coordinates":[[12121222.96553162,1534282.55675528],[12121234.18747556,1534286.52427535],[12121242.8092019,1534297.1955015],[12121245.95682274,1534311.97104581],[12121270.59034445,1534321.41097704],[12121296.72924597,1534314.16001079],[12121308.18626136,1534309.3476289],[12121319.9573884,1534320.00973611]]},"properties":{"color":"#c026d3"},"id":"72c1ed49-6b64-47db-b016-dd11bb27a57d"},{"type":"Feature","geometry":{"type":"LineString","coordinates":[[12121319.9573884,1534320.00973611],[12121338.19027418,1534314.98304488],[12121358.0794115,1534313.60340817],[12121383.97588752,1534315.22650945],[12121391.42478229,1534319.21934993],[12121395.32043454,1534327.17050959],[12121446.10446891,1534335.30435156],[12121458.60300697,1534342.18048437],[12121481.76018173,1534347.79856177],[12121502.46056605,1534360.32028467]]},"properties":{"color":"#c026d3"},"id":"f1d88f05-8987-433a-9c42-5beae85d6ca0"},{"type":"Feature","geometry":{"type":"LineString","coordinates":[[12121319.9573884,1534320.00973611],[12121324.141057,1534337.85669142],[12121340.14191133,1534352.6221581],[12121386.21032087,1534380.04372566],[12121385.54164481,1534391.96228017],[12121380.79414315,1534403.56371492],[12121383.25581614,1534421.84475326],[12121392.92088067,1534449.24133673]]},"properties":{"color":"#c026d3"},"id":"1a8cd903-d89e-4963-83f5-f23616e65556"},{"type":"Feature","geometry":{"type":"LineString","coordinates":[[12121218.19458518,1534601.97608321],[12121226.30778756,1534593.3614753],[12121237.28261208,1534587.21265627],[12121251.15188651,1534579.97874936],[12121274.18694047,1534580.70213821],[12121281.42308366,1534587.5743507],[12121284.67934441,1534599.51029204],[12121291.43308541,1534601.55990221],[12121296.13657112,1534600.35425106],[12121300.39868369,1534591.49919478],[12121304.71504568,1534574.3989164],[12121313.6140765,1534558.77619843],[12121317.44295629,1534556.86234652],[12121316.48573452,1534549.2069389],[12121310.83813189,1534544.23092686],[12121311.30514046,1534529.80320337],[12121298.27921077,1534515.01147971],[12121298.02035668,1534496.25555297],[12121305.75980996,1534475.80430043],[12121307.48281208,1534464.12980307],[12121300.59081822,1534461.54610227],[12121297.91059433,1534455.42177836],[12121282.02071432,1534448.91467896],[12121271.65140612,1534439.39419167],[12121267.15254429,1534426.61886006],[12121269.94990877,1534414.25539417],[12121278.14823639,1534405.81089906],[12121300.81594443,1534396.46309494],[12121312.37749174,1534384.90511557],[12121328.80395637,1534373.66548955],[12121344.96120479,1534376.17620338],[12121365.48786275,1534383.02785051],[12121370.60685496,1534408.20416425],[12121372.2153509,1534430.99135424],[12121378.74199698,1534441.39751499],[12121384.85328545,1534456.54549035],[12121392.92088067,1534449.24133673]]},"properties":{"color":"#c026d3"},"id":"5839a32d-b59b-4fd1-b9ca-97cc8f437fdf"},{"type":"Feature","geometry":{"type":"LineString","coordinates":[[12121833.50710832,1533970.10574446],[12121837.96987398,1533966.68945689],[12121838.80328169,1533964.88716281],[12121835.65783895,1533962.6544706],[12121827.94746268,1533956.67422444],[12121823.33158897,1533953.59151648]]},"properties":null,"id":"3b296d36-c235-4967-8117-e4904b813433"},{"type":"Feature","geometry":{"type":"LineString","coordinates":[[12121813.10060855,1533961.92689462],[12121811.03893191,1533974.86828206],[12121815.9230789,1533975.93067619],[12121818.47132951,1533976.27064159],[12121826.72569594,1533973.44437494],[12121824.39801569,1533969.37523625],[12121822.44490317,1533968.11701528],[12121818.05709017,1533966.43046424],[12121818.49799494,1533959.62138985],[12121818.08455799,1533958.45723087]]},"properties":null,"id":"9d6d05f6-b791-43fd-834b-4e17159d95b5"},{"type":"Feature","geometry":{"type":"LineString","coordinates":[[12121826.72569594,1533973.44437494],[12121833.50710832,1533970.10574446],[12121830.30789608,1533966.82395643],[12121828.31846983,1533963.56906688],[12121825.5225196,1533961.1211756],[12121823.02493582,1533960.38017226]]},"properties":null,"id":"61f3bf22-76ee-4531-90cb-f734d582f566"},{"type":"Feature","geometry":{"type":"LineString","coordinates":[[12121404.1223374,1534522.20593739],[12121434.73943196,1534498.11917167],[12121431.23694735,1534483.76185525],[12121442.53529036,1534472.23078635],[12121434.82968842,1534454.5904139],[12121434.6277641,1534444.38709767],[12121459.43178535,1534433.31013734],[12121463.75453231,1534431.32295958],[12121462.44374185,1534422.04836799],[12121465.43982821,1534420.08103212],[12121471.15112899,1534404.24864952],[12121479.93608948,1534399.02008849],[12121485.27287768,1534397.05275262],[12121493.6993786,1534398.17694608],[12121496.78909131,1534386.84133375],[12121493.04397979,1534383.65612311],[12121490.98417132,1534368.85597327],[12121502.46056605,1534360.32028467]]},"properties":null,"id":"c6800319-6248-41c2-8d37-07b1369b7639"},{"type":"Feature","geometry":{"type":"LineString","coordinates":[[12121502.46056605,1534360.32028467],[12121508.66982792,1534363.64346606],[12121500.17417395,1534370.41212581],[12121496.38682462,1534377.20497989],[12121501.17670034,1534389.23166373],[12121498.61467617,1534397.13809084],[12121493.82479194,1534402.26056202],[12121480.97376251,1534401.35403051],[12121475.05439298,1534404.72767592],[12121469.65107978,1534415.39066494],[12121468.25900929,1534431.34838656],[12121466.88381199,1534451.02958924],[12121470.79762471,1534473.38225737],[12121498.55694017,1534500.17132139],[12121501.76450126,1534505.20123633],[12121511.83219567,1534503.70349904]]},"properties":{"color":"#c026d3"},"id":"1a975b9c-1f20-4251-b198-bda604a1e502"},{"type":"Feature","geometry":{"type":"LineString","coordinates":[[12121811.03893191,1533974.86828206],[12121804.46547351,1533972.18842738],[12121806.21548345,1533961.00123065]]},"properties":null,"id":"57f55d1e-cb55-46d0-adf9-4b0c238c7c09"},{"type":"Feature","geometry":{"type":"LineString","coordinates":[[12121618.88744168,1534640.21299584],[12121611.43292552,1534623.55505379],[12121608.60835763,1534604.74066781],[12121612.95020429,1534578.56998857],[12121616.00595617,1534549.16615965],[12121619.19848905,1534535.63400064],[12121628.00987686,1534521.59119714],[12121641.3776509,1534502.80362543],[12121641.63304964,1534498.33546068],[12121634.48177794,1534483.6543382],[12121632.56912903,1534467.88617727],[12121635.55568426,1534448.64515847],[12121644.06869012,1534431.99443084],[12121653.4453303,1534417.81047568],[12121647.39986183,1534420.03057677],[12121632.34788755,1534428.78762547],[12121622.72448798,1534439.6414337],[12121614.82836647,1534462.82911363],[12121605.84046701,1534482.89845726],[12121593.74953948,1534502.87933417],[12121589.45429254,1534511.06131407],[12121579.35900852,1534518.74372111],[12121568.95357904,1534522.63005624],[12121553.91496546,1534526.19785416],[12121538.95415567,1534524.18271763],[12121527.15814157,1534520.05648351],[12121518.43100741,1534511.80402441],[12121511.83219567,1534503.70349904]]},"properties":{"color":"#c026d3"},"id":"549f4129-0085-41c0-9ac2-7326a35e9134"},{"type":"Feature","geometry":{"type":"LineString","coordinates":[[12121385.94150422,1534458.27437616],[12121385.94150422,1534458.27437616]]},"properties":null,"id":"69f1fe21-a943-4938-ac79-e94432764282"},{"type":"Feature","geometry":{"type":"LineString","coordinates":[[12121421.05026082,1534662.13438433],[12121438.55311192,1534653.79456017],[12121449.6055927,1534634.91070041],[12121456.44143115,1534624.89867017],[12121449.80994422,1534610.03265609],[12121447.59945113,1534602.80054],[12121454.93427468,1534587.23140283],[12121469.20202718,1534591.34969303],[12121477.03923622,1534597.87868603],[12121507.3667987,1534592.04863509],[12121521.26301046,1534583.69753895],[12121533.30507288,1534570.30388808],[12121514.56412239,1534566.15824141],[12121495.65759347,1534564.1974831],[12121471.4823853,1534564.02938559],[12121441.41337565,1534559.43445172],[12121424.14065901,1534555.04444133],[12121411.84482776,1534543.92308671],[12121405.66044074,1534535.76993641],[12121404.1223374,1534522.20593739]]},"properties":{"color":"#c026d3"},"id":"377b8b53-2c11-4fee-8470-c71822d1070b"},{"type":"Feature","geometry":{"type":"LineString","coordinates":[[12121840.70599155,1533907.44208112],[12121839.50679277,1533903.91605124],[12121841.01122059,1533900.23284202],[12121854.9992089,1533905.22919612],[12121857.43189934,1533905.64555866],[12121855.4528223,1533911.48467965]]},"properties":null,"id":"83f9bf7b-c28d-469b-97be-ca27d5f7e4bd"},{"type":"Feature","geometry":{"type":"LineString","coordinates":[[12121840.86038515,1533912.79302648],[12121841.51403577,1533909.57888254],[12121840.70599155,1533907.44208112],[12121855.4528223,1533911.48467965],[12121854.73128949,1533917.9755564]]},"properties":null,"id":"dde44254-6446-4244-83a2-53575e2fe227"},{"type":"Feature","geometry":{"type":"LineString","coordinates":[[12121838.36537063,1533916.2167538],[12121840.86038515,1533912.79302648],[12121851.9494522,1533917.21245096],[12121854.73128949,1533917.9755564],[12121853.47044337,1533925.63799553]]},"properties":null,"id":"39f045ec-a18f-4735-8382-be3e98aa07a0"},{"type":"Feature","geometry":{"type":"LineString","coordinates":[[12121834.27175822,1533920.57285038],[12121838.36537063,1533916.2167538],[12121844.25435152,1533920.5112389],[12121853.47044337,1533925.63799553],[12121849.38117962,1533930.52797382]]},"properties":null,"id":"92ae2acf-4017-4272-82c5-9644738725e2"},{"type":"Feature","geometry":{"type":"LineString","coordinates":[[12121844.71850716,1533933.68324253],[12121848.60547676,1533931.4053753],[12121849.38117962,1533930.52797382],[12121834.27175822,1533920.57285038],[12121831.53992111,1533923.71124497],[12121830.75578098,1533925.82038129]]},"properties":null,"id":"737c5a82-6810-4a14-9ae9-fa08b29d889e"},{"type":"Feature","geometry":{"type":"LineString","coordinates":[[12121827.86021274,1533936.48742414],[12121827.67158946,1533932.67393272],[12121828.34611727,1533931.02037061],[12121834.45059344,1533933.95628863],[12121843.42181537,1533939.25443805],[12121843.35435847,1533943.60769593],[12121844.82549737,1533945.56223915]]},"properties":null,"id":"d1c5b2c1-71f4-4f5f-befd-e86261f75357"},{"type":"Feature","geometry":{"type":"LineString","coordinates":[[12121828.34611727,1533931.02037061],[12121830.75578098,1533925.82038129],[12121835.24139195,1533928.25010659],[12121844.71850716,1533933.68324253],[12121843.42181537,1533939.25443805]]},"properties":null,"id":"105e6fb6-4171-4859-9b36-10faba104361"},{"type":"Feature","geometry":{"type":"LineString","coordinates":[[12121827.52053425,1533941.19415795],[12121828.1269625,1533938.88957977],[12121827.86021274,1533936.48742414],[12121834.63565717,1533940.14404159],[12121841.89124996,1533945.00173634],[12121844.82549737,1533945.56223915],[12121846.21259941,1533948.12453865],[12121846.67455011,1533951.15405808]]},"properties":null,"id":"435fc6f4-0040-4ffe-9ed0-559a29be4105"},{"type":"Feature","geometry":{"type":"LineString","coordinates":[[12121908.10054185,1534647.64628009],[12121907.84224493,1534639.48873956],[12121896.64281169,1534639.48873956],[12121893.60785195,1534636.23814307],[12121891.3423201,1534630.89176754],[12121889.88815049,1534623.30704643],[12121894.76118613,1534618.64500795],[12121900.0189357,1534618.26006826],[12121901.81426308,1534620.44138882],[12121904.80647754,1534620.4841608],[12121905.02020715,1534623.4781311],[12121911.98779356,1534623.09319141],[12121919.03101036,1534614.29998072],[12121920.61260813,1534611.86203315],[12121905.23195876,1534595.76525944],[12121891.34656221,1534595.77853494],[12121884.3789758,1534594.02492442],[12121875.12447239,1534591.45866416],[12121860.41040952,1534593.21969141],[12121854.25499625,1534593.86125647],[12121851.20976384,1534596.96919633]]},"properties":null,"id":"233d30da-78b6-4784-bc70-dea4bb59fa82"},{"type":"Feature","geometry":{"type":"LineString","coordinates":[[12121852.21357507,1533879.60514824],[12121862.29100099,1533875.87745748],[12121869.44723331,1533876.29866145],[12121863.45672128,1533880.31627857],[12121860.63956371,1533881.19108243],[12121857.52408134,1533884.04396809]]},"properties":null,"id":"3c325fcf-a171-461e-89f8-4fb45647fac9"},{"type":"Feature","geometry":{"type":"LineString","coordinates":[[12121862.67268194,1533887.73758263],[12121867.18055155,1533883.00548944],[12121872.2832188,1533876.2559484],[12121869.44723331,1533876.29866145]]},"properties":null,"id":"5073431e-cb94-4407-989b-35556d0d4f89"},{"type":"Feature","geometry":{"type":"LineString","coordinates":[[12121848.06879156,1533882.87756252],[12121852.21357507,1533879.60514824],[12121857.52408134,1533884.04396809],[12121862.67268194,1533887.73758263],[12121862.02505929,1533890.81559536]]},"properties":null,"id":"48e69f3d-03f8-43d3-af78-6e38ed87fbb7"},{"type":"Feature","geometry":{"type":"LineString","coordinates":[[12121846.28782926,1533886.18237644],[12121848.06879156,1533882.87756252],[12121855.48406899,1533887.41358129],[12121862.02505929,1533890.81559536],[12121861.37743663,1533894.21760882]]},"properties":null,"id":"47b4e299-954c-4679-8620-16edd0e7d9c2"},{"type":"Feature","geometry":{"type":"LineString","coordinates":[[12121855.48406899,1533887.41358129],[12121857.52408134,1533884.04396809]]},"properties":null,"id":"5be43dc2-ad60-45e2-9474-c459247efe55"},{"type":"Feature","geometry":{"type":"LineString","coordinates":[[12121843.72759003,1533891.03428379],[12121846.28782926,1533886.18237644],[12121853.83263171,1533890.26479407],[12121861.37743663,1533894.21760882],[12121860.18761057,1533897.88684563]]},"properties":null,"id":"b7626a16-a99b-48f6-8ce4-d3cb4836ef29"},{"type":"Feature","geometry":{"type":"LineString","coordinates":[[12121842.68369679,1533895.9429557],[12121843.72759003,1533891.03428379],[12121852.25152808,1533894.94583187],[12121860.18761057,1533897.88684563],[12121858.60740111,1533901.56985083]]},"properties":null,"id":"2421d4a9-303b-48f0-b153-71d43cef222c"},{"type":"Feature","geometry":{"type":"LineString","coordinates":[[12121853.83263171,1533890.26479407],[12121855.48406899,1533887.41358129]]},"properties":null,"id":"27c78fbc-0853-41a6-a00b-7be3721277c3"},{"type":"Feature","geometry":{"type":"LineString","coordinates":[[12121841.01122059,1533900.23284202],[12121842.68369679,1533895.9429557],[12121850.97522248,1533899.75045869],[12121858.60740111,1533901.56985083],[12121857.43189934,1533905.64555866]]},"properties":null,"id":"85752c0c-2643-4ef4-95db-a22f2fe64d77"},{"type":"Feature","geometry":{"type":"LineString","coordinates":[[12121822.44490317,1533968.11701528],[12121823.02493582,1533960.38017226],[12121822.67995469,1533956.77489735],[12121823.33158897,1533953.59151648],[12121823.16863874,1533948.54598955],[12121819.5543644,1533948.73325209]]},"properties":null,"id":"f2578fc7-b864-4110-8cd6-49a3280f9e93"},{"type":"Feature","geometry":{"type":"LineString","coordinates":[[12121846.27128812,1533955.16214435],[12121846.67455011,1533951.15405808],[12121845.04898812,1533950.93192456],[12121838.51614504,1533947.97293512],[12121835.1287447,1533945.44434331],[12121827.52053425,1533941.19415795],[12121825.87572315,1533944.53165641]]},"properties":null,"id":"57bc2e6a-70e0-49fe-a012-d550b742f7b5"},{"type":"Feature","geometry":{"type":"LineString","coordinates":[[12121872.2832188,1533876.2559484],[12121874.29646444,1533876.09590419],[12121871.64050825,1533874.20992443],[12121866.97116297,1533872.49539797],[12121851.21967145,1533868.01159279],[12121844.70258189,1533875.93473957],[12121839.40453442,1533884.20259697],[12121830.36043541,1533895.84697063],[12121824.81935828,1533901.53720227],[12121820.68785394,1533903.28804192],[12121815.77865542,1533903.92028947],[12121811.30690919,1533902.55852509],[12121806.27122904,1533900.03374143],[12121800.59099661,1533908.30618202],[12121800.62892649,1533918.5413058],[12121804.48153116,1533924.18082786],[12121800.25044846,1533931.49196987]]},"properties":{"color":"#c026d3"},"id":"81d8d31c-df65-4a4b-b387-a11b6ec4e326"},{"type":"Feature","geometry":{"type":"LineString","coordinates":[[12121793.21877274,1533943.85719148],[12121792.14036784,1533947.75894249],[12121795.76200787,1533953.22943767],[12121806.62284471,1533954.86063419],[12121813.16966043,1533957.36939646],[12121814.94565749,1533953.22296984],[12121815.69067971,1533946.44899867],[12121812.73728951,1533945.01600811]]},"properties":null,"id":"86a312e9-1d12-4ce1-9430-baae530681dd"},{"type":"Feature","geometry":{"type":"LineString","coordinates":[[12121812.73728951,1533945.01600811],[12121811.05010331,1533949.20462863],[12121806.35334929,1533947.9060793],[12121795.98033569,1533944.62251001],[12121793.21877274,1533943.85719148],[12121796.28785358,1533933.21532865],[12121797.41426454,1533931.86855769],[12121800.25044846,1533931.49196987],[12121801.39298461,1533935.76891663],[12121807.03144617,1533940.66614897],[12121812.73728951,1533945.01600811]]},"properties":null,"id":"ba9673a6-099a-48d6-8cbf-f06909f6bc44"},{"type":"Feature","geometry":{"type":"LineString","coordinates":[[12121813.16966043,1533957.36939646],[12121814.07000794,1533958.91818792],[12121815.38625309,1533958.10602695],[12121818.08455799,1533958.45723087],[12121818.87430307,1533956.39390434],[12121819.5543644,1533948.73325209],[12121815.69067971,1533946.44899867]]},"properties":null,"id":"4a95e56f-820d-4fc7-b882-6a420f6829ac"},{"type":"Feature","geometry":{"type":"LineString","coordinates":[[12121824.37187423,1533948.57735236],[12121825.87572315,1533944.53165641],[12121828.69855711,1533945.44625371],[12121838.20604823,1533951.69205625],[12121842.99142472,1533954.19374754],[12121846.27128812,1533955.16214435],[12121842.86815648,1533960.19811257]]},"properties":null,"id":"b430c0dc-a003-4599-9aff-44816848cde5"},{"type":"Feature","geometry":{"type":"LineString","coordinates":[[12121823.16863874,1533948.54598955],[12121824.37187423,1533948.57735236],[12121834.2921197,1533954.46843173],[12121837.33002755,1533957.13152309],[12121842.86815648,1533960.19811257],[12121838.80328169,1533964.88716281]]},"properties":null,"id":"a67ca2e6-2b28-4d09-99b0-890e7f3c9033"},{"type":"Feature","geometry":{"type":"LineString","coordinates":[[12121795.76200787,1533953.22943767],[12121796.07749751,1533957.10366056],[12121798.80793659,1533959.90315995],[12121803.29125201,1533961.21858607],[12121809.19034733,1533960.78011177],[12121813.10060855,1533961.92689462],[12121814.07000794,1533958.91818792]]},"properties":null,"id":"32f77a43-c3f8-467b-ae8e-e518db47cedc"},{"type":"Feature","geometry":{"type":"LineString","coordinates":[[12121822.64642011,1535176.74672822],[12121816.37771305,1535181.48908819],[12121820.26688638,1535185.71684457],[12121823.91598723,1535188.69549045],[12121830.00641885,1535185.78564271]]},"properties":null,"id":"6dc57fe7-0310-4a2b-badd-7212d7c46919"},{"type":"Feature","geometry":{"type":"LineString","coordinates":[[12121819.65346491,1535196.86295274],[12121817.01441018,1535201.71133097],[12121813.78093542,1535206.72797431],[12121814.21690975,1535210.14510823],[12121823.55402094,1535211.01756854],[12121829.80298121,1535211.19933099],[12121829.94830645,1535208.4001876],[12121833.32710645,1535205.7464568],[12121835.1799956,1535204.98305507],[12121838.55453739,1535202.18199799]]},"properties":null,"id":"76c36bd2-46aa-4530-8a63-ddc1a4fbe249"},{"type":"Feature","geometry":{"type":"LineString","coordinates":[[12121823.91598723,1535188.69549045],[12121822.12349082,1535192.88709899],[12121819.65346491,1535196.86295274],[12121826.74136606,1535196.86295274],[12121834.79580106,1535199.44188396],[12121838.55453739,1535202.18199799],[12121845.03809317,1535196.35853097],[12121848.29666342,1535192.34662195],[12121849.34374038,1535190.92283699],[12121852.64605955,1535188.23644987],[12121853.89332184,1535186.48044052]]},"properties":null,"id":"e5012af6-a695-4f5f-8fb6-124f56bb76e6"},{"type":"Feature","geometry":{"type":"LineString","coordinates":[[12121836.00207031,1535382.6035557],[12121836.86350292,1535376.15007274],[12121837.78001345,1535367.764776],[12121838.61992058,1535359.37375736],[12121839.40982824,1535350.80650458],[12121840.25252001,1535341.31068644],[12121840.7367616,1535336.7911124],[12121841.46749132,1535331.26244727],[12121842.36009462,1535326.18798489],[12121843.55982817,1535321.43224464],[12121846.11879008,1535316.44647241],[12121850.01141355,1535310.28781327],[12121853.30249072,1535305.57015057],[12121858.39871677,1535298.89347401],[12121862.33434552,1535293.33624378],[12121865.8954686,1535288.28048501],[12121870.78442807,1535281.29203482],[12121874.04769281,1535275.11816632],[12121875.85977948,1535270.43284757],[12121877.49018613,1535264.74938534],[12121879.55939107,1535257.54052436],[12121881.17031886,1535250.25844469],[12121882.36151202,1535242.40571646],[12121882.78326489,1535234.59894247],[12121882.99656192,1535228.30132809]]},"properties":{"color":"#c026d3"},"id":"2f1d2337-493c-497c-a9f7-f8daa92e279b"},{"type":"Feature","geometry":{"type":"LineString","coordinates":[[12121859.00724197,1535306.42456551],[12121866.83907347,1535290.65931136]]},"properties":{"color":"#c026d3"},"id":"b04dfebf-2dbc-43ed-bb31-83a14e2f6b61"},{"type":"Feature","geometry":{"type":"LineString","coordinates":[[12121844.10155603,1535129.92333794],[12121849.24739233,1535136.6767483],[12121859.50288759,1535140.55328169],[12121867.29403472,1535142.83516989],[12121870.01803747,1535146.95914074],[12121871.37176045,1535162.78266884],[12121873.96998075,1535181.19430594],[12121875.68155245,1535198.17054692],[12121878.12405528,1535214.13712559],[12121878.22332868,1535230.2743559],[12121876.84587526,1535243.75611105],[12121874.8436812,1535257.07677109],[12121871.50084136,1535266.97206142],[12121867.30874293,1535276.27060936],[12121859.39292789,1535288.02669954],[12121851.35149519,1535300.04141786],[12121843.46159956,1535312.01631806],[12121838.71048183,1535320.81035036],[12121837.29945486,1535324.13606986],[12121835.67185755,1535342.07164923],[12121835.25093999,1535348.39791586],[12121833.24093757,1535367.07210206],[12121832.02800413,1535378.13643826],[12121829.35516734,1535390.100183],[12121826.81726003,1535389.3947952]]},"properties":{"color":"#c026d3"},"id":"ef7aeab8-1e88-44b9-9570-a20162533245"},{"type":"Feature","geometry":{"type":"LineString","coordinates":[[12121820.53942125,1535140.20325593],[12121820.02206274,1535142.74974265],[12121818.11586516,1535146.17775637],[12121819.22352107,1535146.71902175],[12121823.8086969,1535146.56437443],[12121826.87406844,1535145.89423686],[12121829.03786024,1535146.07465832],[12121830.17127321,1535141.64143775],[12121830.53551212,1535137.21565855]]},"properties":null,"id":"31b27441-462c-40fd-bed0-d84fdafbc7bb"},{"type":"Feature","geometry":{"type":"LineString","coordinates":[[12121818.11586516,1535146.17775637],[12121816.94894757,1535151.31918487],[12121815.85277653,1535156.64656358],[12121817.69277771,1535156.13732849],[12121821.25532911,1535157.4300015],[12121826.30554079,1535157.97840639],[12121829.2025617,1535158.40929889],[12121828.38043192,1535154.96217162],[12121827.51915681,1535151.75007662],[12121829.03786024,1535146.07465832]]},"properties":null,"id":"fdea371a-67e2-4ebb-8aae-eb884c5c4554"},{"type":"Feature","geometry":{"type":"LineString","coordinates":[[12121879.57796565,1535228.2487029],[12121879.80322499,1535222.2670284],[12121879.87435438,1535216.40887079],[12121879.55941712,1535210.19492896],[12121879.12321069,1535204.41288507],[12121878.29423448,1535196.45306937],[12121877.53928761,1535188.79915385],[12121876.61297242,1535180.7844395],[12121875.75572002,1535173.97304627],[12121873.84863495,1535167.52117078],[12121872.43703967,1535163.63845903],[12121871.73189947,1535157.79782997],[12121871.21258969,1535150.80859461],[12121871.10386221,1535146.56602123]]},"properties":{"color":"#c026d3"},"id":"391c8dcf-f655-4fc6-9534-789a709cae99"},{"type":"Feature","geometry":{"type":"LineString","coordinates":[[12121815.85277653,1535156.64656358],[12121814.14544161,1535164.46702042],[12121818.96076035,1535164.34950503],[12121825.73352225,1535163.87944198],[12121829.41352162,1535162.97848868],[12121829.2025617,1535158.40929889]]},"properties":null,"id":"4a7fded3-098c-45ac-a300-139b7c2cc1d5"},{"type":"Feature","geometry":{"type":"LineString","coordinates":[[12121825.62866335,1535174.33793851],[12121822.64642011,1535176.74672822],[12121830.00641885,1535185.78564271],[12121842.18173632,1535181.47673493],[12121846.76215913,1535180.34074936],[12121849.38513579,1535183.70953104],[12121852.64055749,1535184.60018833],[12121853.89332184,1535186.48044052],[12121855.22438582,1535185.65783131],[12121853.69757722,1535181.50561021],[12121854.87204491,1535175.86485663],[12121856.47216801,1535168.72145504],[12121856.00238212,1535164.96095141],[12121853.5751471,1535160.57370103],[12121846.99812981,1535155.63804127],[12121840.06876863,1535158.18421449],[12121840.38196121,1535160.8479031],[12121839.79472736,1535162.88484198],[12121836.62366519,1535164.53005966],[12121835.72323876,1535167.66381281],[12121832.78599178,1535168.40311473]]},"properties":null,"id":"1e77b029-ab69-4b0d-994f-e4ab5a332108"},{"type":"Feature","geometry":{"type":"LineString","coordinates":[[12121817.27549126,1535164.39063316],[12121819.98429512,1535171.14514743],[12121824.13408037,1535173.76966325],[12121826.09152653,1535174.51392987],[12121830.98514192,1535170.94928796],[12121832.78599178,1535168.40311473],[12121829.96727051,1535166.44451995],[12121829.41352162,1535162.97848868]]},"properties":null,"id":"9b4b7603-945c-45bc-a646-9278e55fc031"},{"type":"Feature","geometry":{"type":"LineString","coordinates":[[12121816.37771305,1535181.48908819],[12121813.64088833,1535176.9250355],[12121811.7683223,1535172.16881232],[12121814.14544161,1535164.46702042]]},"properties":null,"id":"9349c069-a091-4477-a552-955611bb3554"},{"type":"Feature","geometry":{"type":"LineString","coordinates":[[12121944.43529871,1535172.13461876],[12121949.17870988,1535174.60528505],[12121951.13648036,1535178.37908757],[12121954.18830287,1535177.48605067],[12121956.86584239,1535179.6754321],[12121954.9899883,1535191.81226081],[12121957.66583337,1535200.61628487],[12121956.0062659,1535208.67168171],[12121955.22626799,1535215.63484378],[12121951.00798335,1535224.64749417],[12121927.95549528,1535246.00311659],[12121913.13504456,1535263.11904219],[12121903.76459908,1535286.9580355],[12121892.3862949,1535307.48419332],[12121883.47388877,1535303.08229701],[12121876.68528949,1535307.10471945],[12121873.66008032,1535313.23490445]]},"properties":{"color":"#c026d3"},"id":"9c28907a-4c21-4fe0-a08d-e8f1d89731af"},{"type":"Feature","geometry":{"type":"LineString","coordinates":[[12121871.10386221,1535146.56602123],[12121870.66917745,1535140.10079412],[12121868.93958589,1535131.31732866],[12121865.78406535,1535119.09587541],[12121861.66692161,1535108.02507201],[12121856.39524258,1535094.63050721],[12121851.49269798,1535082.61634107],[12121846.88652711,1535071.27172525],[12121841.133923,1535056.12488052],[12121837.37651236,1535046.01203636],[12121835.69243612,1535040.23861691],[12121835.17903918,1535036.91512046],[12121834.6268829,1535032.85439012],[12121836.48412549,1535024.60182676],[12121840.54985676,1535015.0480879]]},"properties":{"color":"#c026d3"},"id":"060370eb-02dc-4350-8b99-832462df18ac"},{"type":"Feature","geometry":{"type":"LineString","coordinates":[[12121842.81237358,1535019.37892004],[12121840.85150065,1535027.58360655],[12121839.65205306,1535035.55643161],[12121840.40130242,1535041.77509174],[12121842.97835529,1535049.82541656],[12121847.21847582,1535060.04411137],[12121850.56139822,1535068.50468221],[12121853.84659263,1535077.19365072],[12121857.55159462,1535086.48852974],[12121860.99444181,1535096.08703452],[12121863.92641574,1535104.61347293],[12121868.62618151,1535117.50325044]]},"properties":{"color":"#c026d3"},"id":"a31681d9-b835-45ee-9e6f-07aee994178a"},{"type":"Feature","geometry":{"type":"LineString","coordinates":[[12121877.56038358,1534983.52471537],[12121872.74947993,1534990.25536007],[12121864.64320325,1534998.36639065],[12121853.96226401,1535007.39826309],[12121848.59560899,1535016.07256115],[12121844.82814181,1535021.83679615],[12121841.07176292,1535032.02794809],[12121841.10929139,1535037.36020034],[12121843.00143401,1535045.94931618],[12121844.6638085,1535051.5219046],[12121849.69270152,1535064.25171652],[12121854.65262496,1535076.11761575],[12121856.34143213,1535081.1119078],[12121861.39063454,1535093.91563608],[12121864.69319191,1535098.23400915],[12121878.70466399,1535101.81717667],[12121891.45940192,1535105.22234419],[12121898.14565996,1535106.03946407],[12121903.35000551,1535114.25577306],[12121908.79981244,1535115.50349367]]},"properties":{"color":"#c026d3"},"id":"a8189a00-893f-48b4-a5bc-e311bbc797d1"},{"type":"Feature","geometry":{"type":"LineString","coordinates":[[12121866.83907347,1535290.65931136],[12121871.34468616,1535282.81097628],[12121876.14975741,1535275.61000912],[12121880.34053893,1535262.1006126],[12121883.91745065,1535244.22592515],[12121885.16085821,1535225.7431664],[12121885.39344571,1535208.54580061],[12121883.85122181,1535192.7670926],[12121881.12297724,1535175.91981765],[12121878.20853091,1535155.4772842],[12121875.6834077,1535136.24774303],[12121875.26701418,1535122.48266328],[12121881.0625346,1535115.98118573],[12121891.45940192,1535105.22234419]]},"properties":{"color":"#c026d3"},"id":"bf1088f9-6892-4517-ae31-cefd7d75cdf1"},{"type":"Feature","geometry":{"type":"LineString","coordinates":[[12121815.24627198,1535135.1496595],[12121817.56115629,1535135.66881554],[12121818.56887188,1535136.65420544],[12121821.93555794,1535132.82722483],[12121824.51442257,1535130.71824109],[12121828.636894,1535128.58704783],[12121827.42305624,1535125.10380678],[12121825.98607934,1535122.76003054]]},"properties":null,"id":"3ec479c0-8aa9-47e8-9e08-979684f46b7a"},{"type":"Feature","geometry":{"type":"LineString","coordinates":[[12121903.35000551,1535114.25577306],[12121896.37737061,1535116.11933258],[12121894.06265958,1535123.06753515],[12121892.35553821,1535142.88834952],[12121893.96882231,1535152.43335254],[12121898.50541782,1535159.57969032],[12121907.55382639,1535165.7558689],[12121906.43154436,1535177.61693855],[12121912.18324311,1535184.14403506],[12121913.44581374,1535188.98672336],[12121923.12171039,1535187.38029637],[12121941.35881077,1535183.94128647],[12121946.13263953,1535193.47247105],[12121946.3430644,1535199.29773036],[12121948.58763382,1535203.9298663],[12121944.58949706,1535220.07215263],[12121931.29770649,1535232.06930569],[12121921.40697126,1535239.37942953],[12121919.58325694,1535244.78358411],[12121902.74901043,1535259.80292985],[12121895.39981031,1535277.93234391],[12121892.16058486,1535290.93127433],[12121876.93962244,1535294.93175184],[12121870.83720755,1535293.60703241],[12121866.83907347,1535290.65931136]]},"properties":{"color":"#c026d3"},"id":"5b807bc6-af29-4e49-98d5-c820db8815ee"},{"type":"Feature","geometry":{"type":"LineString","coordinates":[[12121871.94334089,1535128.42455491],[12121869.94009495,1535121.53963091],[12121868.62618151,1535117.50325044]]},"properties":{"color":"#c026d3"},"id":"5f33dc3e-91db-420b-8e79-763f1fed12a5"},{"type":"Feature","geometry":{"type":"LineString","coordinates":[[12121871.94334089,1535128.42455491],[12121874.17037209,1535141.7575615],[12121875.90565702,1535150.88691387],[12121877.30585082,1535161.77883415],[12121879.20668007,1535173.81150509],[12121881.04539452,1535186.88247894],[12121882.14752675,1535198.35784855],[12121882.61122439,1535204.05436799],[12121883.26936766,1535209.25035658],[12121883.32088984,1535220.82665177],[12121882.99656192,1535228.30132809]]},"properties":{"color":"#c026d3"},"id":"e6c51cbb-1720-49db-834b-c097efbcbe0f"},{"type":"Feature","geometry":{"type":"LineString","coordinates":[[12121818.56887188,1535136.65420544],[12121820.53942125,1535140.20325593],[12121823.68754195,1535138.51461321],[12121827.25757405,1535137.70276616],[12121830.53551212,1535137.21565855],[12121830.47060096,1535133.28631935],[12121830.14605259,1535130.46109138],[12121828.636894,1535128.58704783]]},"properties":null,"id":"dd19945b-2187-4b3d-a64c-b37eb5d0d321"},{"type":"Feature","geometry":{"type":"LineString","coordinates":[[12121785.75522476,1535130.26582181],[12121789.06836763,1535132.53430924],[12121793.85576209,1535134.6727928],[12121793.38557208,1535129.83981762],[12121793.0436172,1535128.25734048],[12121793.21459301,1535126.16162514],[12121792.4024465,1535123.71306036],[12121791.61167033,1535122.77212527],[12121790.16018281,1535119.71853131]]},"properties":null,"id":"e2e6da37-963e-4a71-ad71-91f364ed3247"},{"type":"Feature","geometry":{"type":"LineString","coordinates":[[12121752.6957761,1535120.06535137],[12121765.18612381,1535137.57785952],[12121776.41701893,1535149.90284591],[12121787.64792326,1535151.83618045],[12121799.24110919,1535157.27367607],[12121799.05288114,1535181.66942952],[12121799.17364167,1535200.15691371],[12121790.59951506,1535212.2402373],[12121785.40672935,1535217.19439814],[12121780.42947762,1535218.28555675],[12121775.1159406,1535237.13553972],[12121769.07782197,1535242.81470274],[12121764.12655732,1535251.03136186],[12121763.76427573,1535262.51051928],[12121756.51853338,1535258.64385711],[12121747.74518273,1535252.50420859],[12121738.1445732,1535245.01254935],[12121725.88719054,1535240.541721],[12121717.34237401,1535230.64825237],[12121706.77566641,1535226.17741942],[12121706.17185455,1535222.97534143],[12121710.15701192,1535221.04200689],[12121725.82419139,1535212.92959046],[12121734.33793773,1535203.38376528],[12121742.68892511,1535189.21874512],[12121753.01394536,1535169.21139993],[12121756.96266923,1535154.05937474],[12121757.94894207,1535141.57366645],[12121755.59407489,1535131.18200769],[12121752.6957761,1535120.06535137]]},"properties":null,"id":"4ec11092-a787-43fb-96a3-1b402c690b47"},{"type":"Feature","geometry":{"type":"LineString","coordinates":[[12121814.21690975,1535210.14510823],[12121812.80539119,1535213.92255808],[12121813.08868472,1535216.64377092],[12121809.96814293,1535226.87757505],[12121813.22601858,1535227.41614959],[12121822.09310711,1535226.73584516],[12121822.39637332,1535219.61141339],[12121823.55402094,1535211.01756854]]},"properties":null,"id":"2874a011-e24a-4696-b372-33f651414c68"},{"type":"Feature","geometry":{"type":"LineString","coordinates":[[12121643.96937632,1535292.26855149],[12121643.29379599,1535288.13714791],[12121640.15781337,1535282.34960859],[12121641.96971338,1535270.98371494],[12121637.5793409,1535267.14860082],[12121638.26751434,1535263.37449568],[12121645.00424079,1535256.98702477],[12121648.55835336,1535255.66215987],[12121652.11246593,1535256.91729378],[12121652.8430231,1535241.56492202],[12121653.8186632,1535236.33521733],[12121648.80109314,1535229.29254409],[12121651.65832068,1535224.41148905],[12121659.15727098,1535224.2571739],[12121678.58041411,1535224.52906185],[12121678.88915456,1535227.00808859],[12121676.69410427,1535232.54286054],[12121683.36400752,1535238.51311097],[12121685.47125378,1535244.26751676],[12121683.62741288,1535258.19737744],[12121680.85653657,1535284.69318391],[12121680.85653657,1535284.69318391],[12121680.11499645,1535296.44604241],[12121680.11499645,1535296.44604241]]},"properties":null,"id":"833f7932-1159-4211-8713-c8889a97b85d"},{"type":"Feature","geometry":{"type":"LineString","coordinates":[[12121781.80756307,1535280.10696151],[12121763.78373405,1535268.16547897],[12121743.03105844,1535253.69683639],[12121734.46508966,1535246.67433711],[12121724.21428518,1535242.89416858],[12121716.9688411,1535233.9386578],[12121711.42820357,1535230.81133878],[12121705.60343523,1535229.31875229],[12121699.68189788,1535225.66927656],[12121678.58041411,1535224.52906185]]},"properties":null,"id":"c274f690-62b4-46e1-ab5e-81f99447864e"},{"type":"Feature","geometry":{"type":"LineString","coordinates":[[12121733.7650271,1535300.91569589],[12121740.84880318,1535294.60217735],[12121746.999268,1535291.49971779],[12121756.41795882,1535288.30638564],[12121770.27355176,1535282.23126992],[12121776.43253182,1535280.41605273],[12121781.80756307,1535280.10696151],[12121795.15247198,1535284.80514946],[12121807.50887471,1535288.8233353],[12121818.21563655,1535291.546881],[12121820.74315949,1535292.34384738],[12121822.21832794,1535316.24896014],[12121818.9236202,1535315.80518563],[12121818.60670691,1535331.97077649],[12121818.43085052,1535334.27197422],[12121819.12444051,1535340.06241742],[12121817.20345147,1535344.95834846],[12121817.88169038,1535350.43182644],[12121818.74702587,1535355.73026787],[12121819.33679806,1535362.00912677],[12121819.12664001,1535367.92646699],[12121821.52336713,1535380.06839261],[12121823.45238606,1535385.33868021],[12121824.72851215,1535387.88474191],[12121826.81726003,1535389.3947952],[12121825.50037543,1535401.30056346]]},"properties":null,"id":"efc407a8-de89-4932-9130-27ee5dc1a8b6"},{"type":"Feature","geometry":{"type":"LineString","coordinates":[[12121771.30566858,1535263.71548284],[12121771.68831212,1535266.70288209],[12121774.21321107,1535269.14181797],[12121780.87456207,1535273.22851326],[12121789.16031274,1535277.75066519],[12121801.11510963,1535281.993706],[12121811.97776822,1535286.43652238],[12121813.84106965,1535284.37378529],[12121814.59432329,1535278.14591114],[12121813.54419182,1535266.35664413],[12121813.306324,1535256.71732027],[12121809.84004324,1535247.35222982],[12121805.87556952,1535246.0431861],[12121802.78327881,1535246.83654611],[12121795.61520499,1535253.0857401],[12121791.84895497,1535256.77486537],[12121785.64296785,1535256.58353612],[12121778.29564475,1535259.52733881],[12121775.8964274,1535261.22291191],[12121771.30566858,1535263.71548284]]},"properties":null,"id":"16b845d0-f082-48a4-8974-26e4f0289062"},{"type":"Feature","geometry":{"type":"LineString","coordinates":[[12121879.57796565,1535228.2487029],[12121879.31387215,1535235.29164923],[12121878.67986233,1535242.04470186],[12121877.8516208,1535248.88287723],[12121876.5660716,1535254.42590431],[12121874.92325371,1535260.69577908],[12121872.84660175,1535267.84155211],[12121870.81122007,1535272.67387572],[12121869.68922031,1535274.63852948],[12121867.37028568,1535278.74923912],[12121863.80367436,1535284.1733955],[12121859.80809066,1535289.76083663],[12121856.4809188,1535294.37543349],[12121852.0500543,1535300.95176513],[12121847.28397651,1535308.02493848],[12121843.57036517,1535314.07047839],[12121840.5665658,1535319.41591986],[12121839.26080248,1535321.95692694],[12121838.2264577,1535326.30723128],[12121837.18769986,1535334.95665529],[12121836.85897949,1535340.98135302],[12121836.10680357,1535347.87017778],[12121835.47892047,1535356.17837317],[12121834.83654015,1535365.30830181],[12121833.50515023,1535374.43338386],[12121832.1484164,1535383.66600699],[12121830.59163648,1535391.34820694],[12121826.80616264,1535404.79527338],[12121823.27992344,1535415.08972502],[12121820.30220575,1535420.9651199],[12121816.08585351,1535427.38163429],[12121810.10258729,1535434.62145789],[12121804.45989233,1535440.96301403],[12121798.35591693,1535447.59038181],[12121793.74203844,1535453.48803847],[12121787.20581593,1535463.92102574],[12121781.32912869,1535473.73076745],[12121776.32481691,1535484.29918771],[12121773.68905443,1535490.09189336],[12121768.46793429,1535500.89191909],[12121765.99464277,1535505.42569235],[12121762.43041217,1535511.41830467],[12121758.25138537,1535517.36478674],[12121754.50709082,1535521.38185903],[12121751.19203933,1535524.19310753],[12121746.84324435,1535529.53605496]]},"properties":{"color":"#c026d3"},"id":"b28498c5-a670-4d54-b38f-5efcf2c3273f"},{"type":"Feature","geometry":{"type":"LineString","coordinates":[[12121768.74518892,1535260.53152874],[12121775.99913257,1535256.8120032],[12121782.20570741,1535251.9500555],[12121787.75896219,1535252.44033619],[12121791.20014176,1535250.2317117],[12121801.12727044,1535243.09536357],[12121806.2956417,1535241.48948964],[12121810.47186492,1535244.27790765],[12121815.24891525,1535248.76748384],[12121818.55038249,1535258.33199607],[12121820.21366294,1535269.97091079],[12121818.86253241,1535283.00737164],[12121818.21563655,1535291.546881]]},"properties":{"color":"#c026d3"},"id":"b45479c1-187a-417e-a62c-576da2e2cb5d"},{"type":"Feature","geometry":{"type":"LineString","coordinates":[[12121780.23371481,1535116.06565476],[12121780.96753802,1535113.07344718],[12121786.22613243,1535105.63920375],[12121782.73686901,1535103.87685527]]},"properties":null,"id":"9b960687-b066-4099-99a7-90c6e017c5c1"},{"type":"Feature","geometry":{"type":"LineString","coordinates":[[12121786.9087234,1535120.96452735],[12121789.87072179,1535119.81326532],[12121788.27617871,1535115.84154715],[12121788.47973668,1535110.37618828],[12121790.17605746,1535108.47519468],[12121787.90298865,1535107.11734174],[12121786.22613243,1535105.63920375]]},"properties":null,"id":"f8509e2e-0dda-4a28-b2f0-f7ec5401fdbd"},{"type":"Feature","geometry":{"type":"LineString","coordinates":[[12121789.87072179,1535119.81326532],[12121793.23165012,1535118.71330998],[12121792.82453417,1535116.40496024],[12121794.35122287,1535113.1121666],[12121795.84398567,1535110.36251491],[12121792.82453417,1535109.58174844],[12121790.17605746,1535108.47519468]]},"properties":null,"id":"272e63c9-900e-4d30-8177-ebdf70176d91"},{"type":"Feature","geometry":{"type":"LineString","coordinates":[[12121796.87569372,1535124.53041534],[12121798.01691257,1535117.54103491],[12121799.4459689,1535110.59225278],[12121796.86364035,1535110.91836966],[12121795.84398567,1535110.36251491]]},"properties":null,"id":"298a7f7e-ecce-47a4-b378-1dea9b625676"},{"type":"Feature","geometry":{"type":"LineString","coordinates":[[12121799.4459689,1535110.59225278],[12121801.85343212,1535110.97796037],[12121804.48590412,1535110.87761465],[12121802.7455102,1535120.90957074],[12121801.87770809,1535128.13111926],[12121802.92408555,1535133.27712171],[12121801.93775553,1535134.84666405]]},"properties":null,"id":"36785e54-c9e4-4ef6-9e7c-f764f08bb01f"},{"type":"Feature","geometry":{"type":"LineString","coordinates":[[12121811.71625118,1535135.68543387],[12121815.24627198,1535135.1496595],[12121816.16231465,1535132.17867708],[12121819.1631425,1535127.56417276],[12121822.51143656,1535124.78282644],[12121825.98607934,1535122.76003054],[12121822.99027571,1535118.39599384],[12121820.46326278,1535116.81568398],[12121815.19198134,1535112.96517173]]},"properties":null,"id":"6a5cda37-94a5-48b4-9a12-ad640dcc36b3"},{"type":"Feature","geometry":{"type":"LineString","coordinates":[[12121793.85576209,1535134.6727928],[12121796.22046265,1535135.49543494],[12121799.07402633,1535137.51565116],[12121803.03132871,1535136.6806282],[12121801.11997753,1535133.47521897],[12121798.481778,1535130.05431973],[12121797.14489788,1535126.81999344],[12121796.87569372,1535124.53041534],[12121793.23165012,1535118.71330998]]},"properties":null,"id":"92ce13ae-43cf-44d1-9950-bb74c6b4e97b"},{"type":"Feature","geometry":{"type":"LineString","coordinates":[[12121803.03132871,1535136.6806282],[12121808.8158043,1535136.43793862],[12121808.8158043,1535136.43793862],[12121808.8158043,1535135.38433346],[12121807.28646493,1535132.67506079],[12121806.6095429,1535128.82857016],[12121806.88532509,1535123.86157098],[12121807.50524771,1535118.00743813],[12121809.48586843,1535111.68580238],[12121804.48590412,1535110.87761465]]},"properties":null,"id":"9e22088a-29f4-4ca9-90d7-40f74b799fc3"},{"type":"Feature","geometry":{"type":"LineString","coordinates":[[12121809.48586843,1535111.68580238],[12121812.7643064,1535111.85017374],[12121815.19198134,1535112.96517173],[12121812.72450601,1535118.14194245],[12121811.92854682,1535124.91156494],[12121811.13961411,1535131.22015133],[12121811.71625118,1535135.68543387],[12121808.8158043,1535136.43793862]]},"properties":null,"id":"0064922e-3158-4867-9818-84f1ecde710a"},{"type":"Feature","geometry":{"type":"LineString","coordinates":[[12121771.42137175,1535040.68379638],[12121775.9103246,1535045.33023076],[12121780.78273555,1535049.39308163],[12121784.12094944,1535054.99843187],[12121786.51542836,1535063.62773071],[12121788.74090624,1535071.03754156],[12121792.8081562,1535079.67592243],[12121797.60085114,1535085.904079],[12121809.34215873,1535095.84781579],[12121820.24975905,1535102.39388745],[12121830.41788541,1535109.30459214],[12121836.3111027,1535114.95901966],[12121840.455095,1535122.82954299],[12121844.10155603,1535129.92333794]]},"properties":{"color":"#c026d3"},"id":"0c108023-e305-4d88-adbf-7ff401714f5d"},{"type":"Feature","geometry":{"type":"LineString","coordinates":[[12121763.68783862,1535094.67669425],[12121763.90630978,1535096.99890857],[12121763.90630978,1535096.99890857],[12121769.84300344,1535111.59796759],[12121769.84300344,1535111.59796759],[12121776.01658453,1535121.46439905],[12121776.01658453,1535121.46439905],[12121776.01658453,1535121.46439905],[12121782.59830707,1535128.55917989],[12121785.75522476,1535130.26582181],[12121787.07835548,1535126.09042298],[12121787.48547143,1535124.08759067],[12121786.9087234,1535120.96452735],[12121783.61969327,1535118.10476479],[12121781.07521211,1535116.33955571],[12121778.25932118,1535115.42300472],[12121776.35944243,1535110.63657232],[12121773.20428475,1535110.12737747],[12121770.83766728,1535101.2715183],[12121769.10742061,1535097.53742271],[12121776.50338022,1535093.59964711],[12121773.51556669,1535088.76162243]]},"properties":null,"id":"5d97f73a-049e-43a6-8a40-74642d954cd2"},{"type":"Feature","geometry":{"type":"LineString","coordinates":[[12121771.42137175,1535040.68379638],[12121766.27489959,1535024.59491556],[12121763.69998543,1535016.53673128],[12121761.32479794,1535007.53395009],[12121756.44889682,1534999.69503492],[12121747.01534988,1534987.30551597],[12121737.97303228,1534984.81914688],[12121719.31454889,1534989.39210389],[12121712.01148694,1534995.7934297],[12121684.76126177,1535006.37501935],[12121666.06347064,1535012.64028019],[12121657.58127699,1535019.27767981],[12121654.12703578,1535026.20339469],[12121654.01746239,1535034.09712661],[12121658.78379847,1535042.04567633],[12121678.77849871,1535047.66512421],[12121701.82569625,1535051.56149869],[12121720.19609292,1535055.4770337],[12121733.1802455,1535061.28769756],[12121743.80673689,1535067.08744974]]},"properties":{"color":"#c026d3"},"id":"7e8e2801-c499-40b5-8edc-453a3c5f2c1a"},{"type":"Feature","geometry":{"type":"LineString","coordinates":[[12121743.80673689,1535067.08744974],[12121747.91714868,1535079.9555044],[12121749.25118181,1535094.49549215],[12121747.46865612,1535103.6191521]]},"properties":{"color":"#c026d3"},"id":"c82f2f21-43dc-473f-8493-52bf45e00d56"},{"type":"Feature","geometry":{"type":"LineString","coordinates":[[12121619.13599275,1535049.78047432],[12121623.77371531,1535060.42221381],[12121632.24122901,1535062.09788429],[12121638.48837474,1535067.67089467],[12121649.2994618,1535071.70460748],[12121666.98715708,1535071.93053977],[12121676.62065435,1535071.15795837],[12121678.05072448,1535072.73949015],[12121688.28700943,1535073.11604492],[12121696.49108477,1535075.67661567],[12121719.79004753,1535081.7742806],[12121734.69287393,1535089.75724069],[12121739.4346839,1535091.71532437],[12121739.13361559,1535093.74872216],[12121741.61741617,1535096.23398023],[12121742.52062107,1535090.05848566],[12121742.52062107,1535081.17179067],[12121741.01694674,1535075.12967683],[12121737.46081382,1535069.34163916],[12121716.35277294,1535059.60524852],[12121704.14191668,1535056.41098366],[12121697.23626776,1535055.96644717],[12121678.43505206,1535052.05353164],[12121660.93088243,1535048.75644596],[12121655.70220356,1535047.60137876],[12121650.60933251,1535043.11702858],[12121646.76784144,1535034.29084763],[12121649.82356407,1535023.62351446],[12121658.48830714,1535011.77247951],[12121664.30377598,1535007.5794659],[12121674.17871604,1535005.07526086],[12121678.49283041,1535004.0195519],[12121703.7064295,1534994.53195201],[12121702.73667411,1534991.72879479],[12121696.35232834,1534988.96834855],[12121697.25789013,1534987.90802607],[12121694.75314314,1534986.88626018],[12121683.98536425,1534984.29269929],[12121675.60284324,1534986.38518804],[12121670.16144803,1534989.83522549],[12121663.50013565,1534994.5282234],[12121655.77719257,1535000.2203613],[12121651.20179881,1535004.50829216],[12121643.36124958,1535014.67447599],[12121635.18073763,1535024.60243879],[12121626.92207947,1535036.40650691],[12121619.13599275,1535049.78047432]]},"properties":null,"id":"4d85d8d0-321b-4bd9-9cc6-eea5049fe7d4"},{"type":"Feature","geometry":{"type":"LineString","coordinates":[[12121763.53817817,1535089.11103633],[12121765.73320441,1535087.01455486],[12121768.95091068,1535085.81656396],[12121771.39232712,1535085.04934224],[12121773.51556669,1535088.76162243],[12121768.47698625,1535091.85642822],[12121763.68783862,1535094.67669425],[12121763.33862964,1535093.25408189],[12121763.66289553,1535090.80818749],[12121763.53817817,1535089.11103633]]},"properties":null,"id":"1217eae3-6a59-492a-9f84-793b729645c1"},{"type":"Feature","geometry":{"type":"LineString","coordinates":[[12121770.83766728,1535101.2715183],[12121778.15368833,1535098.26316502],[12121778.15368833,1535096.93925789],[12121776.50338022,1535093.59964711]]},"properties":null,"id":"a63c7ebb-0637-4816-8ff6-2b25f478582f"},{"type":"Feature","geometry":{"type":"LineString","coordinates":[[12121776.35944243,1535110.63657232],[12121782.73686901,1535103.87685527],[12121779.75134341,1535102.92635847],[12121778.15368833,1535098.26316502]]},"properties":null,"id":"a748327c-c67a-47b3-8db2-e0bc176d3bda"},{"type":"Feature","geometry":{"type":"LineString","coordinates":[[12121747.46865612,1535103.6191521],[12121751.96781954,1535110.35042481],[12121759.9921599,1535121.5739825],[12121770.36128659,1535136.76847116],[12121774.09315884,1535141.70300222],[12121780.29772253,1535145.20154898],[12121789.99541808,1535147.40410813],[12121794.55457405,1535148.91328427],[12121802.71306284,1535150.21666407],[12121801.66805572,1535169.44423489],[12121803.05416076,1535187.43167813],[12121802.85686712,1535195.08032379],[12121800.88393829,1535203.1740775],[12121793.1000056,1535214.61165028],[12121785.1126025,1535222.92221279],[12121780.74766194,1535232.7723202],[12121781.69873705,1535237.90640167],[12121779.87882669,1535242.07702784],[12121775.83597613,1535243.44082209],[12121769.88018701,1535250.27139608],[12121767.84502029,1535256.14551766],[12121768.74518892,1535260.53152874]]},"properties":{"color":"#c026d3"},"id":"8a6fb733-e593-45f3-ac2a-ea8aa8e77714"},{"type":"Feature","geometry":{"type":"LineString","coordinates":[[12121526.30605225,1535077.49316497],[12121532.7455665,1535078.25316262],[12121537.81137771,1535082.85405693],[12121540.77293126,1535086.36321497],[12121545.45388015,1535104.15693968],[12121539.06316684,1535114.99634015],[12121536.98725909,1535122.30004269],[12121523.17049115,1535125.07018714],[12121518.26054867,1535137.39123628],[12121517.30696223,1535155.95014636],[12121519.78225953,1535175.8030392],[12121520.06294164,1535191.10031211],[12121522.30715315,1535203.64019748],[12121519.36008131,1535220.68699892],[12121505.31576125,1535234.21002786],[12121494.83447604,1535249.65714276],[12121486.91320921,1535274.40832294],[12121478.65353383,1535279.83578409],[12121478.75790104,1535315.50301933],[12121482.93705511,1535341.8696108],[12121455.56440706,1535365.38477719],[12121439.13740898,1535375.89368442],[12121407.12996792,1535386.37169274],[12121372.31767494,1535401.33017187],[12121364.70620281,1535399.61204489],[12121354.74567051,1535399.98116997],[12121340.83555459,1535401.93794736]]},"properties":{"color":"#c026d3"},"id":"7d819e2c-dd49-41a6-9db3-30a8d29bf46c"},{"type":"Feature","geometry":{"type":"LineString","coordinates":[[12121218.97447597,1535077.86072535],[12121235.86935566,1535089.04879896],[12121233.1227301,1535109.34355865],[12121224.03769942,1535117.58830275],[12121227.20689392,1535134.50059174],[12121263.33570799,1535142.95673623],[12121313.65620587,1535140.87926667],[12121322.41079625,1535144.44334739],[12121368.59573875,1535136.31961257],[12121376.71720024,1535170.36794664],[12121371.20614169,1535183.55219601],[12121374.1750681,1535211.15067825],[12121340.46589125,1535220.86456919],[12121318.34796242,1535238.89952673],[12121289.71217276,1535248.6739975],[12121278.50686726,1535241.58271916],[12121271.89860698,1535232.67070611],[12121274.09973347,1535216.55349014],[12121270.55617732,1535204.95829563],[12121267.39570279,1535202.85007745],[12121267.77879172,1535185.98433931],[12121283.79995733,1535160.87799798],[12121269.03412265,1535150.4924703],[12121251.71989958,1535170.32284493],[12121241.10138589,1535177.08405695],[12121236.8781112,1535187.10512721],[12121242.06670029,1535201.11047787],[12121234.70613768,1535209.07903865],[12121223.96695163,1535210.52786914],[12121216.60638902,1535205.57770329]]},"properties":null,"id":"2dedad1b-1cb5-4703-8fb5-26a8ed28d471"},{"type":"Feature","geometry":{"type":"LineString","coordinates":[[12121574.0454098,1535156.95994122],[12121576.50943348,1535147.63244753],[12121614.18779514,1535150.43472706],[12121624.66566132,1535140.58227938],[12121636.21655967,1535134.64555667],[12121638.9598591,1535143.48960748],[12121642.76450094,1535152.42536155],[12121642.24358702,1535160.28462474],[12121640.05680627,1535170.18692837],[12121634.32671595,1535189.1100068],[12121623.43024808,1535195.39385556],[12121617.66333046,1535198.62771864],[12121613.93815009,1535201.81625022],[12121610.77327658,1535206.33202189],[12121609.85872891,1535210.90743746],[12121611.10715474,1535216.67965028],[12121615.08344369,1535222.17015018],[12121618.74162831,1535225.43262072],[12121624.49441014,1535226.25032203],[12121635.16124308,1535225.79277923],[12121634.92265522,1535227.46387732],[12121627.3829543,1535231.5010183],[12121618.2544743,1535236.75807495],[12121612.45996737,1535240.11459203],[12121605.69996078,1535242.66102512],[12121596.48902219,1535246.47504052],[12121591.99560484,1535248.02677619],[12121587.20806532,1535251.19755559],[12121584.54382865,1535253.10738306],[12121577.08619825,1535260.021673]]},"properties":null,"id":"6bb4f894-2f67-4863-b447-6bb272fd71fd"},{"type":"Feature","geometry":{"type":"LineString","coordinates":[[12121530.16119481,1535312.01257237],[12121537.72009963,1535308.4579411],[12121542.47250038,1535308.816825],[12121563.09614407,1535300.47280679],[12121566.68286471,1535297.15313583],[12121583.89912106,1535294.82040757],[12121581.86492786,1535306.73338141],[12121581.34302767,1535322.12512683],[12121582.38766203,1535330.60326487],[12121574.26155502,1535350.41990681],[12121569.30618345,1535365.59127699],[12121559.67230969,1535378.71497503],[12121555.45658339,1535380.59635167]]},"properties":null,"id":"344b17e3-948c-436a-9794-eb32e154d330"},{"type":"Feature","geometry":{"type":"LineString","coordinates":[[12121577.08619825,1535260.021673],[12121567.71387047,1535255.61170392],[12121557.17347368,1535251.00831298],[12121545.0606079,1535250.37041909],[12121539.88668506,1535249.55189836],[12121532.02656878,1535245.41861117],[12121526.32780553,1535235.60230671],[12121528.04899926,1535231.75605347],[12121538.77441838,1535229.85131605],[12121547.67480521,1535217.64961699],[12121552.57208486,1535213.48480678],[12121568.23840369,1535174.26487196],[12121571.70998458,1535159.04410673],[12121574.0454098,1535156.95994122]]},"properties":null,"id":"ad86ffaa-c637-49e4-9117-fa5fae898e46"},{"type":"Feature","geometry":{"type":"LineString","coordinates":[[12121588.50190706,1535295.37851853],[12121585.38892304,1535317.3998199],[12121585.91124242,1535333.58206531],[12121580.74206592,1535345.79385577],[12121575.76550637,1535360.74685222],[12121569.10183118,1535372.95995238],[12121562.02151544,1535382.19299497],[12121552.33840858,1535385.87109176],[12121534.63400066,1535387.56870442],[12121520.71608215,1535393.98452764],[12121514.8545087,1535397.06220777],[12121506.72955417,1535403.97247257],[12121497.82960791,1535418.7695287],[12121487.9517337,1535429.50469582],[12121480.63927551,1535434.67287728],[12121468.17406463,1535441.4197218],[12121457.50501954,1535452.52595452],[12121450.18937778,1535464.54522834],[12121446.00331133,1535477.02180217],[12121444.6684956,1535484.62890075],[12121446.00331133,1535488.75183155],[12121448.09258446,1535487.93885843],[12121452.50327318,1535479.9252744],[12121456.5847948,1535476.76394246],[12121471.09719057,1535465.88821969],[12121491.72894608,1535452.25682422],[12121513.45733418,1535439.63562155],[12121535.64741403,1535431.28668418],[12121548.84905827,1535427.29234301],[12121565.21503633,1535426.36323056],[12121575.49855034,1535425.59973826],[12121585.0163551,1535424.03186281],[12121590.64970337,1535422.26720586],[12121594.90538494,1535414.10709835],[12121596.47223264,1535408.62044723],[12121596.76240959,1535394.14067172],[12121594.47813478,1535380.79157189],[12121595.69687707,1535369.77796899],[12121600.88404996,1535354.11519798],[12121609.16131775,1535336.40968735],[12121613.21423573,1535330.50868235],[12121624.70524241,1535321.44984765],[12121635.1915344,1535313.82214199],[12121640.34760674,1535308.17915073],[12121641.27617209,1535301.44309381],[12121641.45028003,1535296.04263147],[12121635.73777521,1535287.2961089],[12121632.7199323,1535285.61208969],[12121629.64405931,1535285.78630201],[12121618.97204664,1535290.07334752],[12121608.00335715,1535294.60276598],[12121603.65070294,1535296.6932651],[12121597.55365971,1535296.69761591],[12121588.50190706,1535295.37851853]]},"properties":null,"id":"210c54bb-6481-455e-906d-fe92fb17d2eb"},{"type":"Feature","geometry":{"type":"LineString","coordinates":[[12121526.32780553,1535235.60230671],[12121507.98067653,1535250.5720481],[12121496.52629775,1535267.03653866],[12121489.19192238,1535288.8619713],[12121485.750106,1535312.4804647],[12121485.75793177,1535324.28699927],[12121488.2344809,1535346.39835569],[12121505.95128933,1535332.29283575],[12121516.73030079,1535318.37014013],[12121527.30473746,1535305.88131893],[12121535.8773874,1535302.92678603],[12121548.3553542,1535301.21125068],[12121561.88799572,1535293.34373708],[12121573.59479687,1535292.32700905],[12121580.64177784,1535287.41259119],[12121578.03463088,1535278.64165885],[12121577.87573753,1535267.91560842],[12121579.28824769,1535261.38732294],[12121577.08619825,1535260.021673]]},"properties":{"color":"#c026d3"},"id":"94669bdb-5fcd-4557-a936-ed746c30f48c"},{"type":"Feature","geometry":{"type":"LineString","coordinates":[[12121642.89487242,1535229.24540395],[12121645.71453157,1535230.28306677],[12121647.34596282,1535234.51330093],[12121648.23930512,1535244.85660267],[12121644.79355903,1535252.773696],[12121639.22980177,1535257.8009773],[12121633.74212972,1535263.93034247],[12121637.18787582,1535268.65505886],[12121638.9107513,1535272.67745574],[12121635.97548304,1535280.33916038],[12121619.59978146,1535285.16514021],[12121606.45490291,1535290.97526525],[12121598.73388242,1535291.99682489],[12121587.6020868,1535289.81379627],[12121582.81632969,1535283.49289141],[12121582.31419974,1535276.30319366],[12121584.80022502,1535264.45112932],[12121589.58598212,1535257.36405351],[12121601.46173208,1535251.19041592],[12121634.77109934,1535233.12126504],[12121642.89487242,1535229.24540395]]},"properties":null,"id":"957a19fd-dcf4-4e56-903d-c65716bb0a10"},{"type":"Feature","geometry":{"type":"LineString","coordinates":[[12121602.43370293,1535405.44410303],[12121605.72902842,1535405.93602115],[12121608.61608516,1535406.43536601],[12121612.30436105,1535404.73301493],[12121620.9217099,1535402.51005205],[12121627.06442692,1535399.74883423],[12121639.12167329,1535399.98982509],[12121643.27793428,1535400.88097484],[12121650.50390165,1535399.14340657],[12121660.17357587,1535392.39612601],[12121669.15738479,1535389.58131994],[12121679.3784013,1535389.36914127],[12121684.12841478,1535390.34516281],[12121683.48381557,1535382.86238472],[12121676.3811788,1535366.85540741],[12121676.86120667,1535359.36257916],[12121678.1684478,1535342.04362341],[12121669.28546609,1535341.81803469],[12121671.30706577,1535330.25695772],[12121661.57246255,1535330.75829795],[12121658.66742373,1535327.90059831],[12121654.05890152,1535320.98376346],[12121648.93832455,1535316.82085331],[12121651.59412027,1535301.92682453],[12121645.26720468,1535291.86274175],[12121643.96937632,1535292.26855149],[12121646.40280682,1535301.03404124],[12121642.75266108,1535312.80252368],[12121633.85515683,1535321.52944232],[12121622.56004535,1535328.67677463],[12121617.96114989,1535331.69337598],[12121610.37295628,1535341.49734177],[12121604.52718421,1535357.47028268],[12121598.92918738,1535374.89491867],[12121598.588597,1535379.09177523],[12121601.80782538,1535395.04396654],[12121602.43370293,1535405.44410303]]},"properties":null,"id":"6079ed31-b2dd-4e18-96f8-82224971bf4b"},{"type":"Feature","geometry":{"type":"LineString","coordinates":[[12121303.36094131,1534973.10624189],[12121308.6418796,1534975.77575794],[12121314.94725063,1534972.32962715],[12121326.74261889,1534964.14732371],[12121329.22440451,1534959.72344479],[12121330.07218457,1534953.41437579],[12121329.80725305,1534949.11996746],[12121319.48168254,1534943.97631784]]},"properties":null,"id":"a775d1cc-fcfd-4a86-b1c8-ff81cacf5a63"},{"type":"Feature","geometry":{"type":"LineString","coordinates":[[12121307.61423997,1534964.4657891],[12121313.76220124,1534964.58504226],[12121315.88804469,1534962.69105689],[12121311.40339007,1534957.32962576],[12121299.95868461,1534944.18919432]]},"properties":null,"id":"b730bbb5-f9b5-41b0-b084-f2634c8ff210"},{"type":"Feature","geometry":{"type":"LineString","coordinates":[[12121292.69120454,1534950.1906479],[12121297.19914764,1534956.35789326],[12121302.08995444,1534962.00043869],[12121306.03597363,1534965.44828143],[12121306.99643824,1534965.74207088],[12121309.33650842,1534960.90785177],[12121305.16725898,1534959.51728603],[12121300.46857896,1534954.48476306],[12121295.11696378,1534947.836615]]},"properties":null,"id":"4cfccfee-ba09-45eb-ab7c-45693022dd2a"},{"type":"Feature","geometry":{"type":"LineString","coordinates":[[12121329.80725305,1534949.11996746],[12121343.1721328,1534949.32362248],[12121342.41174693,1534968.82224614],[12121332.99553289,1534984.34127642],[12121324.68348075,1534994.60580037],[12121323.86529535,1534999.51777665],[12121319.39675575,1534997.37666032],[12121318.51563412,1535003.35920197],[12121320.59256334,1535005.50032309],[12121311.34079819,1535022.31441429],[12121305.00384316,1535020.65022411],[12121298.26956565,1535024.30272755],[12121295.24857856,1535032.99315598],[12121289.28484387,1535033.30631886]]},"properties":null,"id":"525ddcaf-247c-4e5c-bbb5-9037772ae3a4"},{"type":"Feature","geometry":{"type":"LineString","coordinates":[[12121532.72703965,1534985.11024277],[12121528.29014645,1534974.62492721],[12121523.6175647,1534968.6557498]]},"properties":{"color":"#c026d3"},"id":"8748b150-5b38-4971-80d8-cf1e6dbc6c91"},{"type":"Feature","geometry":{"type":"LineString","coordinates":[[12121531.55728293,1534984.66961607],[12121532.72703965,1534985.11024277],[12121532.35650902,1534995.89901072],[12121531.35607462,1535013.42222726],[12121530.89370288,1535033.48580839],[12121536.58982908,1535045.37206211],[12121547.50593833,1535055.33113676],[12121556.58858032,1535061.41835173],[12121569.69102989,1535062.22141997],[12121587.43336007,1535060.33106993],[12121610.29568605,1535055.69431254],[12121613.48040814,1535056.66649215],[12121615.80147372,1535059.63704221],[12121614.2687479,1535068.98215328],[12121613.89089714,1535080.16222393],[12121614.1897443,1535094.31006033],[12121623.88465108,1535106.20128243],[12121627.22903985,1535108.37976789],[12121631.11793226,1535114.26517031],[12121634.0740245,1535124.36416282],[12121636.21655967,1535134.64555667]]},"properties":null,"id":"0b36b7d2-d2be-4309-a8ac-a68b57c94293"},{"type":"Feature","geometry":{"type":"LineString","coordinates":[[12121485.6607781,1534980.6975193],[12121498.22315189,1534981.64977296],[12121505.64637739,1534979.36436635],[12121514.02129809,1534983.45905636],[12121519.82663739,1534986.12536589],[12121516.85834872,1535000.12016754],[12121509.56329344,1535002.26448385],[12121505.66634577,1535007.06354157],[12121506.86540659,1535018.10137182],[12121516.42493569,1535032.91289028],[12121515.9851108,1535048.18214649],[12121518.88602131,1535060.59790598],[12121527.51926014,1535065.39696371],[12121528.0501968,1535075.79066405],[12121532.7455665,1535078.25316262]]},"properties":{"color":"#c026d3"},"id":"c142367d-d067-4d36-8aef-87d653030076"},{"type":"Feature","geometry":{"type":"LineString","coordinates":[[12121528.04899926,1535231.75605347],[12121530.13530327,1535228.19005724],[12121527.29449084,1535223.11907414],[12121523.57521539,1535221.585879],[12121527.60965915,1535205.64991703],[12121526.03158352,1535196.26364472],[12121525.02938398,1535173.61492571],[12121526.24750656,1535155.05538399],[12121521.51529015,1535141.93340893],[12121525.10978832,1535134.12613491],[12121533.52830931,1535129.64544486],[12121546.74932561,1535129.50619672],[12121545.9454095,1535111.31467048],[12121550.86847373,1535104.36988365],[12121543.23996974,1535082.07994425],[12121536.93920684,1535078.13624594],[12121530.17309001,1535062.83177179],[12121523.32300886,1535036.29375735],[12121522.03074267,1535017.20779408],[12121515.95403692,1535011.94317278],[12121515.28708065,1535004.67651139],[12121521.88252702,1535001.33977885],[12121522.17895266,1534990.6622308],[12121531.55728293,1534984.66961607]]},"properties":null,"id":"e56f7a1e-7cda-487c-a1b6-16b27bddd5d7"},{"type":"Feature","geometry":{"type":"LineString","coordinates":[[12121303.19398099,1535372.6699861],[12121287.07361273,1535378.23281622],[12121276.68586604,1535369.41013555],[12121268.47229836,1535354.90709731],[12121256.8309435,1535342.16368805],[12121259.26587592,1535334.3216621],[12121276.50191996,1535325.62861242],[12121285.41833273,1535325.97323756],[12121301.39755098,1535304.12215336],[12121319.44131353,1535279.08086469],[12121345.07858374,1535294.01546415],[12121373.53681106,1535313.43019001],[12121390.12136807,1535311.76535166],[12121401.00245327,1535312.60284703],[12121416.77301782,1535287.46908789],[12121424.84938994,1535266.28586278],[12121412.7507281,1535245.58890626],[12121397.92010106,1535234.78483039],[12121404.75893533,1535209.58033914],[12121419.19927879,1535186.67050192],[12121422.09883991,1535181.03200901],[12121416.86429021,1535169.87482672],[12121422.37677172,1535151.0978016],[12121419.50219145,1535137.80056785],[12121422.35633936,1535129.601591],[12121435.11147718,1535129.3448913],[12121444.04220666,1535113.22330347],[12121468.85212922,1535104.50958147],[12121468.25125007,1535081.7280971],[12121472.0494517,1535073.38889666],[12121490.84392575,1535064.19014563],[12121505.93968403,1535061.78087482],[12121518.91772314,1535070.43798779],[12121526.30605225,1535077.49316497]]},"properties":{"color":"#c026d3"},"id":"31a5e9b0-b0e2-465a-8fba-d64306489350"},{"type":"Feature","geometry":{"type":"LineString","coordinates":[[12121193.38491009,1534939.72204772],[12121196.83320148,1534939.60925651],[12121194.82269631,1534931.51626829],[12121193.28233373,1534927.11996174]]},"properties":{"color":"#c026d3"},"id":"8175b578-aa00-44fa-be1f-c664afe83e6c"},{"type":"Feature","geometry":{"type":"LineString","coordinates":[[12121279.64114931,1534933.94679397],[12121281.88019764,1534939.61465583],[12121284.80465983,1534946.55387875],[12121290.23580391,1534952.57344572],[12121288.02157016,1534947.13911504],[12121286.64289385,1534943.83671401],[12121285.72377844,1534943.50229236],[12121285.05532738,1534939.53105042],[12121284.40254723,1534936.46901435],[12121283.47382343,1534935.0770431],[12121282.99337543,1534933.09142054],[12121280.83544731,1534929.07628635]]},"properties":null,"id":"7db527d2-e3c5-4eed-b570-890b0a5c7533"},{"type":"Feature","geometry":{"type":"LineString","coordinates":[[12121288.02157016,1534947.13911504],[12121298.14560282,1534937.9018137],[12121305.92023926,1534929.99276629],[12121300.71133422,1534927.87292933]]},"properties":null,"id":"50ee8273-bb79-4ecc-99c7-922ee628dcc1"},{"type":"Feature","geometry":{"type":"LineString","coordinates":[[12121286.64289385,1534943.83671401],[12121297.51054701,1534933.09669372],[12121300.71133422,1534927.87292933],[12121297.57269725,1534926.66027067]]},"properties":null,"id":"cc294517-e027-442d-ad20-fdf602c7419f"},{"type":"Feature","geometry":{"type":"LineString","coordinates":[[12121290.23580391,1534952.57344572],[12121296.13427821,1534946.84938116],[12121303.51585476,1534941.71489212],[12121311.68066547,1534935.46413051],[12121310.31501772,1534932.73123784],[12121305.92023926,1534929.99276629]]},"properties":null,"id":"47b5db04-4784-49d3-9be8-b765c9f12615"},{"type":"Feature","geometry":{"type":"LineString","coordinates":[[12121217.53082751,1534952.02099417],[12121228.78172763,1534950.11063069],[12121246.87739819,1534934.29139721],[12121274.82535746,1534934.736255]]},"properties":null,"id":"1d3bc1e1-d25d-4ffe-a27f-370e52df801d"},{"type":"Feature","geometry":{"type":"LineString","coordinates":[[12121217.64382042,1535011.88749669],[12121238.97728353,1535029.93255712],[12121289.28484387,1535033.30631886],[12121291.67031094,1535018.09675296],[12121296.0589804,1534996.17337528],[12121299.05306944,1534989.99662296],[12121302.05262515,1534988.68753878],[12121301.6058824,1534980.13059702],[12121303.36094131,1534973.10624189],[12121299.6854272,1534970.81332248],[12121285.22786835,1534950.82079721],[12121276.75825957,1534935.89292963],[12121274.82535746,1534934.736255]]},"properties":null,"id":"a31d0b1c-3d62-4ad7-a7b7-b124c3a99b93"},{"type":"Feature","geometry":{"type":"LineString","coordinates":[[12121315.69079761,1534962.86679094],[12121322.57855485,1534957.5680812],[12121322.81685959,1534948.92022276],[12121318.09923725,1534941.9270479],[12121311.68066547,1534935.46413051]]},"properties":null,"id":"18eb9de2-1fa3-47c4-829e-47f1cc589e1c"},{"type":"Feature","geometry":{"type":"LineString","coordinates":[[12121196.83320148,1534939.60925651],[12121201.29090408,1534940.47635949],[12121204.35629138,1534938.58092356]]},"properties":{"color":"#c026d3"},"id":"43ff9551-d7c4-490d-89af-c409ac22b5b5"},{"type":"Feature","geometry":{"type":"LineString","coordinates":[[12121434.0276103,1534964.2533531],[12121442.04529512,1534966.11669989],[12121449.99743267,1534969.47733561],[12121466.12344474,1534971.17354456],[12121472.38728354,1534971.92343692],[12121486.75593795,1534974.82235912],[12121497.17788997,1534972.87188354],[12121501.75863089,1534970.75645366],[12121508.25780286,1534972.24508878],[12121516.8432885,1534968.96667893],[12121520.8208436,1534972.07597028],[12121523.6175647,1534968.6557498],[12121521.56664348,1534962.4371671],[12121515.31238869,1534952.78283951],[12121509.9722032,1534944.20494692],[12121503.2408421,1534935.82797792],[12121495.07032688,1534928.36264667],[12121488.52452837,1534922.60837164],[12121481.93669503,1534917.85115611],[12121474.12314154,1534913.42062148]]},"properties":null,"id":"a117a5d2-8055-411b-8242-cb8d06d221ba"},{"type":"Feature","geometry":{"type":"LineString","coordinates":[[12121343.1721328,1534949.32362248],[12121358.53406208,1534943.51606904],[12121362.30215383,1534938.74983246],[12121359.88488968,1534928.22143102],[12121366.99450288,1534920.25399114],[12121376.87686089,1534918.40440809],[12121383.12981498,1534930.49991402],[12121393.96378433,1534950.17262731],[12121401.13951193,1534958.76412154],[12121418.60152624,1534971.90414841],[12121441.84996466,1534974.67852569],[12121446.52156625,1534979.16065804],[12121467.82008286,1534978.98844506],[12121479.40874912,1534978.70389257],[12121485.6607781,1534980.6975193]]},"properties":{"color":"#c026d3"},"id":"7583425b-f4cc-4101-80b4-a3b8f8a251ea"},{"type":"Feature","geometry":{"type":"LineString","coordinates":[[12121289.54804176,1534919.34535824],[12121294.71339541,1534923.85203296],[12121290.92217379,1534929.51110908],[12121284.40254723,1534936.46901435]]},"properties":null,"id":"de2c05e8-0195-417d-985c-b934f5cbaad9"},{"type":"Feature","geometry":{"type":"LineString","coordinates":[[12121285.21417885,1534940.47478087],[12121297.57269725,1534926.66027067],[12121294.71339541,1534923.85203296]]},"properties":null,"id":"c039f450-1fa9-4861-a717-93dab5c918c9"},{"type":"Feature","geometry":{"type":"LineString","coordinates":[[12121731.32388519,1534920.71719085],[12121738.02735799,1534920.86558929],[12121743.48504937,1534925.79226654],[12121755.79920391,1534944.83352712],[12121765.08006483,1534963.05077272],[12121780.55503346,1534980.66125877],[12121794.3654497,1534990.7088008],[12121804.04885293,1534995.94502011],[12121814.90491838,1534996.5979524],[12121820.54057983,1535000.21876508],[12121824.84963693,1535005.85123548],[12121827.75644816,1535011.13405721],[12121831.61242705,1535015.94202115],[12121838.55319176,1535017.3666013],[12121833.48319903,1535029.92592231],[12121833.91684546,1535040.18908882],[12121839.34556402,1535054.28440058],[12121845.98417089,1535071.97412974],[12121856.48739728,1535097.30432246],[12121862.81928015,1535113.31151378],[12121863.94839953,1535116.57323408],[12121865.77859236,1535121.86725911],[12121867.10672015,1535129.95003865],[12121860.66578632,1535131.99086414],[12121853.31238851,1535131.45380469],[12121849.28680487,1535129.3055669],[12121844.29507952,1535122.48491151],[12121840.61041729,1535117.07401161],[12121836.19653528,1535110.67200883],[12121830.77413988,1535105.92534463],[12121824.86878219,1535102.19622759],[12121817.34457857,1535097.38879612],[12121810.59117851,1535092.76977065],[12121804.27568223,1535087.84139822],[12121797.87395042,1535081.42017052],[12121793.58303799,1535074.5264961],[12121790.55647076,1535066.59867646],[12121787.89731601,1535055.04874765],[12121786.17579817,1535050.45941097],[12121782.33815215,1535046.07527578],[12121777.14804342,1535041.14012332],[12121774.21692675,1535036.81645919],[12121771.63552074,1535028.10958065],[12121769.91810994,1535015.18055501],[12121768.3165718,1535009.91959001],[12121766.23155118,1535009.5567671],[12121762.64820979,1535001.73619284],[12121757.92346562,1534990.42184113],[12121749.7153953,1534982.7572806],[12121737.87503352,1534979.17642474],[12121728.28091706,1534981.69064373],[12121714.80346842,1534985.80481948],[12121709.5495457,1534985.65244486],[12121702.16359451,1534985.04293476],[12121697.06196286,1534983.13822296],[12121690.36130986,1534979.63355441],[12121688.97863984,1534966.61234237],[12121693.28672801,1534959.2312563],[12121710.27408737,1534940.97258154],[12121725.47352681,1534924.42942918],[12121731.32388519,1534920.71719085]]},"properties":null,"id":"0ba7606d-4ec6-49a9-afe0-81ff411e9d6b"},{"type":"Feature","geometry":{"type":"LineString","coordinates":[[12121351.16121405,1534871.68765817],[12121350.4332323,1534868.93522577],[12121354.35541682,1534869.48349896],[12121358.13340557,1534869.45464288],[12121363.26685223,1534871.76316436],[12121367.24671727,1534873.60998088],[12121371.87674312,1534877.67115747],[12121375.02025945,1534881.99963524],[12121376.75063517,1534885.9241213],[12121379.92475704,1534890.12202127],[12121383.29898882,1534893.90222474],[12121384.84453864,1534897.90148791],[12121382.04966137,1534896.83369302]]},"properties":null,"id":"31e7db5d-1407-4322-8eb4-f821794f5015"},{"type":"Feature","geometry":{"type":"LineString","coordinates":[[12121408.48709282,1534870.30579867],[12121415.5833552,1534875.25491829],[12121423.73082898,1534880.11158054],[12121428.2379439,1534883.58062595],[12121433.25985687,1534887.68408534],[12121441.79737336,1534892.02039045],[12121455.99400316,1534898.59845651],[12121477.20965663,1534909.85231797],[12121484.8604516,1534915.67084315],[12121496.3882624,1534924.64700178],[12121507.5790248,1534934.62625607],[12121518.13025044,1534949.17159631],[12121525.64788438,1534962.178857]]},"properties":{"color":"#c026d3"},"id":"a68fb898-930a-4ba4-9fc2-80a599d67c00"},{"type":"Feature","geometry":{"type":"LineString","coordinates":[[12121351.16121405,1534871.68765817],[12121352.23814526,1534874.97012343],[12121356.24137597,1534875.86025395],[12121360.39287602,1534877.09654425],[12121366.08615661,1534881.70149865],[12121367.32172188,1534884.86640256],[12121375.82240941,1534895.15233746],[12121382.04966137,1534896.83369302],[12121379.67737455,1534893.91604717],[12121376.51432671,1534888.87198426],[12121373.49954821,1534885.55872588],[12121371.42379819,1534882.53599554],[12121369.19978071,1534879.14855994],[12121362.45428078,1534874.60530308],[12121356.5235675,1534872.15744791],[12121351.16121405,1534871.68765817]]},"properties":null,"id":"f9ed800a-f9f1-407d-9763-52af868772ef"},{"type":"Feature","geometry":{"type":"LineString","coordinates":[[12121337.12707936,1534917.5295849],[12121344.25195847,1534909.20329798],[12121345.29636721,1534902.21620888]]},"properties":{"color":"#c026d3"},"id":"1c35155b-4059-416d-b7c0-250eb9701639"},{"type":"Feature","geometry":{"type":"LineString","coordinates":[[12121337.12707936,1534917.5295849],[12121332.28415194,1534933.95712785],[12121343.47664743,1534939.25005379],[12121355.8450794,1534927.54331755],[12121368.36060369,1534912.196753],[12121369.49150803,1534909.18648348],[12121378.20867308,1534895.7966277]]},"properties":{"color":"#c026d3"},"id":"c4272222-3476-41f3-b05b-b89fa5219c44"},{"type":"Feature","geometry":{"type":"LineString","coordinates":[[12121369.49150803,1534909.18648348],[12121373.21789459,1534911.09036343],[12121381.11397415,1534914.15789968],[12121386.30935726,1534915.18390615],[12121391.70982341,1534924.07596488],[12121395.1278393,1534938.09805337],[12121404.32549381,1534944.56844895],[12121406.7864642,1534956.53852189],[12121420.62657844,1534960.91638847],[12121434.0276103,1534964.2533531],[12121437.5241309,1534959.14422648],[12121442.59780541,1534952.36745651],[12121447.64842918,1534945.57583359],[12121450.1461567,1534940.36199606],[12121460.73552366,1534936.5479645],[12121466.17765564,1534928.58394424],[12121469.92425186,1534923.49937509],[12121474.12314154,1534913.42062148],[12121454.53720109,1534903.58612893],[12121443.57813008,1534898.0192507],[12121432.57163759,1534895.24696091]]},"properties":null,"id":"89db8063-87a9-4412-8178-331cc4d3e25f"},{"type":"Feature","geometry":{"type":"LineString","coordinates":[[12121423.38113544,1534929.03013649],[12121425.65991269,1534926.86635572],[12121426.65978296,1534925.26097006],[12121424.11434046,1534921.44452866],[12121421.95182733,1534916.23284025],[12121417.69656023,1534909.60189639],[12121412.91303679,1534902.76095586],[12121404.30001015,1534892.7550777],[12121400.62860423,1534888.1217526],[12121398.11749949,1534884.21329794],[12121385.15199422,1534871.87872139],[12121382.66394337,1534874.24380217]]},"properties":null,"id":"d946ca66-f06f-4abc-886f-ac90a44a6d4d"},{"type":"Feature","geometry":{"type":"LineString","coordinates":[[12121964.72169023,1534901.22647502],[12121961.07789006,1534904.84761239],[12121957.22091381,1534908.18008897],[12121952.61718363,1534910.9951302],[12121945.37204431,1534914.66779643],[12121937.2198012,1534918.74430167],[12121929.94004087,1534922.88232411],[12121918.88209636,1534929.29219808],[12121912.4583613,1534933.68960628],[12121905.85248139,1534937.64300154],[12121899.3616584,1534942.57013191],[12121894.19861833,1534946.76553785],[12121888.9210823,1534953.0613558],[12121884.82179907,1534959.15336569],[12121881.64216733,1534965.96433634],[12121877.1811487,1534976.28929753],[12121874.84043381,1534981.44397135],[12121872.22378333,1534984.92832342],[12121866.22536532,1534991.77648616],[12121861.00901871,1534996.80001548],[12121855.73363861,1535002.42362225],[12121849.70689579,1535008.43961333],[12121845.88152802,1535013.78820894],[12121842.81237358,1535019.37892004]]},"properties":null,"id":"0a11be10-f0d8-4bfd-9869-93386fdc24ff"},{"type":"Feature","geometry":{"type":"LineString","coordinates":[[12121941.50687857,1534908.87509502],[12121921.34555695,1534920.40712573],[12121899.6573064,1534935.05847448],[12121883.76913537,1534949.36400302],[12121877.32291875,1534961.2181966],[12121870.95052714,1534974.43657192],[12121860.78475659,1534989.16637573],[12121848.19837634,1535003.18381448],[12121842.64485112,1535009.19235908],[12121838.55319176,1535017.3666013]]},"properties":{"color":"#c026d3"},"id":"00a0ee69-be39-4c70-961b-cb6dc45b838d"},{"type":"Feature","geometry":{"type":"LineString","coordinates":[[12121347.87622662,1534861.56283895],[12121349.77454136,1534860.196904],[12121355.01598368,1534860.15996994],[12121365.16665814,1534861.48956647],[12121368.82942717,1534862.57203886],[12121372.50337194,1534863.89822763],[12121376.71121958,1534866.4728011],[12121380.50143024,1534871.40529307],[12121382.66394337,1534874.24380217],[12121387.05822544,1534878.87247098],[12121391.35999747,1534882.80450418],[12121393.4455104,1534886.20413591],[12121397.95655818,1534891.32275855],[12121403.0122378,1534897.58294453],[12121405.29513903,1534901.50576394],[12121409.08227891,1534905.27134805],[12121412.96550121,1534911.0879638],[12121417.79087209,1534918.35490298],[12121420.45128025,1534923.32985263],[12121423.38113544,1534929.03013649],[12121420.72455184,1534931.01996461]]},"properties":null,"id":"0991abd0-6153-41ad-9b47-1583e1b037f9"},{"type":"Feature","geometry":{"type":"LineString","coordinates":[[12121651.25602165,1534860.6188619],[12121652.69119573,1534857.40778776],[12121662.92803878,1534854.68362485],[12121673.70939903,1534851.63256323],[12121683.61953507,1534853.10360954],[12121696.81989192,1534854.03970836],[12121707.54679755,1534847.66516259],[12121715.55113787,1534851.75140695],[12121727.68027702,1534855.39451849],[12121729.95299136,1534854.33620227]]},"properties":{"color":"#c026d3"},"id":"23498e20-496d-4f35-8d1c-2e6f8f4819e4"},{"type":"Feature","geometry":{"type":"LineString","coordinates":[[12121360.18118737,1534846.16311918],[12121363.14252355,1534848.72276555],[12121380.62882723,1534854.03069439],[12121392.6149775,1534858.83337319],[12121408.48709282,1534870.30579867]]},"properties":{"color":"#c026d3"},"id":"9a8b400d-ad9c-4cf2-a7cd-907325fdf464"},{"type":"Feature","geometry":{"type":"LineString","coordinates":[[12121348.91506409,1534863.81091213],[12121348.91506409,1534863.81091213],[12121347.87622662,1534861.56283895],[12121350.6333514,1534861.85701213],[12121355.49626723,1534861.77754903],[12121360.31944353,1534863.08112271],[12121365.70699233,1534863.93271241],[12121370.68791642,1534866.11282215],[12121373.57714198,1534867.47984799],[12121378.59409153,1534873.17204776],[12121384.19495485,1534880.61383817],[12121389.13270828,1534885.12101679],[12121392.87302242,1534891.23901141],[12121394.73186719,1534893.7622089],[12121398.94252168,1534901.33686895],[12121405.5949526,1534909.34040213],[12121410.50018989,1534914.58235413],[12121413.29982673,1534916.8906084],[12121415.88677973,1534920.86812684],[12121418.46244562,1534924.74509773],[12121420.72455184,1534931.01996461],[12121418.76360044,1534931.82942106]]},"properties":null,"id":"14fe5a32-865b-4ae5-94c9-4bfd65e75dbc"},{"type":"Feature","geometry":{"type":"LineString","coordinates":[[12121347.87622662,1534861.56283895],[12121351.10526622,1534856.54051617],[12121355.86647804,1534856.35586486],[12121363.58037391,1534856.31893375],[12121372.06935271,1534857.50069958],[12121377.96901852,1534860.11989043],[12121383.59204841,1534863.80332517],[12121386.50782583,1534867.0162582],[12121394.7158665,1534872.25533543],[12121405.67826475,1534880.82710589],[12121415.10581698,1534887.35571993],[12121418.64904235,1534890.56865296],[12121421.57287263,1534892.62491009],[12121427.18297923,1534893.65895994],[12121432.57163759,1534895.24696091],[12121433.78549341,1534897.8787355],[12121434.00201733,1534905.0977311],[12121437.0665912,1534915.0936394],[12121437.64136182,1534919.66489768],[12121435.71565741,1534923.25092231],[12121432.42559313,1534926.82055566],[12121428.1049053,1534926.70156818],[12121426.65978296,1534925.26097006]]},"properties":null,"id":"9b40c7df-39df-49c3-8bcd-d37798c8f2c8"},{"type":"Feature","geometry":{"type":"LineString","coordinates":[[12121525.64788438,1534962.178857],[12121536.46554537,1534976.75129117],[12121537.37606852,1535004.0693702],[12121536.6714727,1535022.68161632],[12121538.14462268,1535036.96977237],[12121545.24650356,1535047.54002731],[12121549.06376725,1535049.7606674],[12121555.63300843,1535055.97845964],[12121566.28582977,1535058.55440011],[12121578.5755707,1535058.29881266],[12121589.93858283,1535056.25582277],[12121606.17321656,1535052.85011381],[12121602.66666219,1535045.12228732],[12121599.09109024,1535034.84581474],[12121598.24774121,1535028.31713254],[12121596.07278951,1535022.27699049],[12121597.3642507,1535013.08448179],[12121601.97227908,1535000.68045304],[12121613.1336622,1534995.04205777],[12121622.20596148,1534989.86516781],[12121620.97664897,1534983.26770466],[12121616.29954182,1534972.90283978],[12121615.85252103,1534964.12485815],[12121626.8663025,1534954.84264801],[12121634.74508824,1534949.97841596],[12121638.556174,1534941.36122148],[12121642.71478284,1534928.58500381],[12121645.52498066,1534911.52749001],[12121648.72474516,1534896.52214496],[12121650.92075072,1534877.16843497],[12121651.25602165,1534860.6188619]]},"properties":null,"id":"907993ce-17e0-4f56-b597-3684383d4880"},{"type":"Feature","geometry":{"type":"LineString","coordinates":[[12121414.81087874,1534887.15147413],[12121419.19793535,1534882.02924392],[12121412.41020046,1534877.73590659],[12121402.91623126,1534871.75470233],[12121395.6197114,1534866.68434178],[12121390.44894132,1534863.26634634],[12121383.02701768,1534859.72129006],[12121374.20011871,1534856.75689106],[12121364.00574247,1534854.71494392],[12121357.78859055,1534854.31765461],[12121351.10526622,1534856.54051617]]},"properties":null,"id":"82951f46-6232-4261-84eb-bbe68ab19279"},{"type":"Feature","geometry":{"type":"LineString","coordinates":[[12121349.43937917,1534866.45441436],[12121348.91506409,1534863.81091213],[12121354.11139494,1534863.65533185],[12121360.42726676,1534864.86730584],[12121366.25286414,1534866.16584917],[12121373.48465696,1534871.22203621],[12121378.44506869,1534876.993341],[12121380.92833973,1534881.38826308],[12121386.20598656,1534887.13071069],[12121389.39590644,1534892.52549283],[12121391.29932149,1534895.3822886],[12121394.90427091,1534905.36664409],[12121402.33990436,1534911.46953745],[12121411.71449368,1534919.35899263],[12121413.20425327,1534922.66747316],[12121415.67507331,1534926.19409614],[12121418.76360044,1534931.82942106],[12121416.43812341,1534933.10191379],[12121409.78870507,1534923.35825548],[12121404.14821134,1534917.05945712],[12121397.80768148,1534911.65424708],[12121391.0910064,1534906.68009638],[12121389.1993171,1534903.32651261]]},"properties":null,"id":"59045a38-8fb1-454a-b07b-bb2d2ae112e3"},{"type":"Feature","geometry":{"type":"LineString","coordinates":[[12121384.84453864,1534897.90148791],[12121386.48839469,1534902.57624412],[12121389.1993171,1534903.32651261],[12121389.43003474,1534901.5374099],[12121387.41126306,1534897.20893213],[12121385.56552852,1534893.42872755],[12121383.3160392,1534890.13908401],[12121382.25967046,1534887.91399337],[12121378.41868942,1534883.13935066],[12121375.76544752,1534878.78201461],[12121372.44289511,1534874.53290542],[12121365.9543703,1534870.49620503],[12121359.04296531,1534867.32010991],[12121352.5252172,1534866.36784392],[12121349.43937917,1534866.45441436],[12121350.4332323,1534868.93522577]]},"properties":null,"id":"986efea7-8f55-4c3e-a9d7-ecfa6216ad4d"},{"type":"Feature","geometry":{"type":"LineString","coordinates":[[12121254.56268075,1534900.77628255],[12121253.8612334,1534902.43629409],[12121251.87262194,1534908.45500426],[12121256.90356039,1534910.39781946],[12121261.78465674,1534914.67964811],[12121264.86041539,1534916.18497922],[12121270.77791107,1534913.50883552],[12121268.9411006,1534911.78749963]]},"properties":null,"id":"80b27ca5-8cd2-4f14-a0cd-7663634854a9"},{"type":"Feature","geometry":{"type":"LineString","coordinates":[[12121217.99095455,1534907.06583133],[12121228.5595686,1534912.91402223],[12121235.92556732,1534909.70953373],[12121232.86122813,1534902.02349235]]},"properties":{"color":"#c026d3"},"id":"86f1a594-8c29-49d5-8134-3c08e534be5a"},{"type":"Feature","geometry":{"type":"LineString","coordinates":[[12121251.87262194,1534908.45500426],[12121248.037115,1534918.11542177],[12121251.84832027,1534916.66631349],[12121253.16728967,1534916.45504264],[12121254.83592152,1534915.25388378],[12121257.7050078,1534915.15779116],[12121257.7050078,1534915.15779116],[12121259.6279439,1534916.17533345],[12121262.52445932,1534918.67313783],[12121264.96363273,1534917.2430972],[12121264.86041539,1534916.18497922]]},"properties":null,"id":"4eda70cd-aac7-47c1-8123-14bbedb3e028"},{"type":"Feature","geometry":{"type":"LineString","coordinates":[[12121268.55911974,1534914.51226751],[12121274.44008696,1534921.06762488],[12121278.76678537,1534925.11472512],[12121280.89480993,1534927.29436982],[12121280.83544731,1534929.07628635],[12121279.32045128,1534929.72942883]]},"properties":null,"id":"e336915f-5a5c-455f-9d94-fa10697cc5ba"},{"type":"Feature","geometry":{"type":"LineString","coordinates":[[12121280.89480993,1534927.29436982],[12121284.50395349,1534924.91001717],[12121277.60348157,1534918.37104541],[12121273.93572115,1534915.22076824],[12121270.77791107,1534913.50883552]]},"properties":null,"id":"8a2fb98f-fe00-4bdb-a102-b3f41d3b4a3c"},{"type":"Feature","geometry":{"type":"LineString","coordinates":[[12121284.50395349,1534924.91001717],[12121287.37335353,1534923.27508741],[12121289.54804176,1534919.34535824],[12121284.71179459,1534915.77287785],[12121272.48140454,1534907.7629699]]},"properties":null,"id":"168f8fef-adb5-45b5-bd83-872df70e2115"},{"type":"Feature","geometry":{"type":"LineString","coordinates":[[12121253.16728967,1534916.45504264],[12121253.58431908,1534917.39255065],[12121259.87053604,1534920.86510282],[12121269.03024878,1534927.75838998],[12121274.03957971,1534930.51022342],[12121274.82535746,1534934.736255],[12121276.75608745,1534932.45618252]]},"properties":null,"id":"25b4327b-cce9-4b87-8fe7-278935ab1910"},{"type":"Feature","geometry":{"type":"LineString","coordinates":[[12121262.52445932,1534918.67313783],[12121266.82188872,1534923.44036408],[12121269.87615791,1534926.19081938],[12121273.04878027,1534928.18872025],[12121276.02183962,1534930.56984573],[12121277.15191945,1534933.4731041],[12121279.64114931,1534933.94679397],[12121279.76331938,1534932.20483871],[12121279.32045128,1534929.72942883],[12121272.80122348,1534924.41055332],[12121264.89289527,1534916.51794211]]},"properties":null,"id":"3cad0ea2-cc06-4f04-b649-e91319844087"},{"type":"Feature","geometry":{"type":"LineString","coordinates":[[12121218.0733244,1534921.96145171],[12121223.55066766,1534926.45371297],[12121234.95431686,1534926.27402184],[12121240.549448,1534926.43583395]]},"properties":{"color":"#c026d3"},"id":"26dbeee5-c365-4c0d-93b6-877c22a70a8f"},{"type":"Feature","geometry":{"type":"LineString","coordinates":[[12121277.14194525,1534887.40040436],[12121276.53160195,1534883.86970874],[12121262.29910769,1534887.675029],[12121257.59197476,1534888.88490005],[12121251.41135589,1534895.76595958],[12121246.3443138,1534908.55318304],[12121248.037115,1534918.11542177]]},"properties":{"color":"#c026d3"},"id":"6c92c3e5-14a8-486a-81dd-60495c7d012b"},{"type":"Feature","geometry":{"type":"LineString","coordinates":[[12121289.06141263,1534885.79717417],[12121291.53844792,1534890.14200918],[12121283.95991983,1534895.94721467],[12121296.15039124,1534910.05080355],[12121307.40572894,1534913.6943748],[12121316.92311114,1534925.03912743],[12121332.28415194,1534933.95712785]]},"properties":{"color":"#c026d3"},"id":"9357e00a-7e2d-4c4c-bd64-be7d7ea566bc"},{"type":"Feature","geometry":{"type":"LineString","coordinates":[[12121211.74668537,1534896.91373299],[12121215.29099363,1534899.21674397],[12121218.26864905,1534894.86750045],[12121220.08262473,1534889.31964491],[12121220.62232467,1534886.25993613]]},"properties":{"color":"#c026d3"},"id":"c297ee96-5dfa-45c0-bc47-1f47c2108476"},{"type":"Feature","geometry":{"type":"LineString","coordinates":[[12121263.84945913,1534892.57183256],[12121271.57096769,1534888.21864208],[12121277.14194525,1534887.40040436],[12121277.88661762,1534902.35681206],[12121279.96406752,1534912.66350385]]},"properties":{"color":"#c026d3"},"id":"856c8642-cf6c-42ab-9d16-7f54f7539818"},{"type":"Feature","geometry":{"type":"LineString","coordinates":[[12121259.96687278,1534896.53069491],[12121257.28581793,1534898.38614451],[12121254.56268075,1534900.77628255],[12121259.01420136,1534902.7597],[12121262.35762748,1534905.14926318],[12121265.56837795,1534909.02566577],[12121268.9411006,1534911.78749963],[12121271.91303651,1534911.52199261],[12121272.13231056,1534910.07222255]]},"properties":null,"id":"81370b49-3866-4f52-b187-2388c4a2822a"},{"type":"Feature","geometry":{"type":"LineString","coordinates":[[12121272.13231056,1534910.07222255],[12121273.34589414,1534902.04438109],[12121268.72376754,1534899.56547],[12121263.84945913,1534892.57183256],[12121259.96687278,1534896.53069491],[12121264.40411432,1534902.74647807],[12121272.13231056,1534910.07222255]]},"properties":null,"id":"f379b017-9d0e-4a74-91a7-2ccf4702b140"},{"type":"Feature","geometry":{"type":"LineString","coordinates":[[12121224.66391382,1534903.04776691],[12121227.7694475,1534903.5371568],[12121232.86122813,1534902.02349235],[12121234.04193297,1534899.4761081],[12121232.60295045,1534897.55633935],[12121234.63930076,1534887.29213197]]},"properties":null,"id":"0994a842-e565-4e47-90ae-cb5c014adda6"},{"type":"Feature","geometry":{"type":"LineString","coordinates":[[12121215.29099363,1534899.21674397],[12121220.10187759,1534900.76541064]]},"properties":{"color":"#c026d3"},"id":"f8e27039-9eff-400f-bda3-f00b63a49416"},{"type":"Feature","geometry":{"type":"LineString","coordinates":[[12121217.99095455,1534907.06583133],[12121215.29099363,1534899.21674397]]},"properties":{"color":"#c026d3"},"id":"899ec0c7-b009-4288-93ab-ce0c95e5af5f"},{"type":"Feature","geometry":{"type":"LineString","coordinates":[[12121218.94829566,1534855.9829367],[12121222.73279549,1534858.21599976],[12121225.2522958,1534856.77463116],[12121228.67848445,1534859.65083368],[12121230.33111932,1534862.88653009],[12121232.64194963,1534865.99358116]]},"properties":null,"id":"24f2d9ce-1abb-4b4c-aa4d-761ea49e0fd0"},{"type":"Feature","geometry":{"type":"LineString","coordinates":[[12121220.62232467,1534886.25993613],[12121219.99688542,1534884.12482887],[12121220.21762852,1534881.47435026],[12121219.48181631,1534875.80527245],[12121221.46850983,1534870.2834412],[12121226.13000993,1534868.79130772],[12121230.83920916,1534867.79737807],[12121232.64194963,1534865.99358116],[12121235.1805023,1534868.12868842],[12121233.00985573,1534870.48466831],[12121228.3006565,1534871.58903428],[12121226.97922743,1534875.09622006],[12121225.32364997,1534886.91293538],[12121220.62232467,1534886.25993613]]},"properties":null,"id":"fbb0d501-9ece-4f51-aaa0-6965cb037378"},{"type":"Feature","geometry":{"type":"LineString","coordinates":[[12121220.4078267,1534863.43424534],[12121227.13262282,1534865.32301496],[12121232.64194963,1534865.99358116]]},"properties":null,"id":"93e24462-3427-49df-ab4b-daf880c83bef"},{"type":"Feature","geometry":{"type":"LineString","coordinates":[[12121217.85161742,1534869.37600011],[12121219.30668919,1534865.28366469],[12121220.4078267,1534863.43424534],[12121217.57633454,1534862.56855883]]},"properties":null,"id":"0b4d7d73-ef41-44fd-9e07-f17eb070277b"},{"type":"Feature","geometry":{"type":"LineString","coordinates":[[12121282.43000151,1534884.14031967],[12121315.07023936,1534892.29546551],[12121318.4067699,1534894.1292842],[12121325.31479797,1534897.32671006],[12121331.85625611,1534897.65517407],[12121342.94669731,1534902.63939657],[12121345.29636721,1534902.21620888],[12121347.07892139,1534899.32075708],[12121348.7071406,1534894.1962625],[12121350.6899843,1534884.81569851],[12121349.74962212,1534874.5626251],[12121346.03768721,1534864.13007298],[12121344.95602763,1534860.92050297],[12121340.10719862,1534862.67457012],[12121332.11816305,1534867.46434561],[12121325.31427889,1534871.98396746],[12121315.65597324,1534876.1051675],[12121305.44731197,1534879.81004758],[12121296.81929117,1534882.54326106],[12121284.22391643,1534882.74357541],[12121281.06208079,1534882.54249958],[12121281.06208079,1534882.54249958],[12121281.02445143,1534883.89836301],[12121282.43000151,1534884.14031967]]},"properties":null,"id":"638e2b13-76af-4980-b07f-04d9bef336fc"},{"type":"Feature","geometry":{"type":"LineString","coordinates":[[12121240.25311472,1534867.55104821],[12121244.3901432,1534871.13973541],[12121240.83061327,1534873.99494796],[12121238.02734395,1534877.64718123],[12121236.16799561,1534879.72200196],[12121234.0844865,1534884.7793952],[12121234.63930076,1534887.29213197],[12121229.84660759,1534886.98098762]]},"properties":null,"id":"9fefe081-5648-4350-ad2e-010264c046fe"},{"type":"Feature","geometry":{"type":"LineString","coordinates":[[12121217.65475119,1534948.50502221],[12121225.10487247,1534946.11576256],[12121231.89650451,1534935.00304737],[12121237.73301815,1534929.10290306],[12121240.549448,1534926.43583395],[12121243.49779178,1534919.75301424],[12121242.22330556,1534908.04535735],[12121246.9940238,1534894.55088239],[12121255.96612652,1534886.69196946],[12121279.61304155,1534879.467301],[12121285.56989846,1534879.10606849]]},"properties":{"color":"#c026d3"},"id":"1e819b2d-d25a-4227-884d-a57b0f733066"},{"type":"Feature","geometry":{"type":"LineString","coordinates":[[12121225.32364997,1534886.91293538],[12121224.41487097,1534891.5453242],[12121221.4348293,1534896.88309376],[12121220.10187759,1534900.76541064],[12121224.66391382,1534903.04776691],[12121227.93827869,1534896.01663711],[12121229.84660759,1534886.98098762],[12121231.73371648,1534880.51173977],[12121233.68361714,1534877.0513925],[12121236.92119196,1534873.51742196],[12121240.25311472,1534867.55104821],[12121235.1805023,1534868.12868842]]},"properties":null,"id":"a16097ae-634e-46a1-83d5-fa511e55fcb9"},{"type":"Feature","geometry":{"type":"LineString","coordinates":[[12121276.53160195,1534883.86970874],[12121281.06208079,1534882.54249958]]},"properties":{"color":"#c026d3"},"id":"f1aa72e5-553d-413d-a807-d602cc9725ee"},{"type":"Feature","geometry":{"type":"LineString","coordinates":[[12121179.32544929,1534927.17024845],[12121175.64791757,1534923.37435757],[12121174.19684192,1534921.12031626],[12121173.75166644,1534916.99519058],[12121173.3544105,1534911.18250009],[12121170.2773888,1534903.71280971],[12121167.89577668,1534896.67928671],[12121164.70309091,1534887.51334898]]},"properties":{"color":"#c026d3"},"id":"b4bf3964-66ec-4e68-af16-bb902e6a0c6f"},{"type":"Feature","geometry":{"type":"LineString","coordinates":[[12121172.03445854,1534898.23653894],[12121175.60925845,1534904.32514588],[12121174.64800378,1534905.30700219],[12121174.38766505,1534906.60946385],[12121175.808738,1534910.22985802],[12121176.42954761,1534916.8223197],[12121177.60665262,1534920.51488427],[12121180.91195753,1534925.00869817],[12121182.82954076,1534926.32149784],[12121184.44434486,1534925.38739033],[12121183.1070851,1534922.50933002],[12121180.38209981,1534918.87388492],[12121179.15884288,1534915.06463386],[12121178.57852133,1534908.87932861],[12121177.2145755,1534905.74018252],[12121175.60925845,1534904.32514588]]},"properties":{"color":"#c026d3"},"id":"21285bab-0671-4f98-8485-7892bfa4ccd5"},{"type":"Feature","geometry":{"type":"LineString","coordinates":[[12121215.19312482,1534932.27271689],[12121213.49373876,1534935.97113381],[12121209.91158797,1534936.27277903],[12121206.04570201,1534930.87865491],[12121204.44608132,1534922.24449472],[12121201.14626864,1534914.31002058],[12121193.7289373,1534903.67133258],[12121191.92183259,1534899.57844378],[12121190.00035967,1534898.4382963],[12121189.68756136,1534895.95679944],[12121187.50800528,1534892.69156067],[12121186.61435011,1534891.17771626],[12121186.6900423,1534890.50070868]]},"properties":{"color":"#c026d3"},"id":"53a023d3-cd22-41e7-afe7-dd922b7f7eee"},{"type":"Feature","geometry":{"type":"LineString","coordinates":[[12121190.00035967,1534898.4382963],[12121185.78430444,1534902.13899679],[12121186.59609885,1534904.95602299],[12121193.41022156,1534915.29515401],[12121194.83168618,1534917.00257116],[12121196.91481955,1534922.04874129],[12121196.85998447,1534923.85939022],[12121201.55966026,1534932.51799962],[12121204.35629138,1534938.58092356],[12121206.54972821,1534939.59598464],[12121209.83988346,1534937.37382654],[12121209.91158797,1534936.27277903]]},"properties":{"color":"#c026d3"},"id":"732c5487-cc80-4ced-b960-30b84abf6fd2"},{"type":"Feature","geometry":{"type":"LineString","coordinates":[[12121197.64918193,1534925.31339531],[12121193.28233373,1534927.11996174],[12121191.75729648,1534924.36256999],[12121191.48094102,1534920.97522546],[12121188.12619887,1534914.86706118],[12121185.0819782,1534910.49990577],[12121184.54653794,1534908.56428041],[12121180.95104336,1534902.40855251],[12121181.71270109,1534900.36175676],[12121184.01487069,1534899.05557509],[12121185.78430444,1534902.13899679]]},"properties":{"color":"#c026d3"},"id":"41587f24-4f27-4e8c-a343-a2785a741808"},{"type":"Feature","geometry":{"type":"LineString","coordinates":[[12121183.94479924,1534924.31226456],[12121186.02470393,1534924.27920018],[12121187.46388571,1534923.11048247],[12121184.63707473,1534917.60643111],[12121181.67403693,1534909.38392668],[12121181.09002158,1534906.56648144],[12121179.10373093,1534903.90669299]]},"properties":{"color":"#c026d3"},"id":"4cf00f27-6695-48cf-a08a-9d92ae8a6ab9"},{"type":"Feature","geometry":{"type":"LineString","coordinates":[[12121184.44434486,1534925.38739033],[12121186.62617323,1534928.76911865],[12121189.81216101,1534937.37127485],[12121191.07360781,1534939.90956006],[12121193.38491009,1534939.72204772],[12121192.10432443,1534935.22174025],[12121191.10484114,1534930.53391984],[12121189.1543897,1534924.81372852]]},"properties":{"color":"#c026d3"},"id":"537d6b31-f3eb-484a-bd1c-f23894fe04a3"},{"type":"Feature","geometry":{"type":"LineString","coordinates":[[12121191.07360781,1534939.90956006],[12121188.40991214,1534939.77721054],[12121186.45501399,1534938.3828024],[12121182.76681907,1534929.72912353],[12121179.32544929,1534927.17024845],[12121181.34812999,1534925.30730688]]},"properties":{"color":"#c026d3"},"id":"4d70b95b-3266-45b2-b144-16dff7104172"},{"type":"Feature","geometry":{"type":"LineString","coordinates":[[12121187.46388571,1534923.11048247],[12121189.42023505,1534925.08157767],[12121191.92337767,1534924.66285834]]},"properties":{"color":"#c026d3"},"id":"d10f9113-f56f-4cfa-922c-03ab735a4bda"},{"type":"Feature","geometry":{"type":"LineString","coordinates":[[12121165.49998035,1534866.54010341],[12121167.95832824,1534869.70021121],[12121175.90850628,1534874.64886271],[12121176.37072581,1534877.42380727],[12121186.50601869,1534890.27079781],[12121198.07256964,1534904.7215299],[12121201.64544395,1534908.67829608],[12121206.91803911,1534916.93891182],[12121209.21226101,1534923.86548468],[12121210.51050858,1534924.65023324],[12121215.19312482,1534932.27271689],[12121220.57431531,1534930.20053707],[12121223.55066766,1534926.45371297]]},"properties":{"color":"#c026d3"},"id":"9e3d7785-553b-4cb4-9208-9417540a1462"},{"type":"Feature","geometry":{"type":"LineString","coordinates":[[12121184.01487069,1534899.05557509],[12121181.05926417,1534892.75170539],[12121180.37381516,1534892.50479958],[12121175.63050718,1534882.79314573],[12121168.89212012,1534876.44365453],[12121167.54863964,1534873.97459009],[12121159.67968481,1534868.26830701],[12121157.75237227,1534871.63168625],[12121151.26515822,1534867.72703467]]},"properties":{"color":"#c026d3"},"id":"8d14e5f5-91b2-4784-ad09-0f02e92bd6b4"},{"type":"Feature","geometry":{"type":"LineString","coordinates":[[12121208.67562999,1534892.42529059],[12121211.74668537,1534896.91373299],[12121215.54237113,1534891.32044355],[12121216.09447035,1534887.76421611],[12121215.09378903,1534880.06480946],[12121217.16398243,1534870.8194422],[12121217.85161742,1534869.37600011]]},"properties":{"color":"#c026d3"},"id":"78afb93d-e474-4edc-a8ac-3b5be353d816"},{"type":"Feature","geometry":{"type":"LineString","coordinates":[[12121157.64833165,1534871.56906424],[12121156.78789543,1534873.88952044],[12121161.19510951,1534882.85157835],[12121164.70309091,1534887.51334898],[12121168.71880837,1534885.88892466]]},"properties":{"color":"#c026d3"},"id":"664a1072-f5a0-4835-9598-9d0a8b128b59"},{"type":"Feature","geometry":{"type":"LineString","coordinates":[[12121157.75237227,1534871.63168625],[12121160.59296705,1534874.4215939],[12121164.73650946,1534880.6060054],[12121167.2661482,1534882.67264413],[12121168.88903722,1534886.26582198],[12121174.54753477,1534881.77267544]]},"properties":{"color":"#c026d3"},"id":"a4298d59-2fce-45b7-b36c-2964bf72a897"},{"type":"Feature","geometry":{"type":"LineString","coordinates":[[12121168.88903722,1534886.26582198],[12121169.81327637,1534888.12065887],[12121172.67922495,1534891.67928616],[12121174.61287755,1534897.24180053],[12121178.90219234,1534904.07013753],[12121180.95104336,1534902.40855251]]},"properties":{"color":"#c026d3"},"id":"981e10b3-23bf-40da-82ff-670aafea44cc"},{"type":"Feature","geometry":{"type":"LineString","coordinates":[[12121209.88334819,1534877.10626546],[12121209.84884248,1534881.34228957],[12121211.36711732,1534888.83453654],[12121208.67562999,1534892.42529059],[12121203.32439563,1534884.79084765]]},"properties":{"color":"#c026d3"},"id":"caf91734-477a-42c0-9241-19216a1f35f3"},{"type":"Feature","geometry":{"type":"LineString","coordinates":[[12121172.63185135,1534883.29382947],[12121173.96487561,1534885.43662669],[12121176.20570233,1534888.80353728],[12121179.21999555,1534896.44062182],[12121181.52865292,1534900.8563477]]},"properties":{"color":"#c026d3"},"id":"286f128e-5243-4f67-9788-9189eb9fc846"},{"type":"Feature","geometry":{"type":"LineString","coordinates":[[12121167.0863108,1534886.549297],[12121169.8602341,1534892.69581259],[12121172.03445854,1534898.23653894],[12121174.49358485,1534896.8986327]]},"properties":{"color":"#c026d3"},"id":"b24c9d29-f57f-4349-ad57-e1be2005cc7e"},{"type":"Feature","geometry":{"type":"LineString","coordinates":[[12121218.0733244,1534921.96145171],[12121211.25937151,1534909.06351518],[12121203.90605413,1534897.15017277],[12121191.21333683,1534882.66961048],[12121175.40504679,1534871.34717864],[12121165.49998035,1534866.54010341],[12121158.61981722,1534865.17513744],[12121151.26515822,1534867.72703467]]},"properties":{"color":"#c026d3"},"id":"8ece71c0-326a-47a6-8eda-1232ab1d57e1"},{"type":"Feature","geometry":{"type":"LineString","coordinates":[[12121182.36539814,1534854.88779403],[12121188.31434796,1534861.26038938],[12121195.82580867,1534855.18181721],[12121200.07532421,1534854.82249371],[12121205.57281715,1534851.99332479],[12121208.23624636,1534851.54416928],[12121205.90200424,1534848.99895471],[12121200.27589127,1534847.5915994],[12121198.47723611,1534846.51195291]]},"properties":{"color":"#c026d3"},"id":"ca5ed9e2-18f2-4f96-9696-1625eb7b5853"},{"type":"Feature","geometry":{"type":"LineString","coordinates":[[12121156.53428721,1534844.59981319],[12121155.56859335,1534847.0141301],[12121154.72009699,1534853.75131322],[12121164.0609918,1534857.17383882],[12121175.22830502,1534857.88589845],[12121190.81634901,1534870.34152648],[12121194.30260048,1534866.08830931],[12121199.52639947,1534854.86890878]]},"properties":{"color":"#c026d3"},"id":"f5cca1fa-8cca-436d-8069-1ea32f8e52d4"},{"type":"Feature","geometry":{"type":"LineString","coordinates":[[12121195.72108066,1534876.09608575],[12121198.8458963,1534878.5936501],[12121201.77521285,1534876.76115737],[12121207.40506931,1534867.46615686],[12121213.66143813,1534859.66019963],[12121221.206246,1534857.3152516]]},"properties":{"color":"#c026d3"},"id":"259928e8-02fb-45a8-a786-f77ef78d6ce5"},{"type":"Feature","geometry":{"type":"LineString","coordinates":[[12121178.77527878,1534847.82850853],[12121178.3114108,1534851.94365762],[12121182.36539814,1534854.88779403],[12121188.15213643,1534854.7896564],[12121191.72367418,1534851.90696003],[12121192.89840492,1534849.8841433],[12121196.57285428,1534847.17794321],[12121197.71168341,1534846.39705262]]},"properties":{"color":"#c026d3"},"id":"69e28e03-2a44-4bd5-8912-377adda186cd"},{"type":"Feature","geometry":{"type":"LineString","coordinates":[[12121217.57633454,1534862.56855883],[12121213.88640152,1534867.53540792],[12121211.95372225,1534874.06793526],[12121209.88334819,1534877.10626546],[12121206.83706783,1534875.73403626]]},"properties":{"color":"#c026d3"},"id":"501d04e6-16d4-40f1-bba9-6a4dd3e8f858"},{"type":"Feature","geometry":{"type":"LineString","coordinates":[[12121190.81634901,1534870.34152648],[12121193.4059877,1534873.64498241],[12121196.78553123,1534871.02257599],[12121202.7514593,1534858.49712941],[12121207.61217044,1534855.35111152],[12121209.63329702,1534852.38617354]]},"properties":{"color":"#c026d3"},"id":"c99361ed-778c-44f6-853f-65a3eeea2add"},{"type":"Feature","geometry":{"type":"LineString","coordinates":[[12121198.8458963,1534878.5936501],[12121203.32439563,1534884.79084765],[12121204.87717617,1534881.09651376],[12121205.32575564,1534878.5760808],[12121211.88939852,1534866.233055],[12121214.85257713,1534862.97791196],[12121217.57633454,1534862.56855883]]},"properties":{"color":"#c026d3"},"id":"f1c97533-bebe-4b16-9827-0e2582a8c4d0"},{"type":"Feature","geometry":{"type":"LineString","coordinates":[[12121193.4059877,1534873.64498241],[12121195.72108066,1534876.09608575],[12121203.88527418,1534866.61603085],[12121209.79635963,1534859.77017132],[12121214.13018755,1534855.77333057]]},"properties":{"color":"#c026d3"},"id":"f7f2afac-55cb-44f5-bc29-d98c76b4dbfa"},{"type":"Feature","geometry":{"type":"LineString","coordinates":[[12122257.73525719,1534362.38122143],[12122260.82127453,1534362.40762157],[12122263.12851313,1534359.16783202],[12122264.75715074,1534356.10264254],[12122262.51026406,1534355.03431238]]},"properties":null,"id":"75bcb811-5e39-4918-ae8a-f8bc536a2439"},{"type":"Feature","geometry":{"type":"LineString","coordinates":[[12122264.61728818,1534362.54851208],[12122267.75853847,1534362.88560541],[12122268.84418558,1534358.89704628],[12122269.2075179,1534357.95833643],[12122270.40055269,1534356.3630725],[12122269.74875686,1534355.28567078],[12122267.90313375,1534355.36462771]]},"properties":null,"id":"5d163de4-bbad-4fb1-bafb-9bf5cf1cb227"},{"type":"Feature","geometry":{"type":"LineString","coordinates":[[12122267.75853847,1534362.88560541],[12122270.18764235,1534363.36552238],[12122272.45612686,1534358.52507473],[12122273.65869485,1534357.02098057],[12122273.1755445,1534355.30859069]]},"properties":null,"id":"2a210583-72e2-4810-b912-69098a9efa04"},{"type":"Feature","geometry":{"type":"LineString","coordinates":[[12122245.19831913,1534362.12290657],[12122246.41697574,1534364.85095464],[12122260.52068999,1534367.97966367],[12122272.6641464,1534370.5870844],[12122282.55928574,1534375.08680504],[12122287.87530697,1534368.67255143],[12122297.93405011,1534360.90243885],[12122305.20414158,1534356.04971099]]},"properties":null,"id":"badc658d-3d53-4471-ac76-d2f69b824329"},{"type":"Feature","geometry":{"type":"LineString","coordinates":[[12122260.82127453,1534362.40762157],[12122264.61728818,1534362.54851208],[12122266.5702347,1534357.08328485],[12122264.5672181,1534356.46010667]]},"properties":null,"id":"f93d9e21-bfff-4639-b315-00fbb6c77cc4"},{"type":"Feature","geometry":{"type":"LineString","coordinates":[[12122270.18764235,1534363.36552238],[12122271.34836329,1534363.92511993],[12122272.40200512,1534364.30823812],[12122272.7636425,1534362.27993303],[12122273.92916702,1534361.46775161],[12122278.57741137,1534356.73797215],[12122278.32765668,1534355.11361009],[12122276.99562798,1534354.44720492],[12122276.49611701,1534354.46803056],[12122274.78945628,1534357.44602779],[12122273.49274085,1534357.22854508]]},"properties":null,"id":"6d77d533-176c-43e0-9370-2cf8212cfca8"},{"type":"Feature","geometry":{"type":"LineString","coordinates":[[12122256.31546415,1534348.21559355],[12122257.29360076,1534341.82892826],[12122256.01011789,1534338.09462945],[12122253.42678923,1534332.06229393],[12122250.64376784,1534335.64502981]]},"properties":null,"id":"3c0f1ad4-7ca9-4888-8297-42e31942b518"},{"type":"Feature","geometry":{"type":"LineString","coordinates":[[12122266.5702347,1534357.08328485],[12122267.98346861,1534355.26104291],[12122268.21465864,1534352.79134088],[12122270.22581045,1534348.94588855],[12122271.21545493,1534345.55541858],[12122274.75238772,1534330.85677145],[12122275.16382324,1534327.91581299],[12122274.72632538,1534326.42648823]]},"properties":null,"id":"33332fe3-06be-4736-9168-2fd79e478997"},{"type":"Feature","geometry":{"type":"LineString","coordinates":[[12122253.90632405,1534362.33056774],[12122255.90695762,1534362.42993859],[12122258.2123634,1534357.83382283],[12122259.23091042,1534352.76382338],[12122260.84963478,1534349.13688939],[12122260.73189825,1534343.94135559],[12122261.29823486,1534341.9583606],[12122260.03552034,1534334.37534414],[12122260.4235735,1534329.64321592]]},"properties":null,"id":"1601a77d-e9e0-4a0e-9e26-6009a8e1493f"},{"type":"Feature","geometry":{"type":"LineString","coordinates":[[12122255.90695762,1534362.42993859],[12122257.73525719,1534362.38122143],[12122260.13229835,1534359.40225854],[12122261.6742495,1534357.63105185],[12122262.51026406,1534355.03431238],[12122263.24775102,1534350.67565136],[12122264.5574849,1534347.99464004],[12122266.12636043,1534341.19374114],[12122266.64327869,1534336.59367259],[12122266.15102657,1534334.40936317],[12122265.88539685,1534331.45471727],[12122264.0797433,1534329.06262551]]},"properties":null,"id":"071773ce-d7d3-43b2-ad64-bac92c645735"},{"type":"Feature","geometry":{"type":"LineString","coordinates":[[12122264.75715074,1534356.10264254],[12122265.32331331,1534353.30997594],[12122266.7891179,1534350.04485413],[12122268.13662823,1534345.16123246],[12122269.88050877,1534338.92198242],[12122271.14027884,1534332.76483977],[12122270.75499307,1534329.50282403],[12122269.09957648,1534327.50467549]]},"properties":null,"id":"a00b2801-d64d-4d35-a64c-57ca746d43aa"},{"type":"Feature","geometry":{"type":"LineString","coordinates":[[12122279.5604939,1534364.40178726],[12122282.84756219,1534365.50540786],[12122286.23795774,1534360.804532],[12122288.75653951,1534359.44757743],[12122296.26384395,1534352.95358247],[12122299.26676425,1534348.05885622],[12122303.84578709,1534344.52066343],[12122306.40876599,1534343.84901304],[12122308.36151193,1534344.58172277],[12122311.83983794,1534343.29948134],[12122316.38607397,1534340.30758544],[12122315.92316655,1534338.18268748]]},"properties":null,"id":"c04fba81-9ded-4c34-94f8-2612f7693a04"},{"type":"Feature","geometry":{"type":"LineString","coordinates":[[12122302.47996809,1534353.05137237],[12122305.20414158,1534356.04971099],[12122309.3552407,1534353.47298138],[12122318.11867089,1534347.85801958],[12122317.5421295,1534344.58903463]]},"properties":null,"id":"e37b6c10-f9fc-4123-8ac9-84f2c66a9f2a"},{"type":"Feature","geometry":{"type":"LineString","coordinates":[[12122299.40038596,1534355.45485769],[12122305.16579978,1534350.95519283],[12122312.58387303,1534346.6273426],[12122316.11999233,1534344.51211411],[12122317.5421295,1534344.58903463],[12122316.38607397,1534340.30758544]]},"properties":null,"id":"1990ed94-0ec8-4ace-b199-41c4c2a166ca"},{"type":"Feature","geometry":{"type":"LineString","coordinates":[[12122282.84756219,1534365.50540786],[12122284.87154195,1534366.8001584],[12122289.4454375,1534361.68515872],[12122299.40038596,1534355.45485769],[12122298.93915109,1534354.18572265],[12122296.26384395,1534352.95358247]]},"properties":null,"id":"39bc916f-e812-4055-9243-39da4229712f"},{"type":"Feature","geometry":{"type":"LineString","coordinates":[[12122275.72660832,1534363.41370289],[12122277.70447159,1534364.12217143],[12122280.96587458,1534359.98960479],[12122282.50598956,1534358.08997571],[12122283.36919348,1534356.05978906],[12122285.96520797,1534353.71425173],[12122289.52746565,1534347.03563023],[12122290.32704583,1534346.45097795],[12122294.76526955,1534340.4495069],[12122297.22177278,1534336.94808563],[12122303.81599295,1534332.84507098],[12122305.45137867,1534330.7935322],[12122305.45137867,1534330.7935322],[12122302.86405121,1534327.49641504],[12122300.79907511,1534325.94476804]]},"properties":null,"id":"1486e27e-8871-49ba-b677-07462b0ff82d"},{"type":"Feature","geometry":{"type":"LineString","coordinates":[[12122272.40200512,1534364.30823812],[12122272.40200512,1534364.30823812],[12122274.45544734,1534364.63597348],[12122275.06014225,1534364.40908006],[12122275.72660832,1534363.41370289],[12122281.10448665,1534355.7974006],[12122282.19296611,1534354.44689473],[12122282.30181405,1534352.6171742],[12122284.78753705,1534346.7569709],[12122286.69562986,1534343.5985365],[12122292.24044894,1534337.71588943],[12122296.97476892,1534332.66759733],[12122299.11730612,1534329.65936526],[12122300.79907511,1534325.94476804],[12122300.79907511,1534325.94476804],[12122294.72455569,1534319.69830439],[12122294.72455569,1534319.69830439],[12122294.72455569,1534319.69830439]]},"properties":null,"id":"1d5bdeb7-347e-431a-9626-88efc6813398"},{"type":"Feature","geometry":{"type":"LineString","coordinates":[[12122236.30571669,1534359.96103985],[12122242.49607508,1534362.51992656],[12122241.87473728,1534355.00318646],[12122240.77363569,1534351.48607412],[12122234.99666008,1534342.65204383],[12122230.19843823,1534340.09140518],[12122225.3581414,1534338.1406966],[12122223.09428167,1534339.16121039]]},"properties":null,"id":"91663bea-555f-46c3-8b38-61188ab16b78"},{"type":"Feature","geometry":{"type":"LineString","coordinates":[[12122256.40276693,1534339.23704351],[12122258.1033916,1534338.26653031],[12122260.70747885,1534338.41067625]]},"properties":null,"id":"92f3e48c-ddec-424f-987c-74859796d6ad"},{"type":"Feature","geometry":{"type":"LineString","coordinates":[[12122247.42700135,1534339.89095809],[12122252.37989967,1534341.80689885],[12122253.61458777,1534344.20050768],[12122253.07441191,1534347.21182061],[12122254.07759397,1534348.21559355],[12122256.31546415,1534348.21559355],[12122255.25676223,1534355.53580789],[12122253.90632405,1534362.33056774],[12122251.51140828,1534362.67793872]]},"properties":null,"id":"5332e827-dced-4532-8359-6c027aeab890"},{"type":"Feature","geometry":{"type":"LineString","coordinates":[[12122242.65818588,1534347.9057366],[12122244.03607644,1534351.57783067],[12122245.19831913,1534355.30447601],[12122245.19831913,1534362.12290657],[12122251.51140828,1534362.67793872],[12122251.93404144,1534355.06607087],[12122252.43591919,1534351.18084635],[12122251.71226335,1534348.42816136],[12122250.5672587,1534347.02341394]]},"properties":null,"id":"bd865d65-4788-489b-9933-1f25dc570ffc"},{"type":"Feature","geometry":{"type":"LineString","coordinates":[[12122206.34000263,1534361.42987159],[12122208.53029535,1534361.08094285],[12122209.40658152,1534361.98905642],[12122213.81930301,1534359.89099983],[12122217.61953236,1534359.15612917],[12122225.3183234,1534358.8743003],[12122230.21435299,1534361.42139029],[12122236.30571669,1534359.96103985],[12122236.09396688,1534353.47769386],[12122233.29887007,1534349.19783683],[12122227.66632389,1534343.51961292],[12122225.21002483,1534341.95174292],[12122222.98243383,1534343.11047709]]},"properties":null,"id":"44b679f3-6eaf-4388-8ddd-54956346f7dd"},{"type":"Feature","geometry":{"type":"LineString","coordinates":[[12122205.21994371,1534359.74250032],[12122206.34000263,1534361.42987159],[12122209.85400753,1534358.91610357],[12122214.53588838,1534356.37011055],[12122217.25002161,1534354.80856869],[12122223.11933317,1534354.43515625],[12122226.87247182,1534354.75764799],[12122228.55184072,1534355.87788563],[12122230.44509966,1534355.35090541],[12122227.76019095,1534350.99780367],[12122226.44259554,1534348.48544274],[12122223.9565679,1534346.6447024],[12122221.94465351,1534345.78842711]]},"properties":null,"id":"5bdf13ee-d87f-4006-b767-20408934465d"},{"type":"Feature","geometry":{"type":"LineString","coordinates":[[12122203.10879853,1534358.98635569],[12122202.62979113,1534344.60775128],[12122209.00799969,1534337.28480015],[12122214.72835016,1534335.94265178],[12122219.14666677,1534337.27408653],[12122223.09428167,1534339.16121039],[12122222.21831383,1534341.67691227],[12122222.98243383,1534343.11047709],[12122221.77257696,1534346.23246367],[12122217.82462563,1534350.46944389],[12122213.30479388,1534351.60454741],[12122207.76909363,1534357.30404276],[12122205.21994371,1534359.74250032],[12122203.10879853,1534358.98635569]]},"properties":null,"id":"b9819aa2-009e-4e1d-b777-f14e66221cbd"},{"type":"Feature","geometry":{"type":"LineString","coordinates":[[12122206.52557754,1534340.13491957],[12122203.01549291,1534338.99896566],[12122200.44821979,1534339.97754695],[12122196.01551818,1534352.45347222],[12122190.48153408,1534361.8114746],[12122183.49930323,1534371.46586263],[12122174.4336162,1534384.10442838],[12122164.98231375,1534398.17335053]]},"properties":null,"id":"318eac75-7e70-4fa5-a4e4-6a8780b7190a"},{"type":"Feature","geometry":{"type":"LineString","coordinates":[[12122164.98231375,1534398.17335053],[12122177.68965162,1534405.19379121],[12122176.52026437,1534425.70907689],[12122182.65252508,1534433.36866748],[12122189.90272841,1534428.10333697],[12122195.24385024,1534421.80946729],[12122200.4281349,1534420.36637641],[12122204.40405036,1534421.30243576],[12122206.89874375,1534419.50832374],[12122207.30347486,1534413.86967763],[12122205.6663339,1534408.79935936],[12122203.21061948,1534407.7852963],[12122200.37813305,1534402.87916339],[12122202.36609078,1534395.62470713],[12122206.0560961,1534391.73648331],[12122206.44589185,1534388.02529234],[12122207.96609587,1534386.66020665],[12122208.07290293,1534379.05868305],[12122209.92156889,1534369.16381886],[12122209.40658152,1534361.98905642]]},"properties":null,"id":"3668c50e-afa4-4e57-84f4-11c08f66c118"},{"type":"Feature","geometry":{"type":"LineString","coordinates":[[12122175.70546752,1534348.11372104],[12122178.50658885,1534347.20794299],[12122184.29131094,1534345.26587775],[12122188.09229391,1534344.7898805],[12122188.45383796,1534344.14252566],[12122189.9571066,1534344.25676454],[12122190.56602425,1534340.16319443],[12122189.80487646,1534339.5919986],[12122190.31865064,1534338.20208817],[12122188.58703824,1534337.51665347],[12122184.63643606,1534336.95506306],[12122185.05506822,1534335.27955544],[12122182.56847909,1534328.94275362],[12122181.56154255,1534325.56034423],[12122180.26851444,1534322.02926627]]},"properties":null,"id":"3da2d1c6-dc41-4f7e-860f-88d13bb3d0cc"},{"type":"Feature","geometry":{"type":"LineString","coordinates":[[12122189.9571066,1534344.25676454],[12122193.34035589,1534345.39135287]]},"properties":null,"id":"935f1770-34f1-4f0b-abb3-8732e6f14538"},{"type":"Feature","geometry":{"type":"LineString","coordinates":[[12122224.34363536,1534337.55498933],[12122219.23622942,1534332.8311588],[12122220.90048874,1534325.5924815],[12122221.03634712,1534322.32997874],[12122224.43279364,1534322.83974468],[12122228.84817412,1534327.73349946],[12122225.68947781,1534331.7096727],[12122224.34363536,1534337.55498933]]},"properties":null,"id":"7a8921fd-0f84-429d-85b4-0267d5597bcc"},{"type":"Feature","geometry":{"type":"LineString","coordinates":[[12122221.03634712,1534322.32997874],[12122223.49652308,1534316.06032443],[12122225.68409586,1534317.76276833],[12122229.81617778,1534323.59971887],[12122233.02461712,1534326.71275804],[12122238.85814454,1534329.4366694],[12122243.10879493,1534330.53769763],[12122243.71645404,1534332.84815722],[12122250.64376784,1534335.64502981],[12122247.42700135,1534339.89095809],[12122243.72792326,1534341.8589774]]},"properties":null,"id":"30855fb8-93fc-4809-a4cb-994fad3c75d2"},{"type":"Feature","geometry":{"type":"LineString","coordinates":[[12122224.34363536,1534337.55498933],[12122226.0751434,1534337.3006958],[12122230.89889428,1534339.10286851],[12122231.67964753,1534337.56342303],[12122236.75454103,1534335.17383683],[12122236.08860614,1534333.47355361],[12122232.93159073,1534330.24405941],[12122230.65822164,1534329.25605738],[12122228.84817412,1534327.73349946]]},"properties":null,"id":"b4d43d3d-a5de-4e28-bdaa-9ab8e2322ab6"},{"type":"Feature","geometry":{"type":"LineString","coordinates":[[12122230.89889428,1534339.10286851],[12122237.07415641,1534342.07798883],[12122242.65818588,1534347.9057366],[12122250.5672587,1534347.02341394],[12122247.10697795,1534343.90165711],[12122240.59429342,1534339.96466001],[12122237.61618219,1534338.37540242],[12122236.75454103,1534335.17383683]]},"properties":null,"id":"72902040-bb04-4240-9273-fafa051daa29"},{"type":"Feature","geometry":{"type":"LineString","coordinates":[[12122218.59174421,1534293.48455949],[12122212.99076493,1534307.83253045],[12122206.86492345,1534322.4935121],[12122200.44821979,1534339.97754695]]},"properties":{"color":"#c026d3"},"id":"4355c704-882a-4d9d-a4dc-6d3765f84aca"},{"type":"Feature","geometry":{"type":"LineString","coordinates":[[12122231.58482445,1534308.15135574],[12122231.20867379,1534304.88106314],[12122221.70422155,1534298.55293722],[12122219.38512289,1534296.53779936],[12122218.59174421,1534293.48455949],[12122222.16679572,1534281.46149467],[12122224.15278693,1534278.11725976],[12122234.96941508,1534279.3563247],[12122244.02745761,1534278.9201195],[12122247.46660727,1534283.86377039],[12122253.32769752,1534284.25150731],[12122257.07140735,1534282.98340549]]},"properties":null,"id":"7503f915-a69f-471e-b7ad-61f0c1d976ae"},{"type":"Feature","geometry":{"type":"LineString","coordinates":[[12122425.06857803,1534269.32868602],[12122443.56747086,1534275.57507895],[12122451.9287125,1534282.3828263],[12122462.17532757,1534284.76143407],[12122466.77533019,1534283.96918474]]},"properties":{"color":"#c026d3"},"id":"c1c47662-ecff-45fc-89d7-caed4da5b73d"},{"type":"Feature","geometry":{"type":"LineString","coordinates":[[12122314.93569463,1534335.21853807],[12122312.16897763,1534330.15648863],[12122306.38737092,1534325.01009331],[12122301.23930059,1534320.96031084],[12122297.03131297,1534318.84100657]]},"properties":{"color":"#c026d3"},"id":"8dda80db-ca22-4d12-bbc3-f9b2f37d988b"},{"type":"Feature","geometry":{"type":"LineString","coordinates":[[12122276.49611701,1534354.46803056],[12122277.82559552,1534350.42629482],[12122281.38319163,1534344.04742859],[12122286.22894062,1534336.76831569],[12122288.32052401,1534333.29071533],[12122286.28738637,1534330.67246687],[12122286.93163714,1534329.58155723],[12122291.27197118,1534326.17970554],[12122290.73264765,1534320.88902405]]},"properties":null,"id":"59726dab-ad3f-4232-9220-8694385511a5"},{"type":"Feature","geometry":{"type":"LineString","coordinates":[[12122270.40055269,1534356.3630725],[12122272.11004515,1534356.57461308],[12122273.56328234,1534354.84788201],[12122277.11503682,1534344.19143712],[12122278.76162675,1534339.47258185],[12122281.13615603,1534334.63485669],[12122281.66470918,1534328.30196405],[12122281.40181314,1534326.3305326],[12122280.20199887,1534324.73983727]]},"properties":null,"id":"da78c3fb-411f-4817-9596-593ff15a666b"},{"type":"Feature","geometry":{"type":"LineString","coordinates":[[12122269.74875686,1534355.28567078],[12122269.78778172,1534353.64849715],[12122272.04041259,1534349.20615048],[12122273.77440045,1534344.07859185],[12122276.25460937,1534339.59292493],[12122277.4408261,1534336.29611163],[12122277.94721536,1534331.29775339],[12122277.35655216,1534325.61630944]]},"properties":null,"id":"665eae8b-0c3b-4e6f-9a26-d546a7b9e100"},{"type":"Feature","geometry":{"type":"LineString","coordinates":[[12122310.7698034,1534336.17571099],[12122314.93569463,1534335.21853807],[12122315.92316655,1534338.18268748],[12122310.64637147,1534340.71456574],[12122304.78646175,1534341.18729081],[12122299.7362404,1534342.55526344],[12122294.3765791,1534346.95815336]]},"properties":null,"id":"a2e78e45-3793-4336-8aae-aae45fee58a7"},{"type":"Feature","geometry":{"type":"LineString","coordinates":[[12122277.70447159,1534364.12217143],[12122279.5604939,1534364.40178726],[12122284.94969229,1534357.76403864],[12122290.51262788,1534352.87940477],[12122296.17853964,1534344.19676719],[12122298.40034971,1534339.87404861],[12122301.04939053,1534338.36794756],[12122308.20855316,1534337.16376119],[12122310.7698034,1534336.17571099],[12122308.64057198,1534330.89581948],[12122307.37537351,1534330.21653372],[12122305.45137867,1534330.7935322]]},"properties":null,"id":"1c1402b6-4b6d-40f6-877b-bac412b998f1"},{"type":"Feature","geometry":{"type":"LineString","coordinates":[[12122172.32097026,1534183.6949424],[12122172.44992642,1534176.88915096],[12122173.56767365,1534168.72207471],[12122172.87808125,1534158.23017495],[12122174.59134545,1534146.65860344],[12122171.27477351,1534144.7177953],[12122177.88633011,1534131.05176732],[12122186.21561192,1534129.51567002],[12122193.32126998,1534126.96571885],[12122193.58494742,1534123.36327889],[12122188.04777493,1534119.14578731],[12122178.8191586,1534113.08313416],[12122170.23430117,1534107.71366737],[12122167.37415878,1534101.78593415],[12122163.49415238,1534097.2979386],[12122166.87769215,1534093.93471297]]},"properties":{"color":"#c026d3"},"id":"cb4d9297-2b3b-4cf4-8261-188c3834807d"},{"type":"Feature","geometry":{"type":"LineString","coordinates":[[12122177.99854661,1534166.73738658],[12122176.62016172,1534162.15867604],[12122176.86514093,1534154.31462262],[12122179.06999124,1534148.18645492],[12122186.01117488,1534139.1984725],[12122190.33920329,1534134.8679044],[12122193.59808266,1534139.55468503]]},"properties":null,"id":"aa5909f8-df96-4443-9b68-5c9bb8d6724d"},{"type":"Feature","geometry":{"type":"LineString","coordinates":[[12122193.34035589,1534345.39135287],[12122195.68115907,1534338.95263459],[12122197.96227473,1534331.41608195],[12122201.55804562,1534320.52391895],[12122205.7658392,1534307.10193661],[12122210.03649113,1534294.72643327],[12122213.6374558,1534285.11469256],[12122216.86002482,1534275.75947655],[12122220.27381032,1534264.44684555],[12122221.8745159,1534257.25643491],[12122222.99163203,1534246.51312665],[12122225.0045152,1534232.77054773],[12122226.92091209,1534220.06578604],[12122228.39230688,1534208.80207854],[12122230.48182666,1534194.79359226],[12122232.29199354,1534182.17727796],[12122234.07466067,1534169.63527697]]},"properties":null,"id":"86602d20-b7eb-4093-8d30-16b2c082f1a7"},{"type":"Feature","geometry":{"type":"LineString","coordinates":[[12122162.4849692,1534330.74371009],[12122172.74788063,1534327.89088147],[12122180.26851444,1534322.02926627],[12122187.07666595,1534317.43502619],[12122192.45985284,1534314.74185029],[12122191.35155374,1534309.43471435],[12122187.63082153,1534304.9988954],[12122178.82125475,1534297.73610146],[12122172.71467025,1534293.35430799],[12122167.49953281,1534287.88463243],[12122163.41539054,1534281.84912506],[12122160.78181951,1534275.75171111],[12122161.88256873,1534266.85834265],[12122160.04810769,1534262.83999934],[12122157.67955109,1534263.78797794],[12122157.46216721,1534266.89038441],[12122152.85121928,1534274.57980461],[12122152.16746278,1534279.27038277],[12122159.04254646,1534285.53268934],[12122160.67869024,1534296.297878],[12122168.05905214,1534310.8976263],[12122172.74788063,1534327.89088147]]},"properties":null,"id":"ef0a3c4f-b92a-46bb-953b-54fd6fe1470c"},{"type":"Feature","geometry":{"type":"LineString","coordinates":[[12122196.10475451,1534336.08713763],[12122192.30764205,1534335.93938614],[12122189.86061434,1534335.05287317],[12122187.27612838,1534329.49122996],[12122185.41976165,1534323.15899561],[12122187.7592567,1534320.5788921],[12122191.42979746,1534318.4673747],[12122193.32835369,1534318.63623453],[12122194.5729631,1534315.78672867],[12122194.68360432,1534309.35911814],[12122192.80614284,1534304.10336411],[12122187.810589,1534298.29132437],[12122184.02267227,1534295.81361713],[12122182.48273157,1534296.51016274],[12122179.42394653,1534293.15407821],[12122176.41325538,1534292.05936389],[12122170.98744356,1534286.97463504],[12122170.06931004,1534285.96201506],[12122167.70778167,1534279.54276459],[12122165.46433092,1534276.27406703],[12122162.43370104,1534275.88024801],[12122164.55907717,1534268.43706793],[12122168.19455456,1534267.83153311],[12122171.7401661,1534267.88115138],[12122177.02139412,1534266.39260876],[12122184.04936071,1534265.0646112],[12122188.95916378,1534264.42640426],[12122192.45518708,1534265.54281122],[12122199.70294696,1534256.78299961]]},"properties":null,"id":"9821d12d-306c-4a7a-a4ec-6273b5f1a1c0"},{"type":"Feature","geometry":{"type":"LineString","coordinates":[[12122196.10475451,1534336.08713763],[12122198.42572473,1534328.50402311],[12122200.39264695,1534322.61469507],[12122201.37781106,1534318.62478326],[12122203.5638576,1534310.613027],[12122212.17715918,1534287.28875882],[12122215.3784073,1534273.18988619],[12122218.53186958,1534257.42444532],[12122222.71054512,1534226.70983387],[12122225.32440148,1534211.25057784],[12122228.82051564,1534203.17392087],[12122231.09552971,1534185.07515399],[12122232.32693332,1534175.03171716],[12122232.87850316,1534168.45049738],[12122225.48114545,1534166.08661366],[12122219.68960634,1534164.45270831],[12122212.53879853,1534164.9831703],[12122210.59317091,1534165.43785132],[12122207.94004391,1534162.78554425],[12122195.91433694,1534161.46421056],[12122184.87126241,1534164.53525441],[12122177.99854661,1534166.73738658],[12122175.73796272,1534179.26174071],[12122180.29643966,1534186.26368354],[12122181.99308601,1534191.61382367],[12122186.62029904,1534193.31146364],[12122190.3734845,1534193.2600198],[12122192.22436893,1534188.0642112],[12122204.57693257,1534189.50750412],[12122210.23241515,1534197.0697207],[12122217.27606008,1534194.75475656],[12122220.97782893,1534195.83507238],[12122221.33772955,1534199.07602178],[12122215.37376296,1534200.51644351],[12122214.04261936,1534209.41742757],[12122210.9578146,1534210.85784931],[12122210.35451933,1534213.3242061]]},"properties":null,"id":"f8459f3f-eba3-4af0-8567-dc9456106360"},{"type":"Feature","geometry":{"type":"LineString","coordinates":[[12122199.70294696,1534256.78299961],[12122206.93300096,1534249.11052467],[12122208.55976988,1534245.26909622],[12122208.66268066,1534240.93040139],[12122206.71055796,1534236.04723089],[12122207.10098151,1534227.97372257],[12122209.37845798,1534221.59304694],[12122210.35451933,1534213.3242061]]},"properties":null,"id":"0e4c73ca-2a1f-45ef-b868-87941effdcf1"},{"type":"Feature","geometry":{"type":"LineString","coordinates":[[12122161.13978303,1534265.23128822],[12122166.66340632,1534265.89765657],[12122170.59235274,1534265.75115018],[12122177.23007764,1534264.53026437],[12122181.35425011,1534263.38263153],[12122184.99035839,1534263.40704934],[12122190.1873561,1534258.38555031],[12122192.04201384,1534256.23679194],[12122195.27119065,1534249.26499179],[12122200.44004632,1534242.90379635],[12122199.65913839,1534237.94699922],[12122201.84282056,1534234.07932832],[12122202.96537642,1534227.97489881],[12122204.74056256,1534222.8388112],[12122205.0656872,1534213.21716582],[12122205.67195723,1534209.14920896],[12122207.43132734,1534208.48311103],[12122207.0060051,1534205.45282861]]},"properties":null,"id":"c1b06e54-38e8-44b6-809e-4e160eb7904d"},{"type":"Feature","geometry":{"type":"LineString","coordinates":[[12122160.04810769,1534262.83999934],[12122158.82262408,1534255.88803228],[12122158.92030272,1534248.21593477],[12122162.93970325,1534237.53600398],[12122172.53623308,1534228.74016178],[12122183.93581081,1534222.91966888],[12122198.69914739,1534213.33358631],[12122207.0060051,1534205.45282861],[12122207.74439057,1534202.74382336],[12122205.03697404,1534195.10934484],[12122198.45301733,1534193.75483751],[12122193.83809638,1534192.95445131],[12122189.3462428,1534196.15600553],[12122188.36172257,1534199.85011107],[12122183.19301486,1534199.78854127],[12122177.69010036,1534193.83677759],[12122176.95171489,1534187.00268528],[12122172.32097026,1534183.6949424]]},"properties":null,"id":"1878b1bf-8979-4c96-9e9b-8a7f76a0bd8d"},{"type":"Feature","geometry":{"type":"LineString","coordinates":[[12122270.59086626,1534032.5100177],[12122273.19849253,1534026.62663278],[12122273.19849253,1534026.62663278],[12122273.19849253,1534026.62663278],[12122291.09367197,1533997.8191792],[12122300.76706601,1533981.6660686],[12122316.55278573,1533958.09883001],[12122342.89988558,1533919.26472502],[12122343.63771302,1533918.2068067]]},"properties":{"color":"#c026d3"},"id":"406fe289-e118-420a-8f26-69c1e9a86038"},{"type":"Feature","geometry":{"type":"LineString","coordinates":[[12122313.39642261,1533899.49269657],[12122321.48021766,1533907.39608909],[12122329.9399732,1533910.09759715],[12122337.04977374,1533908.20654288],[12122332.89864169,1533917.20031275],[12122324.39154064,1533930.667103],[12122313.4048782,1533944.73758203],[12122306.67685691,1533955.38439138],[12122299.14595126,1533969.24220715]]},"properties":{"color":"#c026d3"},"id":"97c5703e-907c-4448-9697-8a2ded3d5d95"},{"type":"Feature","geometry":{"type":"LineString","coordinates":[[12122408.14390176,1534177.29055558],[12122392.67328354,1534178.47193498],[12122372.94323113,1534178.8781413],[12122361.17015607,1534179.85304331],[12122352.80721681,1534176.92835589],[12122341.683687,1534176.76587584],[12122340.5223425,1534199.88141978],[12122337.03101778,1534214.26112328]]},"properties":{"color":"#c026d3"},"id":"6860453c-9663-4d6f-9a3c-cf72859ee589"},{"type":"Feature","geometry":{"type":"LineString","coordinates":[[12122462.2604486,1534276.33368421],[12122446.56250681,1534269.98600685],[12122430.93328525,1534261.57106578],[12122417.83253794,1534253.35181926],[12122408.45500387,1534250.37307885],[12122396.17490568,1534241.88366757],[12122379.65413099,1534228.84528266],[12122369.68120163,1534215.96223098],[12122378.97107927,1534184.96058344],[12122392.81409791,1534182.205248],[12122407.74696751,1534182.08492582]]},"properties":{"color":"#c026d3"},"id":"1c2d759f-0007-419f-82d7-5f82c41d9151"},{"type":"Feature","geometry":{"type":"LineString","coordinates":[[12122462.2604486,1534276.33368421],[12122467.16088961,1534278.20848211],[12122477.45710492,1534276.73134683],[12122492.11038879,1534269.13601047],[12122513.72115709,1534257.01048763],[12122535.54857898,1534239.41054492],[12122555.25779866,1534225.2744411],[12122576.4450051,1534214.26601152],[12122589.43932918,1534206.18145131],[12122594.7721629,1534202.62414323],[12122600.29717158,1534204.16243762],[12122602.65034434,1534207.25280006],[12122599.60855093,1534229.10635524],[12122600.84993765,1534247.00381755],[12122596.67439265,1534257.40702467],[12122592.36439652,1534270.91807866],[12122592.89697009,1534292.8765391],[12122595.5321961,1534317.15478622],[12122605.30835139,1534328.09875778],[12122611.36357462,1534336.77823789],[12122616.22712258,1534355.97856844],[12122623.25308197,1534373.08952523],[12122634.62900799,1534380.2860256],[12122645.78931136,1534396.22065672],[12122649.53697561,1534408.88393938],[12122651.74745752,1534428.55055357],[12122657.01136473,1534438.12523692],[12122665.39691773,1534442.86963577],[12122672.11954772,1534442.57717579],[12122679.62811712,1534440.29773822],[12122692.30616402,1534432.16850917],[12122707.36590397,1534425.01290743],[12122726.1238946,1534423.28854588],[12122736.91941173,1534420.7501483],[12122746.60220966,1534410.51573191],[12122755.55771615,1534398.17670694],[12122762.45753225,1534371.05151709],[12122775.23985787,1534345.79324826],[12122785.42552173,1534329.11645154],[12122785.33217968,1534316.48343174],[12122781.17404318,1534304.44791124],[12122773.37917868,1534290.40657909],[12122768.90165565,1534273.88321199],[12122768.43738431,1534262.60403394],[12122773.41168387,1534248.12486052],[12122778.38597851,1534241.14382651],[12122789.5586166,1534235.00346606],[12122808.53324274,1534234.64767404],[12122830.3296124,1534234.51007153],[12122850.0344739,1534237.35151848],[12122865.57051255,1534245.14975167],[12122880.50568952,1534255.88169341],[12122892.6857852,1534266.72319707],[12122903.87584033,1534272.99883612],[12122911.31057979,1534277.05186498],[12122934.94561798,1534287.13614788],[12122945.04661117,1534290.52222119],[12122955.50651734,1534292.676996]]},"properties":{"color":"#c026d3"},"id":"472270c9-5367-4a70-a389-f0dfb58177d1"},{"type":"Feature","geometry":{"type":"LineString","coordinates":[[12122298.24095468,1534255.72911989],[12122313.78993648,1534247.79055502],[12122322.33302167,1534239.85303187],[12122328.07253744,1534232.38276846],[12122336.83351689,1534219.77002449],[12122344.30872079,1534213.05366031],[12122355.06385659,1534213.12998147],[12122365.97155102,1534222.13601546],[12122381.07842789,1534238.55270614],[12122394.38484903,1534247.8680628]]},"properties":null,"id":"5ec29f2f-3ffa-4fc9-b680-bbbe78179c23"},{"type":"Feature","geometry":{"type":"LineString","coordinates":[[12122466.77533019,1534283.96918474],[12122471.6173392,1534284.29003595],[12122488.22768575,1534276.97462989],[12122506.94017995,1534266.039115],[12122528.4027749,1534249.98430127],[12122544.28847735,1534236.85741698],[12122557.40171505,1534228.22437124],[12122568.90702748,1534221.87911772],[12122579.41562982,1534216.85962058],[12122586.93021737,1534215.32348157],[12122591.81874225,1534217.66811496],[12122594.65935923,1534221.82293796],[12122596.55820863,1534229.7057597],[12122597.32039139,1534243.96552019],[12122593.71153959,1534257.55061862],[12122587.65936387,1534270.52183722],[12122587.34810702,1534283.63074048],[12122589.55161122,1534301.54082217],[12122590.98820669,1534315.57403007],[12122594.01828256,1534321.15264099],[12122601.84327028,1534327.88235307],[12122608.5094372,1534337.82683487],[12122611.95692399,1534350.29419809],[12122616.74008883,1534367.02188743],[12122622.17668386,1534375.48252801],[12122634.02730871,1534386.50039505],[12122637.03239269,1534390.11439944],[12122643.05214404,1534402.72691362],[12122647.37940049,1534413.03250102],[12122648.03556692,1534432.79349861],[12122654.52187306,1534442.4486322],[12122664.79112394,1534448.29845421]]},"properties":{"color":"#c026d3"},"id":"75785a2a-f5cf-49b2-8239-8b1937e0bfac"},{"type":"Feature","geometry":{"type":"LineString","coordinates":[[12122757.33029622,1534406.59052806],[12122759.4777623,1534398.41770334],[12122763.84109438,1534381.35372722],[12122771.72551566,1534362.92941388],[12122782.29515774,1534345.71359345],[12122794.25472736,1534326.47821815],[12122791.54947491,1534322.05888909],[12122789.60374268,1534311.76413274],[12122781.36522727,1534297.32351942],[12122777.4444493,1534290.31743218],[12122772.50574068,1534275.91021887],[12122772.19757923,1534262.96329527],[12122775.76607804,1534251.66506113],[12122781.37944458,1534244.30048129],[12122787.72461708,1534240.68582363],[12122801.49735148,1534237.97142111],[12122815.42327037,1534238.16000251],[12122829.61855397,1534238.09040218],[12122850.28120048,1534240.6994533],[12122857.46926239,1534243.71311373],[12122864.2165079,1534247.61071667],[12122878.16623851,1534257.3040747],[12122884.46094711,1534262.99181395],[12122890.16480647,1534268.31622047],[12122900.59876431,1534274.27823674],[12122910.72174792,1534279.40246692],[12122915.83435202,1534281.49046906],[12122932.69510186,1534288.93375994],[12122940.09967116,1534292.68793188],[12122945.14271707,1534296.16793545],[12122951.36827082,1534297.83833823],[12122954.49843725,1534297.00313684]]},"properties":{"color":"#c026d3"},"id":"4cd34e98-fccd-4b1d-9585-2b77a85a3dc0"},{"type":"Feature","geometry":{"type":"LineString","coordinates":[[12122403.39071494,1534242.3806727],[12122402.85510241,1534244.62857752],[12122401.94245874,1534245.87086126]]},"properties":{"color":"#c026d3"},"id":"800367ee-cf09-4949-9164-dee1d726ab88"},{"type":"Feature","geometry":{"type":"LineString","coordinates":[[12122337.03101778,1534214.26112328],[12122329.50518436,1534225.86004084],[12122322.70000157,1534235.76188195],[12122313.42014912,1534243.30618617],[12122298.17774527,1534252.72260379],[12122283.75429627,1534258.88028378],[12122263.63604785,1534265.96388408],[12122248.36840003,1534272.83175398],[12122241.10157419,1534275.39085326],[12122234.44369579,1534275.43147327],[12122230.43695536,1534274.45687175],[12122226.62085495,1534269.82612103],[12122228.12296053,1534256.07022536],[12122231.5887366,1534228.73423083],[12122234.7811479,1534211.86300944],[12122237.56375408,1534194.73665411],[12122240.12067376,1534176.96694916],[12122243.89526934,1534149.28879981],[12122248.37121382,1534125.31402768],[12122251.57440239,1534100.16803635],[12122255.3217472,1534077.21680137],[12122261.91435317,1534050.67909516],[12122270.59086626,1534032.5100177]]},"properties":{"color":"#c026d3"},"id":"e26722ba-f968-483f-b28a-c8c75d8f07e8"},{"type":"Feature","geometry":{"type":"LineString","coordinates":[[12122268.54731937,1533950.47424726],[12122299.5342922,1533959.59894506],[12122301.54398182,1533953.31421617],[12122305.76028473,1533935.5777213],[12122310.9700511,1533911.8910149],[12122312.61602765,1533903.4803733],[12122313.39642261,1533899.49269657],[12122307.62477909,1533885.65554961],[12122300.14769669,1533866.93303574],[12122288.31125453,1533867.04991419],[12122285.71282395,1533893.39394229],[12122282.32959064,1533908.59774363],[12122278.5830808,1533922.66030886],[12122274.1376348,1533933.67700574],[12122269.6956378,1533942.86855013],[12122268.54731937,1533950.47424726]]},"properties":null,"id":"946551c5-38c5-40f8-8fbe-1d6f43bc6ffd"},{"type":"Feature","geometry":{"type":"LineString","coordinates":[[12122232.87850316,1534168.45049738],[12122235.97137331,1534150.5359118]]},"properties":null,"id":"6b47a560-00cf-49eb-818f-07aa79493fb5"},{"type":"Feature","geometry":{"type":"LineString","coordinates":[[12122258.01339976,1534032.06273194],[12122264.75477931,1534017.48613955],[12122273.17620413,1534005.4873677],[12122281.87530246,1533992.43962895],[12122294.02539738,1533974.82358269],[12122299.14595126,1533969.24220715],[12122299.5342922,1533959.59894506]]},"properties":null,"id":"c538d53f-f633-4d63-99cc-e8abfd6a1432"},{"type":"Feature","geometry":{"type":"LineString","coordinates":[[12122244.02745761,1534278.9201195],[12122271.94624613,1534265.50385105],[12122298.24095468,1534255.72911989],[12122305.72593067,1534254.69848748],[12122320.53502574,1534251.7241139],[12122332.47959379,1534246.0998451],[12122341.01914439,1534243.39586912],[12122344.96463575,1534249.61501388],[12122346.47572488,1534259.26307947]]},"properties":null,"id":"6ebf26fa-a4dc-4fbe-9bdc-69fdbc06b0f1"},{"type":"Feature","geometry":{"type":"LineString","coordinates":[[12122229.30926839,1534308.20805638],[12122237.62763326,1534308.00078546],[12122254.95312602,1534311.25121751],[12122276.21958531,1534315.1901247],[12122297.03131297,1534318.84100657],[12122293.65906418,1534320.09429038],[12122289.89752588,1534321.11581999],[12122285.60697865,1534321.00431134],[12122280.20199887,1534324.73983727],[12122280.20199887,1534324.73983727],[12122274.72632538,1534326.42648823],[12122271.40764139,1534326.72836381],[12122271.40764139,1534326.72836381],[12122264.63208503,1534329.0073047],[12122262.51189391,1534329.21965637],[12122262.51189391,1534329.21965637],[12122262.73773895,1534329.19703644],[12122258.08522753,1534330.09405749],[12122254.47658471,1534330.88326513],[12122253.42678923,1534332.06229393]]},"properties":null,"id":"d3fa74f9-e440-40bc-9d1a-e024b79b7a52"},{"type":"Feature","geometry":{"type":"LineString","coordinates":[[12122318.11867089,1534347.85801958],[12122322.03027389,1534349.57472713],[12122340.25269938,1534345.11261521],[12122353.04839173,1534338.81522262],[12122357.35411638,1534342.66187133],[12122374.03877887,1534340.35388211],[12122378.72893694,1534336.19950179],[12122389.87767611,1534336.58416666],[12122405.02458148,1534319.9666454],[12122413.25992153,1534304.81870607],[12122421.76239786,1534285.56154241],[12122425.37613063,1534276.56038384],[12122425.06857803,1534269.32868602],[12122421.1746012,1534265.65309274],[12122415.02357269,1534260.34471928],[12122406.7965744,1534255.03634288],[12122394.38484903,1534247.8680628],[12122385.9061001,1534251.87560074],[12122371.8356259,1534262.4923506],[12122362.99352242,1534258.10717048],[12122331.59540035,1534260.30439874],[12122322.13819753,1534261.15066615],[12122309.75925383,1534275.53713292],[12122299.5923887,1534274.58452198],[12122293.36446764,1534278.89276737],[12122268.34675331,1534281.09542351],[12122257.07140735,1534282.98340549],[12122249.45950839,1534296.29280944],[12122238.93903423,1534308.24681712]]},"properties":null,"id":"cf08d923-dac7-4915-b9e4-4a32060cad19"},{"type":"Feature","geometry":{"type":"LineString","coordinates":[[12122223.49652308,1534316.06032443],[12122226.28349088,1534311.07030625],[12122229.40566861,1534312.92259497],[12122230.95294168,1534314.74723696],[12122232.4725853,1534319.30884299],[12122235.01924738,1534321.40785599],[12122237.31252859,1534322.4860542],[12122236.89808033,1534325.47183248],[12122238.85814454,1534329.4366694]]},"properties":null,"id":"d8e7f18c-07cf-4fc4-afa9-bb08bec0af12"},{"type":"Feature","geometry":{"type":"LineString","coordinates":[[12122191.46880086,1533830.92346015],[12122192.2731393,1533833.34196976],[12122194.10300182,1533834.26539837],[12122195.72600982,1533836.4625224],[12122195.80556907,1533838.24569434],[12122194.54600375,1533840.08997323],[12122193.68676372,1533844.14987603],[12122193.50424102,1533853.15559348],[12122193.85989128,1533857.4852214],[12122196.20898805,1533862.21546393]]},"properties":null,"id":"6ba1e506-0770-4289-9370-ae6465c5ccd0"},{"type":"Feature","geometry":{"type":"LineString","coordinates":[[12122223.58288507,1533845.03129062],[12122222.54850698,1533846.42934243],[12122218.27690086,1533847.20293728],[12122215.12339633,1533846.23760432],[12122209.42148023,1533845.71542839],[12122209.59543728,1533842.7757682],[12122209.40712029,1533838.00111266],[12122209.83234734,1533834.96475274],[12122212.01830251,1533833.43695711],[12122213.07227195,1533834.10806214]]},"properties":null,"id":"c8305875-eacd-4035-8324-49be42842117"},{"type":"Feature","geometry":{"type":"LineString","coordinates":[[12122209.42148023,1533845.71542839],[12122208.39426063,1533847.20790321],[12122208.27236985,1533850.98873447],[12122207.32162331,1533854.86713549],[12122210.38939055,1533858.34931892],[12122215.94761056,1533858.47128122],[12122217.47065172,1533857.67912036],[12122218.05572781,1533854.23978367],[12122221.68807322,1533852.21520969],[12122225.39355199,1533850.89801649],[12122230.79155132,1533847.0266013],[12122231.01095322,1533842.85549012],[12122226.99943794,1533841.62602439]]},"properties":null,"id":"f4c3b0eb-9a21-4e7f-9c47-a1bfce455163"},{"type":"Feature","geometry":{"type":"LineString","coordinates":[[12122179.27227567,1534007.58137733],[12122177.04603426,1533998.54996545],[12122173.99087726,1533994.21465424],[12122170.38023718,1533986.37774752],[12122172.1031114,1533978.97337509],[12122177.6579423,1533974.0822559],[12122179.71803818,1533962.17470376],[12122182.3843587,1533957.45032685],[12122180.94009928,1533952.39246536],[12122187.66356881,1533944.36056888],[12122197.27342373,1533942.97104626],[12122201.32845198,1533943.30453296],[12122212.80769307,1533939.22270747],[12122223.59042219,1533939.69274243],[12122229.67954881,1533941.44351883],[12122238.84824121,1533937.73187073],[12122245.61887266,1533930.4892246],[12122249.3283387,1533919.70444092],[12122246.57943088,1533914.42098075],[12122248.74911937,1533907.41787516],[12122254.62827924,1533902.44567126],[12122254.92910887,1533895.85989592],[12122249.39989893,1533887.24607525],[12122245.96625228,1533880.32511804],[12122253.12409552,1533874.42127224],[12122257.78088004,1533862.08051203],[12122263.87471387,1533849.59533293],[12122270.16200732,1533846.88536814],[12122283.99405585,1533845.14325055],[12122288.76998068,1533848.1919591],[12122295.00812771,1533857.5637394],[12122300.14769669,1533866.93303574]]},"properties":null,"id":"0b7f3051-aca1-44e8-bad5-b4c0a5443160"},{"type":"Feature","geometry":{"type":"LineString","coordinates":[[12122213.57138476,1533870.10798771],[12122218.39325768,1533865.06969421],[12122225.88799944,1533858.71734356],[12122231.02077397,1533861.37629823],[12122230.8214763,1533871.48276681],[12122233.10859544,1533875.62866375],[12122236.82755527,1533878.74961908],[12122241.74618474,1533888.29255827],[12122246.61605589,1533897.52178329],[12122246.0762057,1533905.44421698],[12122244.17491454,1533920.36225997],[12122240.21602078,1533925.82393809],[12122232.178264,1533931.31529853],[12122219.2283073,1533931.40961097],[12122207.06381863,1533935.69682617]]},"properties":null,"id":"ee737651-079b-4011-b64a-f93cdba574cd"},{"type":"Feature","geometry":{"type":"LineString","coordinates":[[12122194.22375071,1533881.02418439],[12122202.102653,1533877.11345977],[12122206.44535349,1533875.37536073],[12122207.81020032,1533871.96123668],[12122204.27400324,1533871.34048686],[12122200.79983907,1533868.05051325],[12122196.20898805,1533862.21546393],[12122192.50218157,1533862.25425961],[12122183.81677942,1533861.10587457],[12122182.88620074,1533867.06507314],[12122182.67919085,1533873.0522649],[12122184.78850228,1533877.92515127],[12122187.67329713,1533880.15985089],[12122191.45764946,1533881.49446278],[12122194.22375071,1533881.02418439]]},"properties":null,"id":"11c3bf93-2d5e-446c-b51a-a373790463ad"},{"type":"Feature","geometry":{"type":"LineString","coordinates":[[12122166.87769215,1534093.93471297],[12122170.9305389,1534087.49609223],[12122172.02599439,1534079.52440189],[12122170.12138131,1534073.84457177],[12122168.34362567,1534066.10301578],[12122169.33950258,1534061.71858552],[12122169.38929947,1534058.43026402],[12122166.99919336,1534053.09919573],[12122168.86800785,1534048.42042878],[12122169.36594631,1534044.23529059],[12122165.33264178,1534038.50563912],[12122162.89274259,1534033.47350845],[12122167.66075438,1534024.08892228],[12122173.74992115,1534014.70594928],[12122173.49835178,1534007.49941867],[12122172.67842681,1534000.41408345],[12122172.67842681,1534000.41408345],[12122171.23518925,1533993.50949908],[12122168.14183339,1533988.10227027],[12122164.35068042,1533984.76179633],[12122165.71374815,1533979.80641098],[12122172.3336667,1533969.86985183]]},"properties":null,"id":"14040c05-8e1c-4e76-a3b8-2b28d1f88777"},{"type":"Feature","geometry":{"type":"LineString","coordinates":[[12122207.81020032,1533871.96123668],[12122210.14595927,1533864.65809625],[12122206.50507586,1533862.6822211],[12122204.51081755,1533857.40516206]]},"properties":null,"id":"1c793082-7b16-4542-a712-ca2accb23100"},{"type":"Feature","geometry":{"type":"LineString","coordinates":[[12122235.97137331,1534150.5359118],[12122229.8945366,1534150.71960291],[12122224.60571543,1534148.6252561],[12122219.7904436,1534147.93145036],[12122215.9243579,1534148.06397678],[12122202.74820555,1534143.90957208],[12122193.59808266,1534139.55468503],[12122197.50049315,1534131.14171802],[12122199.3880803,1534129.2915689],[12122200.19704538,1534123.00877014],[12122194.1628905,1534114.89348411],[12122187.22889906,1534110.42229028],[12122185.73484674,1534094.64159771],[12122184.27111657,1534085.59866595],[12122181.09661086,1534074.088873],[12122174.96235707,1534060.26339085],[12122175.00072457,1534048.70781926],[12122176.88572124,1534037.25783688],[12122178.91922804,1534027.92892128],[12122179.27227567,1534017.90844869],[12122178.62001938,1534012.91766991],[12122179.27227567,1534007.58137733],[12122197.62506792,1534013.07736058],[12122228.58430058,1534024.26936148],[12122243.36417167,1534029.86549326],[12122258.01339976,1534032.06273194],[12122254.18425293,1534041.41161324],[12122251.29844274,1534052.99456438],[12122250.30249859,1534057.70894538],[12122246.373254,1534078.86229688],[12122243.15305747,1534100.16275476],[12122240.62025288,1534116.52330389],[12122239.12598579,1534129.44492747],[12122235.97137331,1534150.5359118]]},"properties":null,"id":"57a505e0-9379-478f-a8ed-1c7001f9ba12"},{"type":"Feature","geometry":{"type":"LineString","coordinates":[[12122709.49270463,1533637.51647854],[12122712.15936468,1533639.66385004],[12122713.25807747,1533645.33240416],[12122722.05094012,1533651.28389112],[12122728.10119499,1533656.61294325],[12122728.74030622,1533665.35259036],[12122724.29347369,1533672.26915283],[12122718.55330193,1533681.76640304],[12122712.30923122,1533691.18214272],[12122718.28535811,1533715.69970721]]},"properties":{"color":"#c026d3"},"id":"a193b6dd-83e7-4e3e-a07b-de97779e01da"},{"type":"Feature","geometry":{"type":"LineString","coordinates":[[12122343.63771302,1533918.2068067],[12122349.09128406,1533910.25162375],[12122353.231206,1533898.09211278],[12122355.14543844,1533885.31199123],[12122358.40295814,1533865.28471869],[12122357.5336264,1533852.69762902],[12122356.49104816,1533832.34265905],[12122357.73290742,1533816.35354051],[12122359.32576074,1533785.43581603],[12122366.67897947,1533752.92541949],[12122371.3510093,1533731.22174319],[12122382.99544071,1533697.5499591],[12122394.0160527,1533670.97891363]]},"properties":{"color":"#c026d3"},"id":"8fb244aa-3e06-4f22-8237-53bda6c4a3f5"},{"type":"Feature","geometry":{"type":"LineString","coordinates":[[12122702.48441209,1533747.68905002],[12122707.08749828,1533732.52073993],[12122715.06903732,1533726.33449173],[12122718.67908602,1533725.95426464],[12122717.33226269,1533720.76163552],[12122718.28535811,1533715.69970721]]},"properties":{"color":"#c026d3"},"id":"d55e230d-908d-425f-a809-4892e4eff2e4"},{"type":"Feature","geometry":{"type":"LineString","coordinates":[[12122695.96300667,1533813.13349563],[12122682.21564923,1533816.56066753],[12122665.98981222,1533821.03579581],[12122656.52474592,1533821.97245232],[12122646.47162351,1533837.92465702],[12122638.98278176,1533851.66226334],[12122629.8297459,1533859.36364985],[12122610.96774169,1533869.05430747],[12122605.24709627,1533876.44346455],[12122606.39122377,1533886.85074941],[12122615.64826977,1533888.72405846],[12122621.78496372,1533891.84624154],[12122622.51304269,1533895.69693479],[12122617.89043227,1533913.82804315],[12122612.06576876,1533921.21721215],[12122606.07175778,1533923.43328984],[12122583.8132449,1533958.71396415],[12122583.70923475,1533967.56014755],[12122588.17444386,1533969.25343511],[12122586.99502269,1533980.59561499],[12122585.78944888,1533986.09520454],[12122580.5475859,1533985.89851983],[12122572.48822458,1533994.22485834],[12122567.63950032,1533993.17587156],[12122554.01615514,1533996.81103746],[12122541.88601675,1534008.69747935],[12122530.15700934,1534031.92836743],[12122516.42441073,1534057.0397322],[12122509.11967878,1534065.79807569],[12122508.79206235,1534074.45222288],[12122506.74057088,1534086.26320656],[12122500.97452461,1534096.0974645],[12122496.24588389,1534103.06078224],[12122496.7045449,1534117.6154882],[12122493.35459347,1534129.89660972],[12122486.34359874,1534144.25463097],[12122482.73981794,1534147.7294025],[12122483.01540105,1534156.29866057],[12122486.16051583,1534161.21579079],[12122484.58796094,1534168.95207768],[12122477.47803654,1534180.20317344],[12122477.54356383,1534191.02085993],[12122474.92263234,1534193.64332938],[12122473.91128156,1534232.28930378],[12122472.08595878,1534245.17642536],[12122468.5361333,1534249.63696765],[12122462.59222937,1534248.48052983],[12122459.45517473,1534241.70711819],[12122455.82279004,1534236.00753673],[12122446.23632666,1534232.88137394],[12122439.96221109,1534224.70371412],[12122437.65069814,1534223.96028936],[12122426.42332615,1534230.56849829],[12122418.33302138,1534237.01150294],[12122409.9950516,1534240.39821033],[12122403.39071494,1534242.3806727],[12122397.7770321,1534233.7900014],[12122399.92343922,1534227.26439382],[12122401.90915398,1534218.16819891],[12122407.27517495,1534210.89916656],[12122407.77049871,1534200.82165046],[12122407.26141606,1534187.94965898],[12122407.74696751,1534182.08492582],[12122407.74696751,1534182.08492582]]},"properties":null,"id":"fe3cc6ad-a367-4c92-bb4e-42d4f21ee559"},{"type":"Feature","geometry":{"type":"LineString","coordinates":[[12122407.74696751,1534182.08492582],[12122408.14390176,1534177.29055558],[12122404.26255109,1534170.56213372],[12122409.95278708,1534162.6953848],[12122414.98859012,1534150.05718585],[12122419.19885147,1534145.92705527],[12122425.47296704,1534146.00965031],[12122434.60681187,1534125.63061607],[12122443.67917542,1534104.11621649],[12122443.57011904,1534089.63136969],[12122441.17604688,1534084.09699408],[12122440.26795228,1534078.48001712],[12122445.1386432,1534073.11084737],[12122449.43146376,1534068.56770373],[12122463.28766711,1534043.42820946],[12122461.63658373,1534036.48958882],[12122467.66304058,1534029.38576548],[12122479.29007833,1534019.36944114],[12122492.5189249,1533996.34606261],[12122497.22861847,1533977.28662153],[12122499.87035565,1533960.6834947],[12122508.73574995,1533937.25386298],[12122515.00647548,1533911.52808967],[12122515.83201717,1533905.49810595],[12122495.7417508,1533893.9371913],[12122489.05486438,1533891.62431881],[12122482.20286585,1533893.60678275],[12122478.40537535,1533887.41158687],[12122475.61917198,1533876.31244925],[12122478.5911208,1533865.82191694],[12122476.2820964,1533855.02466353],[12122472.40204669,1533848.2512519],[12122470.94672498,1533838.88173727],[12122471.77226666,1533834.00818192],[12122474.57910966,1533825.83052526],[12122481.71144844,1533822.30234345],[12122485.67405106,1533815.69413609],[12122485.67405106,1533803.5515547],[12122481.62287887,1533789.27614701],[12122483.85184521,1533780.93328134],[12122489.01663735,1533772.24793821],[12122492.48390992,1533769.76985986],[12122494.11407735,1533760.85885055],[12122493.28853567,1533753.58981978],[12122495.68260782,1533745.65997032],[12122498.57200373,1533740.70380732],[12122493.97257487,1533734.89240137]]},"properties":null,"id":"edf1957c-b96a-4538-8c33-c1d82f28c6d4"},{"type":"Feature","geometry":{"type":"LineString","coordinates":[[12122662.25053268,1533372.65092304],[12122658.57587223,1533406.83164603],[12122664.32686408,1533428.16017607],[12122655.92757261,1533447.78903846],[12122656.44199066,1533467.00529526],[12122661.35817414,1533479.00660184],[12122658.70034211,1533484.41117724],[12122667.31075245,1533493.82062088],[12122669.7370607,1533503.79543491],[12122660.8757605,1533512.13416793],[12122657.62002638,1533527.63759981],[12122644.41871358,1533545.59166903],[12122643.39101423,1533575.07200316],[12122637.16220193,1533602.75270908]]},"properties":{"color":"#c026d3"},"id":"ae2a0c11-9eab-40b6-bd13-e17d3aa7ddbc"},{"type":"Feature","geometry":{"type":"LineString","coordinates":[[12122720.91571847,1533427.65475259],[12122720.84943352,1533423.43822173],[12122726.19562636,1533425.1500057],[12122723.74333544,1533432.08347379],[12122722.24739492,1533465.75475457],[12122723.29941619,1533479.798193],[12122724.06052081,1533495.43661844],[12122725.10016838,1533507.42431485],[12122732.09983784,1533521.46844033],[12122735.71383806,1533535.14035737],[12122729.13860333,1533562.77153646],[12122725.31137117,1533578.63912861],[12122720.71003208,1533607.29101903],[12122719.67869979,1533615.7763924],[12122723.27169604,1533622.84854191],[12122727.55470333,1533629.49306578],[12122729.65609983,1533635.9405144],[12122732.61366562,1533649.815987],[12122734.38791063,1533661.82990955],[12122730.20465342,1533669.29140096],[12122719.8362003,1533685.90363818]]},"properties":{"color":"#c026d3"},"id":"321eafb0-aec8-4e84-bd0b-09c7c5c487e5"},{"type":"Feature","geometry":{"type":"LineString","coordinates":[[12122728.10119499,1533656.61294325],[12122730.18319134,1533651.90337536],[12122727.38914419,1533644.44821206],[12122724.5844264,1533634.13837135],[12122722.6815016,1533628.90054809],[12122718.23413615,1533620.14804917],[12122716.30219151,1533615.25798751],[12122715.6996603,1533607.4705749],[12122717.35528748,1533594.60873573],[12122719.28595977,1533578.40238513],[12122720.30807305,1533573.16963412],[12122722.82543936,1533560.3808273],[12122731.55422435,1533538.0280208],[12122729.68010565,1533530.68701192],[12122722.09862063,1533514.38444767],[12122718.08132303,1533507.72562262],[12122718.89289818,1533502.24427734],[12122719.65011933,1533481.57772302],[12122718.46973883,1533462.41671532],[12122719.7897696,1533441.02057541],[12122720.91571847,1533427.65475259]]},"properties":{"color":"#c026d3"},"id":"b63a2674-79c9-472a-bf0b-08a0f5188d6c"},{"type":"Feature","geometry":{"type":"LineString","coordinates":[[12122982.531408,1533491.67760945],[12122963.46503086,1533495.85338688],[12122942.43474029,1533498.7191152],[12122908.50023904,1533494.52139429],[12122871.82522828,1533489.60895881],[12122843.39743437,1533481.30958595],[12122831.20477294,1533477.37944176],[12122813.49653298,1533454.402729],[12122810.71431397,1533443.67671541],[12122808.9958866,1533438.84591812],[12122806.45915989,1533426.15483557]]},"properties":{"color":"#c026d3"},"id":"e2347985-1aa8-4f96-8ea2-513888e2dc3a"},{"type":"Feature","geometry":{"type":"LineString","coordinates":[[12122811.33489234,1533427.83676087],[12122812.50396664,1533438.49455497],[12122819.12870775,1533452.01176425],[12122829.65035657,1533467.08864733],[12122839.52252077,1533475.01701227],[12122871.47343243,1533483.98261572],[12122898.03354418,1533489.83117131],[12122933.71018915,1533492.2742701],[12122953.89093106,1533492.16887904],[12122975.98501327,1533488.73000443]]},"properties":{"color":"#c026d3"},"id":"d00e7200-6c74-4289-9c48-4bc26b7f1bb2"},{"type":"Feature","geometry":{"type":"LineString","coordinates":[[12122637.16220193,1533602.75270908],[12122636.70499794,1533612.47108475],[12122638.42008382,1533622.8579543],[12122640.9874511,1533636.53719521],[12122643.51494681,1533646.29181832],[12122647.57698907,1533647.82726534],[12122654.3470595,1533640.1500182],[12122662.55231468,1533632.85625439],[12122677.1370743,1533614.26485899],[12122684.36575018,1533602.22897115],[12122685.5753484,1533586.92969036],[12122686.07686434,1533579.54587968],[12122691.64729886,1533570.88071459],[12122700.53132981,1533565.7192286],[12122704.25690176,1533581.34709764],[12122705.54651104,1533592.38697185],[12122706.2629655,1533603.28346779],[12122697.09235714,1533618.48121847],[12122703.20221481,1533630.43666016],[12122709.49270463,1533637.51647854],[12122696.58444115,1533641.85187233],[12122685.39125667,1533649.34847935],[12122671.05835584,1533656.76129212],[12122667.05475764,1533661.37952015],[12122661.9997731,1533675.55985453],[12122665.52020421,1533690.21526058],[12122668.40876484,1533703.40206656],[12122670.05345912,1533715.79288014],[12122666.64155743,1533721.7103121],[12122658.40612843,1533741.3787685],[12122653.60036331,1533745.12488409],[12122646.20790963,1533747.34392026],[12122636.33045503,1533754.65083035],[12122631.89498109,1533764.32355779],[12122634.51077153,1533769.7289044],[12122647.17783354,1533772.0080271],[12122658.83516433,1533775.25123615],[12122669.3551989,1533777.35647726],[12122683.50166952,1533772.0080271],[12122684.58210592,1533764.78193029],[12122686.61907268,1533759.75151273],[12122698.10580665,1533751.21675322],[12122702.48441209,1533747.68905002],[12122710.51209402,1533748.36582554],[12122723.34371214,1533762.53157885],[12122735.26300875,1533774.13984015],[12122739.21624092,1533784.93313096],[12122744.20964928,1533799.27236808],[12122742.29889305,1533814.44791082],[12122736.68603581,1533813.13349563],[12122730.59549634,1533820.30304295],[12122723.43015365,1533819.58608548],[12122708.50235638,1533818.51065612],[12122695.96300667,1533813.13349563]]},"properties":null,"id":"775c55c3-f046-4899-b067-986ad4aac650"},{"type":"Feature","geometry":{"type":"LineString","coordinates":[[12122423.18094964,1533575.23008692],[12122419.7900183,1533584.18677587],[12122415.64269547,1533595.48602615],[12122412.14849885,1533604.35919423],[12122409.1419335,1533611.44852237],[12122405.29107901,1533622.66757357],[12122403.78791569,1533626.67226937],[12122404.24840614,1533626.95753997],[12122398.97848188,1533640.68146121],[12122394.6930575,1533648.91814188],[12122392.04248493,1533653.28578886],[12122388.15916348,1533663.08808314],[12122386.51652237,1533671.22563428],[12122385.69702712,1533675.0367454],[12122381.62760338,1533685.05469535],[12122378.24684277,1533694.45704785],[12122374.61880743,1533702.94655751],[12122372.42844002,1533708.94474471]]},"properties":null,"id":"8de67418-6716-4da0-ae5e-f0fb49c2cc4f"},{"type":"Feature","geometry":{"type":"LineString","coordinates":[[12122375.72971085,1533708.91811725],[12122377.67384547,1533703.9935638],[12122379.77113513,1533698.68585059],[12122381.81992412,1533693.61770282],[12122383.53538512,1533689.07583789],[12122385.39445061,1533684.16043835],[12122387.75223228,1533678.13251501],[12122390.12557298,1533671.85652606],[12122392.69919949,1533664.94665248],[12122395.19351166,1533659.06627957],[12122397.65236603,1533652.17574507],[12122400.05769847,1533646.26960513],[12122402.69189105,1533639.2355798],[12122404.03353166,1533635.56846075],[12122406.89302226,1533628.10007906],[12122407.43295,1533628.18193441],[12122409.7032823,1533622.61481383],[12122412.56482607,1533615.50343818],[12122415.90972023,1533606.28757691],[12122419.5517517,1533597.02039221],[12122423.3654808,1533587.05870344],[12122426.33486037,1533579.01615955],[12122427.42135192,1533576.14151823]]},"properties":null,"id":"7e22692b-fab2-400a-a285-fb2bee8994bf"},{"type":"Feature","geometry":{"type":"LineString","coordinates":[[12122493.97257487,1533734.89240137],[12122502.3251766,1533727.4507844],[12122505.41450223,1533721.95543736],[12122514.11036527,1533720.92505788],[12122519.60248517,1533723.10030151],[12122521.66203559,1533728.02321647],[12122525.0946138,1533728.25219018],[12122527.69764965,1533724.31671748],[12122530.9013928,1533719.16482881],[12122535.8214207,1533716.93234503],[12122540.28376975,1533719.05034414],[12122541.54238438,1533723.3435847],[12122536.26626387,1533736.50495343],[12122528.21002323,1533748.61003495],[12122523.69046105,1533754.73506295],[12122520.71556168,1533760.00143847],[12122518.54159374,1533771.16386283],[12122517.40491397,1533784.31522436],[12122519.57887755,1533793.93208496],[12122523.46742469,1533802.98211951],[12122524.05766645,1533823.14036375],[12122522.89492307,1533825.67139769],[12122522.2179188,1533838.13558527],[12122525.27472391,1533841.84506001],[12122534.93331885,1533845.0514266],[12122545.60160288,1533849.5076242],[12122555.89206916,1533849.32698482],[12122561.70475694,1533846.46016767],[12122570.68969844,1533839.10013338],[12122582.54447963,1533827.03625711],[12122591.58395927,1533819.70862257],[12122596.62151491,1533806.78901053],[12122601.11817447,1533792.77744018],[12122604.45996632,1533773.14092052],[12122607.85280746,1533750.94585968],[12122611.02865571,1533745.3237366],[12122611.42671188,1533739.69081915],[12122612.90519569,1533731.49748272],[12122617.78563683,1533715.19388762],[12122621.51118259,1533704.15406001],[12122630.38244394,1533691.60362437],[12122625.36728052,1533683.07284718],[12122621.50042347,1533672.92153421],[12122624.58116722,1533664.82088182],[12122622.83404987,1533653.36886683],[12122623.33556375,1533638.17118113],[12122623.26391969,1533620.81016127],[12122618.96539289,1533611.28746641],[12122614.78552906,1533600.02746431],[12122605.80305343,1533586.13729025]]},"properties":null,"id":"880f70e4-2e93-45ce-b866-49a19f4ea498"},{"type":"Feature","geometry":{"type":"LineString","coordinates":[[12122423.03880426,1533284.54208654],[12122423.79424758,1533289.18435779],[12122424.51761512,1533293.93310265],[12122425.11316589,1533297.74610819],[12122425.96843701,1533302.96863286],[12122426.86252062,1533308.31657044],[12122427.70873882,1533313.72045534],[12122428.35362069,1533318.82828406],[12122428.86234916,1533324.1475205],[12122429.19949593,1533329.89155776],[12122429.63455709,1533336.20969239],[12122429.67420278,1533345.36656881],[12122428.9233085,1533352.82458596],[12122429.14312825,1533361.87115012],[12122429.9836411,1533369.20739894],[12122431.30337088,1533378.47124587],[12122433.43398559,1533385.89138991],[12122436.30306183,1533394.03223363],[12122439.50709647,1533403.19910016],[12122441.92055239,1533410.46445584],[12122444.96516254,1533419.5636468],[12122447.68243342,1533427.3486736],[12122450.36402856,1533435.29370541],[12122452.14739206,1533442.79524808],[12122453.50048927,1533452.30595679],[12122454.10247775,1533461.00792987],[12122454.46814896,1533470.01996395],[12122454.48339396,1533478.75707682],[12122454.23853997,1533487.01493803],[12122453.4244369,1533495.27982889],[12122451.62301962,1533503.00112282],[12122449.74955647,1533511.01201507],[12122447.96468733,1533518.86392963],[12122445.74472427,1533526.55952904],[12122443.04574379,1533534.02455433],[12122439.73844981,1533542.77639248],[12122436.40282369,1533551.81754466],[12122433.14652372,1533560.99547438],[12122429.85564113,1533569.73035214],[12122427.42135192,1533576.14151823]]},"properties":null,"id":"5aa1896b-1d30-40c2-868f-426dad22b659"},{"type":"Feature","geometry":{"type":"LineString","coordinates":[[12122340.60306415,1533254.89636237],[12122341.48464246,1533311.3982052],[12122344.92047339,1533339.84933844],[12122351.66871485,1533391.87325505],[12122354.95220613,1533432.71308009],[12122358.35251771,1533451.62941166],[12122363.68397669,1533469.0557362],[12122365.22045592,1533490.09882993],[12122371.85515862,1533515.58630346],[12122375.45737904,1533537.67363847],[12122376.16823843,1533549.05408091],[12122369.29199686,1533582.23865694],[12122372.29900687,1533602.38341407],[12122378.22285018,1533612.81549535],[12122391.85343741,1533629.26911536],[12122399.82400717,1533630.25922632],[12122406.8797631,1533610.45038266],[12122406.8797631,1533610.45038266],[12122422.7619348,1533568.7924576],[12122430.36833363,1533549.08586093],[12122437.97412767,1533529.97798175],[12122441.81026747,1533517.50320754],[12122444.56737721,1533502.94822155],[12122444.56737721,1533502.94822155],[12122446.85570937,1533483.51522505],[12122446.98520152,1533460.52978464],[12122446.91585924,1533456.22797454],[12122442.84621124,1533435.81999808],[12122436.56224116,1533418.1581075],[12122425.628628,1533388.39758301],[12122422.47882498,1533373.73554701],[12122421.99002282,1533354.54121836],[12122424.15352874,1533342.55762031],[12122425.3312501,1533329.64484193],[12122424.35006314,1533318.90001212],[12122421.18665385,1533298.04377759],[12122418.77306685,1533282.8538364]]},"properties":null,"id":"b84fd838-7afe-4bec-9a63-652859eeb0d0"},{"type":"Feature","geometry":{"type":"LineString","coordinates":[[12122370.42625384,1533535.23651305],[12122363.05266377,1533500.3141365],[12122359.13736357,1533476.70486968],[12122358.00057223,1533465.24900419],[12122352.08490801,1533439.46096762],[12122349.39750309,1533433.46379233],[12122347.60771561,1533420.72128694],[12122346.86927763,1533394.86044165],[12122338.92770599,1533334.26102049],[12122336.15218612,1533291.78261234],[12122337.18282591,1533285.72337733],[12122335.51330128,1533252.70127368]]},"properties":null,"id":"04a6ae00-ece0-451e-adab-3e20ff9f0f65"},{"type":"Feature","geometry":{"type":"LineString","coordinates":[[12122434.98223662,1533289.43406721],[12122441.33369733,1533315.71176081],[12122447.60282824,1533342.01903871],[12122448.86256723,1533362.43878665],[12122450.37425018,1533377.81661695],[12122454.78333665,1533392.0019171],[12122461.83787309,1533398.17825984],[12122472.7976081,1533399.06059314],[12122481.867725,1533397.67406904],[12122492.66255967,1533389.53296046],[12122496.26203795,1533376.72730084],[12122500.99784893,1533344.38956642],[12122502.74012961,1533313.99601286]]},"properties":null,"id":"dba3ef37-43ea-4ab1-b4df-da5965800509"},{"type":"Feature","geometry":{"type":"LineString","coordinates":[[12122431.09713587,1533287.78526211],[12122436.02493423,1533310.06139014],[12122443.67789672,1533335.5890592],[12122445.34982782,1533360.41857883],[12122446.90650979,1533382.19282213],[12122447.52248123,1533397.24902181],[12122460.10595528,1533404.90919322],[12122479.28914536,1533405.87771921],[12122493.58365003,1533397.04882361],[12122499.47208027,1533386.75648733],[12122502.54069875,1533362.327263],[12122505.65376703,1533342.65056273],[12122506.44120225,1533315.76606285]]},"properties":null,"id":"d98660dc-f8fa-4eb7-be81-b507ba3695d5"},{"type":"Feature","geometry":{"type":"LineString","coordinates":[[12122419.89712331,1533283.47185097],[12122420.9956975,1533290.11297107],[12122422.1698226,1533299.31274315],[12122423.40550797,1533306.04175855],[12122424.8425677,1533314.08227836],[12122425.68424629,1533321.85833932],[12122426.22331911,1533330.56163788],[12122425.91740405,1533339.28691514],[12122425.64387539,1533346.51193935],[12122424.91943965,1533350.90411556],[12122424.60302838,1533358.93987794],[12122425.12942971,1533367.4866135],[12122425.94957209,1533375.89114769],[12122428.18426238,1533384.51705293],[12122430.4797457,1533392.15831205],[12122433.50053316,1533399.42919284],[12122437.28333954,1533409.85818468],[12122441.0392665,1533420.90739565],[12122445.04463086,1533434.02336688],[12122447.97068095,1533444.94813167],[12122449.22518362,1533452.4852551],[12122449.80296083,1533462.6413627],[12122450.25674774,1533475.93273778],[12122449.48083929,1533487.43013971],[12122448.14093079,1533498.0634647],[12122446.35302626,1533506.14509294],[12122444.24831801,1533515.53796977],[12122442.5328049,1533520.87981664],[12122441.25164457,1533525.78124677],[12122438.65990098,1533533.77344765],[12122435.26410388,1533542.10434019],[12122432.73289434,1533548.90236893],[12122429.93636928,1533556.59714841],[12122426.47360562,1533565.94483388],[12122423.18094964,1533575.23008692]]},"properties":null,"id":"d4e32eb6-ce7b-4a20-a641-baacf7bc4bf7"},{"type":"Feature","geometry":{"type":"LineString","coordinates":[[12122394.0160527,1533670.97891363],[12122403.43891759,1533646.06381317],[12122413.4686252,1533622.95489545],[12122420.76754719,1533603.579356],[12122430.1019148,1533581.52038056],[12122438.63822053,1533557.92543364],[12122441.63990225,1533549.8410312],[12122446.54050771,1533536.30537797],[12122452.86985974,1533517.32037096],[12122455.31081247,1533504.9607571],[12122457.64629462,1533490.3298103],[12122457.80192777,1533472.54720791],[12122456.26479712,1533448.57407873],[12122452.38583044,1533430.3737745],[12122445.07742927,1533411.45308079],[12122438.79565678,1533390.87243047],[12122433.90561345,1533376.62976003],[12122432.9752176,1533366.28050189],[12122432.49243608,1533354.96034026],[12122433.20112969,1533337.28639952],[12122433.39452796,1533330.70440651]]},"properties":{"color":"#c026d3"},"id":"83673945-62e9-46b0-9c16-97671d667295"},{"type":"Feature","geometry":{"type":"LineString","coordinates":[[12122424.24042197,1533284.93087691],[12122426.07995367,1533295.92154609],[12122429.67811675,1533316.75634721],[12122430.56828217,1533329.30341098],[12122433.39452796,1533330.70440651]]},"properties":{"color":"#c026d3"},"id":"2d225a38-eaa1-4380-9663-9c84efbdfe1f"},{"type":"Feature","geometry":{"type":"LineString","coordinates":[[12122605.80305343,1533586.13729025],[12122619.74195668,1533565.64267111],[12122628.18005777,1533531.32577203],[12122638.25693707,1533516.7434484],[12122639.07353521,1533481.60948239],[12122640.43451825,1533456.14415377],[12122629.32231501,1533433.50684015],[12122629.86669992,1533415.80367846],[12122646.87142015,1533399.75038032],[12122653.26803629,1533369.65500753]]},"properties":{"color":"#c026d3"},"id":"7f445114-48f6-4510-9b3b-1f2ecfc08da6"},{"type":"Feature","geometry":{"type":"LineString","coordinates":[[12122234.40649258,1533709.70186452],[12122232.665831,1533715.00789309],[12122234.50573927,1533729.8039985],[12122237.74984199,1533734.73187725],[12122237.95016733,1533745.69938718],[12122238.03602312,1533752.65789371],[12122236.66231078,1533760.47547508],[12122242.35469737,1533761.06550351]]},"properties":null,"id":"0cb3851c-47ef-4314-8d57-94f44a1b61e9"},{"type":"Feature","geometry":{"type":"LineString","coordinates":[[12122206.81199806,1533770.16582662],[12122208.15334256,1533765.40175249],[12122207.44416922,1533759.75882347],[12122214.73852843,1533759.69124192],[12122215.42972752,1533770.26796468]]},"properties":null,"id":"846ceee3-b3fe-47a2-a22e-7472a5acd5f8"},{"type":"Feature","geometry":{"type":"LineString","coordinates":[[12122210.09843843,1533796.11793093],[12122213.08073506,1533784.57348034],[12122206.1218487,1533784.0670806]]},"properties":null,"id":"54c821da-2e8a-4221-b48a-123afb91049e"},{"type":"Feature","geometry":{"type":"LineString","coordinates":[[12122213.08073506,1533784.57348034],[12122215.24637483,1533778.70849111],[12122215.42972752,1533770.26796468],[12122212.81893346,1533772.07746967]]},"properties":null,"id":"b687bcc6-bca0-4144-9343-1fa76824a00c"},{"type":"Feature","geometry":{"type":"LineString","coordinates":[[12122205.77719008,1533807.79063441],[12122210.09843843,1533796.11793093],[12122202.2919883,1533793.85156436]]},"properties":null,"id":"7047ad83-9ff5-47df-a99d-8ea859edecf4"},{"type":"Feature","geometry":{"type":"LineString","coordinates":[[12122219.75324404,1533832.82157591],[12122225.82010468,1533833.2174725],[12122230.09199644,1533834.00380056],[12122229.46733478,1533835.75791695],[12122227.28952851,1533839.23943921],[12122226.83254449,1533842.99906264],[12122225.69008637,1533844.9804852],[12122223.58288507,1533845.03129062],[12122221.52646085,1533843.63413355],[12122217.03279303,1533842.26237944],[12122213.75774605,1533837.91849148],[12122213.07227195,1533834.10806214],[12122214.3432679,1533832.47378321],[12122212.72456336,1533819.58009189],[12122213.45353871,1533812.6575431],[12122213.27582184,1533806.05280107],[12122212.03354482,1533800.15779445],[12122214.51029452,1533796.2110289],[12122217.9043591,1533796.14983729],[12122222.6438193,1533798.65863616],[12122220.92543649,1533803.16085321],[12122220.32830222,1533807.45889154],[12122220.76536869,1533817.93097305],[12122220.48127946,1533821.94320082],[12122220.99090388,1533824.3956913],[12122219.97165504,1533826.92102879],[12122219.75324404,1533832.82157591]]},"properties":null,"id":"5b193eb2-c6c5-4eb2-a53a-e330d2592e8e"},{"type":"Feature","geometry":{"type":"LineString","coordinates":[[12122212.01830251,1533833.43695711],[12122211.35562342,1533828.32600257],[12122208.06640899,1533820.81445003],[12122206.20896907,1533819.34311364],[12122207.0426186,1533813.91728012],[12122209.71268737,1533806.36700734],[12122210.98967768,1533801.64324664],[12122212.03354482,1533800.15779445]]},"properties":null,"id":"e19f02c2-6c06-45d8-a769-80a542b43d94"},{"type":"Feature","geometry":{"type":"LineString","coordinates":[[12122206.20896907,1533819.34311364],[12122205.02040045,1533821.49414263],[12122205.11790839,1533825.44559182],[12122207.70910814,1533830.93247938],[12122209.83234734,1533834.96475274]]},"properties":null,"id":"2d06483d-9665-47dc-985f-73e6bd212736"},{"type":"Feature","geometry":{"type":"LineString","coordinates":[[12122243.74443801,1533878.11396583],[12122239.23622451,1533865.27169551],[12122237.71786546,1533851.69108618],[12122236.95236036,1533839.79627671],[12122237.50290562,1533834.70076309],[12122244.25215888,1533822.94378855],[12122248.70238139,1533826.01945865],[12122253.51692487,1533834.6929565],[12122256.63667088,1533839.42122458],[12122262.50454381,1533844.06668006],[12122266.49598386,1533845.99471044],[12122260.89879291,1533847.87683776],[12122255.58767188,1533852.68425998],[12122251.93667,1533863.09216778],[12122249.00236914,1533873.73625223],[12122243.60488779,1533878.3019363]]},"properties":null,"id":"a12bd910-653c-40ef-8b79-ebd093a95221"},{"type":"Feature","geometry":{"type":"LineString","coordinates":[[12122329.86074002,1533905.10860429],[12122324.82029093,1533905.0003071],[12122319.89543603,1533901.48049002],[12122316.78808588,1533895.32081013],[12122311.89475149,1533884.68766669],[12122306.24468166,1533871.57612111],[12122297.54606315,1533853.67977105],[12122292.67076431,1533846.76904297],[12122286.01824757,1533841.96726684],[12122279.74192711,1533836.83289436],[12122275.0143652,1533830.10694511],[12122274.39567044,1533822.74272038],[12122275.68836361,1533807.21207899],[12122279.34600528,1533790.15017393],[12122278.41717932,1533777.67847026],[12122278.12157626,1533765.2749337],[12122280.84600805,1533748.02753388],[12122279.73205208,1533742.61159607],[12122280.14245927,1533735.33730878],[12122282.23679992,1533715.15901776],[12122287.46321924,1533695.24713558],[12122293.52070647,1533672.25711246],[12122314.23240551,1533608.06468651],[12122322.67501326,1533588.70569258],[12122344.24713314,1533573.51848075],[12122366.55532726,1533574.62715366],[12122364.1081951,1533588.60914343],[12122367.0130841,1533601.20331435],[12122373.9688421,1533613.0530772],[12122379.26445798,1533621.13277599],[12122382.70371242,1533629.14607264],[12122382.70371242,1533629.14607264],[12122393.09331191,1533633.12649242],[12122393.09331191,1533633.12649242],[12122392.11811085,1533641.68533875],[12122392.11811085,1533641.68533875],[12122387.51558218,1533655.31305426],[12122382.91305352,1533669.7866276],[12122379.47857496,1533679.81649898],[12122375.69159347,1533692.01300911],[12122370.98754558,1533704.87713238],[12122357.54131363,1533739.45625006],[12122352.74016997,1533760.46900176],[12122347.87037495,1533782.82782814],[12122345.73939323,1533800.35390697],[12122344.86689245,1533820.67555535],[12122346.91755189,1533838.53207326],[12122347.58757371,1533853.32223471],[12122347.08105413,1533867.88949506],[12122345.21310592,1533883.04799468],[12122340.97956013,1533897.58740585],[12122337.53309523,1533906.05187465],[12122329.86074002,1533905.10860429]]},"properties":null,"id":"c2174d5e-1511-4d8a-8c68-f5f7ed3ec660"},{"type":"Feature","geometry":{"type":"LineString","coordinates":[[12122212.4810731,1533636.80201554],[12122210.13683707,1533633.39192209],[12122210.86177839,1533631.79161138]]},"properties":{"color":"#c026d3"},"id":"25a1e9c6-23a0-4419-9a5e-f3b0339ea57e"},{"type":"Feature","geometry":{"type":"LineString","coordinates":[[12122225.84618612,1533680.12239237],[12122229.85695069,1533687.61120108],[12122232.96895478,1533695.84061134],[12122232.24652761,1533704.01441833],[12122233.96192299,1533706.25441251],[12122234.40649258,1533709.70186452],[12122247.57694462,1533707.9225363],[12122244.57767028,1533697.6595076],[12122241.71912251,1533689.46546884],[12122239.52486558,1533684.14010138],[12122238.07758951,1533678.76801732],[12122235.37111553,1533671.06708791],[12122229.15804717,1533659.05536452],[12122226.97180568,1533653.75339345],[12122225.7711501,1533651.32792672],[12122220.31772588,1533646.67015342],[12122215.13949917,1533636.37030999],[12122205.37012713,1533637.95677205]]},"properties":null,"id":"debd3947-dcad-42af-80d9-74c5e10ffa80"},{"type":"Feature","geometry":{"type":"LineString","coordinates":[[12122225.7711501,1533651.32792672],[12122227.13167832,1533650.2533223]]},"properties":{"color":"#c026d3"},"id":"9e383b5e-f6e5-44c1-b762-33bdff1c8740"},{"type":"Feature","geometry":{"type":"LineString","coordinates":[[12122204.17280576,1533661.57298614],[12122204.78717073,1533664.13274327],[12122203.0225319,1533668.76763985],[12122203.33764606,1533672.26745846],[12122205.70100228,1533674.09619404],[12122207.93831235,1533673.87548505],[12122208.34796172,1533669.24058846],[12122208.37947266,1533666.46595688],[12122209.7818388,1533660.62708893]]},"properties":null,"id":"e0396269-c820-416a-b470-5c5263b33508"},{"type":"Feature","geometry":{"type":"LineString","coordinates":[[12122216.62421118,1533684.93822523],[12122221.64890277,1533681.76824112],[12122225.84618612,1533680.12239237],[12122221.47874077,1533670.24730635],[12122221.13156467,1533665.31690393],[12122219.42406952,1533665.34711474],[12122208.53102531,1533665.83495479]]},"properties":null,"id":"b9a3987c-12d7-481b-8733-a613eae78942"},{"type":"Feature","geometry":{"type":"LineString","coordinates":[[12122372.42844002,1533708.94474471],[12122368.02449895,1533720.23422978],[12122364.29801113,1533730.09625755],[12122361.77881599,1533737.97014272],[12122359.32110001,1533748.84432096],[12122356.58144562,1533759.49820753],[12122353.7064984,1533772.1690383],[12122351.21032389,1533783.09239297],[12122349.11744636,1533797.41442513],[12122348.33693153,1533814.5042235],[12122348.89098955,1533830.29214291],[12122349.96241577,1533844.76624033],[12122350.36867401,1533862.26461196],[12122349.64214599,1533872.11934344],[12122347.62277061,1533885.70232966],[12122346.05303196,1533896.41942237],[12122343.45850506,1533904.23144647],[12122336.84887465,1533914.80195539],[12122328.53075711,1533927.70260917],[12122319.09993194,1533940.47140408],[12122308.21285907,1533954.56140802],[12122300.55470856,1533969.07091403],[12122293.89759697,1533977.01970214],[12122292.09643681,1533981.12716165],[12122283.57700568,1533993.44608937],[12122274.17033865,1534006.94334444],[12122264.48402303,1534021.45956152],[12122258.9478487,1534031.86886265],[12122254.75327707,1534042.38363867],[12122251.48458901,1534056.28559848],[12122249.34665437,1534066.26848911],[12122247.57956237,1534078.18773304],[12122246.03293962,1534088.09010714],[12122244.42368158,1534100.60516859],[12122242.52801448,1534115.68354116],[12122240.39704895,1534130.11258208],[12122238.5220873,1534143.47388916],[12122236.70644448,1534153.28884598],[12122235.01524305,1534164.47093315],[12122234.07466067,1534169.63527697]]},"properties":null,"id":"88cb73b1-eecd-4306-8779-60fe4758424e"},{"type":"Feature","geometry":{"type":"LineString","coordinates":[[12122242.35469737,1533761.06550351],[12122244.38297952,1533752.91723881],[12122246.32350553,1533741.24356755],[12122247.18361381,1533733.13911069],[12122247.33503864,1533721.9306855],[12122246.86282196,1533712.60972317],[12122245.57823094,1533708.19256254]]},"properties":null,"id":"528fbcfe-f100-447c-95ba-4b55be2e0275"},{"type":"Feature","geometry":{"type":"LineString","coordinates":[[12122237.87385212,1534169.8206788],[12122240.14218752,1534155.10258571],[12122241.924868,1534143.63838721],[12122243.59695707,1534133.4338298],[12122245.08257336,1534123.28932438],[12122246.65072403,1534112.28490004],[12122248.09191001,1534100.82337678],[12122249.00936495,1534092.31145901],[12122250.71760818,1534081.97089809],[12122252.77847911,1534071.11001745],[12122254.00382002,1534061.28389612],[12122255.6086665,1534052.91179828],[12122258.46530297,1534043.8468694],[12122260.94397987,1534035.72295267],[12122263.68323703,1534029.41089004],[12122267.15780346,1534023.50874796],[12122271.00570898,1534017.36780525],[12122276.30039788,1534010.12928813],[12122282.39426579,1534001.13141988],[12122288.69420089,1533991.30217466],[12122295.12698931,1533982.02930604],[12122300.93086053,1533974.53485305],[12122306.60128802,1533966.41435616],[12122313.71934348,1533956.52421552],[12122319.72618686,1533948.1084688],[12122326.36658752,1533938.9261441],[12122333.40905222,1533928.26635779],[12122339.61213154,1533918.56799524],[12122344.43299476,1533910.9176443],[12122348.42383511,1533903.13435511],[12122350.99219461,1533893.31492581],[12122352.65958467,1533883.22918279],[12122354.19325927,1533872.6469972],[12122354.8023588,1533862.47146027],[12122354.47909982,1533852.64152921],[12122353.63541324,1533841.27110028],[12122353.13967026,1533833.22712497],[12122352.52847205,1533826.21277],[12122352.47470633,1533818.99863541],[12122352.81367628,1533810.49496836],[12122353.16875917,1533801.86888387],[12122353.5896397,1533796.18493466],[12122354.47443847,1533788.8208069],[12122355.56188308,1533781.73672653],[12122357.21014964,1533774.91693963],[12122358.63986764,1533768.26033007],[12122359.71038597,1533764.51131574],[12122361.14333324,1533757.74157375],[12122362.56905655,1533750.46251997],[12122364.24214392,1533741.81957845],[12122365.61784859,1533736.31287867],[12122367.45194843,1533730.8556158],[12122369.78937943,1533724.80447807],[12122372.23531268,1533718.61864311],[12122374.61180337,1533711.63835067],[12122375.77491618,1533708.80361075]]},"properties":null,"id":"41699fd8-1bd7-4383-9ceb-3135a0052931"},{"type":"Feature","geometry":{"type":"LineString","coordinates":[[12122280.70495026,1533232.6743605],[12122279.16985694,1533248.76445506],[12122274.94104086,1533268.11705128],[12122267.74640875,1533290.81402679],[12122259.89470131,1533310.29308731],[12122256.51164271,1533316.39948948],[12122261.38293786,1533322.41127807]]},"properties":{"color":"#c026d3"},"id":"af1cdb57-438e-4d6e-82e4-dfc0ca2e1bc0"},{"type":"Feature","geometry":{"type":"LineString","coordinates":[[12122285.28962648,1533234.12604097],[12122280.59086067,1533266.90000523],[12122269.59997362,1533301.44137941],[12122265.77539951,1533308.76700399],[12122266.10322349,1533315.8739524],[12122272.44117116,1533340.93085109],[12122282.78078693,1533367.48083044],[12122284.63843388,1533384.97485729],[12122278.5120573,1533410.61943967],[12122279.05842503,1533424.39598831],[12122282.83251304,1533454.51578674],[12122291.0953907,1533481.15334288],[12122303.75428837,1533509.72370856],[12122305.28411968,1533520.001451],[12122306.04903117,1533525.57767039],[12122307.27585282,1533528.45036206]]},"properties":null,"id":"a67c4d5e-93e2-428d-bcfb-5ac3ba0f3521"},{"type":"Feature","geometry":{"type":"LineString","coordinates":[[12122273.82714326,1533419.36759836],[12122273.3762337,1533410.6498672],[12122276.61778735,1533403.79841326],[12122279.20259265,1533383.69018812],[12122278.64689915,1533368.01385368],[12122276.23888928,1533359.31064875],[12122269.05933425,1533343.0661229],[12122261.38293786,1533322.41127807]]},"properties":{"color":"#c026d3"},"id":"45d7907b-167c-41a4-9c02-6cecbe5b85b7"},{"type":"Feature","geometry":{"type":"LineString","coordinates":[[12122301.2198223,1533528.3677182],[12122290.6200418,1533528.54409952],[12122279.98450797,1533524.39121313],[12122271.68361111,1533516.60455301],[12122265.78974554,1533508.92267499],[12122256.04829649,1533490.97100232],[12122247.5389864,1533485.54120314],[12122243.83350088,1533475.29060648],[12122245.61857644,1533461.52979951],[12122256.40809563,1533456.51355205],[12122258.65036821,1533434.11859046],[12122262.08692699,1533427.67987363],[12122266.41226514,1533423.28329668],[12122273.82714326,1533419.36759836],[12122276.64204163,1533433.24428896],[12122278.88891248,1533456.73429875],[12122281.08590914,1533467.10747422],[12122290.07608483,1533490.15936702],[12122298.19894797,1533507.14050042],[12122300.05266358,1533515.72756274],[12122301.2198223,1533528.3677182]]},"properties":null,"id":"e85c45b9-cf07-4dec-809f-59b240ee12bd"},{"type":"Feature","geometry":{"type":"LineString","coordinates":[[12122240.23306776,1533502.8549299],[12122242.59817605,1533494.22514125],[12122239.63945492,1533487.38148281],[12122246.4953013,1533482.65402549]]},"properties":null,"id":"3eb04c7e-a8d7-4b51-8424-6b925fa46fba"},{"type":"Feature","geometry":{"type":"LineString","coordinates":[[12122259.74703362,1533542.66384396],[12122263.17517297,1533539.86834073],[12122268.45857676,1533543.35457827],[12122272.74241768,1533545.2977255],[12122294.44721089,1533546.02745265],[12122304.9664736,1533547.79117339],[12122323.84428386,1533543.9792585],[12122315.71318503,1533540.39492147],[12122306.38799559,1533535.50201723],[12122301.2198223,1533528.3677182]]},"properties":null,"id":"baeb8401-e1d3-4d49-a2e9-c2ad4bbc99f9"},{"type":"Feature","geometry":{"type":"LineString","coordinates":[[12122236.99425867,1533651.43671966],[12122230.93711627,1533651.02589284],[12122227.13167832,1533650.2533223],[12122223.93290551,1533646.96989617],[12122220.32391529,1533642.18442715],[12122219.19331483,1533638.84581771],[12122220.65482413,1533636.14181975],[12122224.62571545,1533633.35504709],[12122227.71692983,1533627.75600647],[12122229.51328554,1533607.84106144],[12122230.63014276,1533596.4082124],[12122231.0960369,1533585.64396472],[12122223.09111666,1533584.88114439],[12122217.35090273,1533580.90327348],[12122214.80512052,1533572.7741145],[12122216.08473534,1533561.43525019],[12122220.5274135,1533560.1897045],[12122221.47667618,1533554.34380488],[12122227.56148939,1533545.57863012],[12122231.19467262,1533540.43175999],[12122233.01431432,1533537.19172483],[12122233.21971491,1533528.40573151],[12122232.97386189,1533520.26619332],[12122230.09826545,1533515.43646479],[12122226.7091656,1533512.04538013],[12122229.01991336,1533502.64282347],[12122237.85210716,1533502.28316446],[12122246.83834846,1533504.44112636],[12122251.51119707,1533511.06915778],[12122252.28435812,1533517.96982411],[12122250.76886152,1533529.33840778],[12122250.24513709,1533537.12405451],[12122254.0608591,1533541.61577476],[12122259.74703362,1533542.66384396],[12122261.80632151,1533549.540375],[12122264.8738625,1533554.70585158],[12122271.90676513,1533555.67905992],[12122280.13675623,1533555.22988618],[12122282.28352458,1533565.24363002]]},"properties":null,"id":"6727d99d-acaf-488f-b8e6-7a3ae29a708f"},{"type":"Feature","geometry":{"type":"LineString","coordinates":[[12122366.55532726,1533574.62715366],[12122369.05116211,1533562.17341893],[12122371.13110004,1533553.32850407],[12122371.42822917,1533540.69291587],[12122370.42625384,1533535.23651305],[12122345.73185937,1533532.09376711],[12122307.27585282,1533528.45036206],[12122311.88981151,1533533.19646882],[12122319.04791703,1533536.34615752],[12122325.64545324,1533537.55425709],[12122328.01711493,1533542.0846309],[12122323.84428386,1533543.9792585]]},"properties":null,"id":"75cac443-02df-40a2-a7da-500cdae16d53"},{"type":"Feature","geometry":{"type":"LineString","coordinates":[[12122273.45365602,1533797.09228293],[12122275.45511931,1533788.51346453],[12122274.08176419,1533771.59976403],[12122275.51458404,1533753.30786509],[12122276.08276221,1533731.35883189],[12122278.35637746,1533714.8567863],[12122283.29356326,1533696.24622629],[12122288.49601041,1533676.03218552],[12122293.94566731,1533655.74831821],[12122301.84684269,1533630.76621819],[12122309.38056637,1533611.05417897],[12122317.2930647,1533585.73066057],[12122302.68179057,1533576.90545738],[12122282.28352458,1533565.24363002],[12122267.77483953,1533585.65646906],[12122267.77483953,1533585.65646906],[12122262.92938969,1533594.00064803],[12122257.515907,1533595.41368979],[12122256.23458448,1533614.01565081],[12122255.16357341,1533629.56435597],[12122253.04547173,1533636.59161027],[12122247.85924261,1533645.72472926],[12122236.99425867,1533651.43671966],[12122229.19985066,1533653.89544099],[12122232.11513042,1533662.05931095],[12122238.26929752,1533674.361988],[12122240.6887301,1533685.26630893],[12122243.2523371,1533689.30485289],[12122246.55391424,1533700.34679092],[12122249.38267836,1533711.15850459],[12122251.05037533,1533720.42297213],[12122251.70165894,1533728.34929857],[12122253.50953713,1533735.33725948],[12122256.67120939,1533744.10922703],[12122259.01451908,1533753.32589605],[12122261.76348589,1533758.75271793],[12122263.81212863,1533766.04966619],[12122266.02767943,1533772.69820637],[12122268.05844722,1533778.67018755],[12122268.22186499,1533781.23166278],[12122269.98021299,1533785.84074193],[12122272.11632026,1533790.82294201],[12122273.45365602,1533797.09228293]]},"properties":null,"id":"784e25ff-9169-4735-ab0a-58f71496516c"},{"type":"Feature","geometry":{"type":"LineString","coordinates":[[12122204.97384591,1533760.05466868],[12122198.70484209,1533759.87287918],[12122197.27274842,1533771.33635671],[12122192.32053026,1533786.59535314],[12122194.26078928,1533790.52437127],[12122190.89855284,1533796.73422683],[12122186.78705537,1533800.75568918],[12122189.49384318,1533802.9745025],[12122185.52093337,1533804.96212306],[12122181.96379712,1533805.79414756],[12122193.27918061,1533806.8339417]]},"properties":null,"id":"3fb6fe97-b3b4-4bac-9f01-c4f315a060ff"},{"type":"Feature","geometry":{"type":"LineString","coordinates":[[12122201.47204591,1533784.00378305],[12122204.47102713,1533776.02168552],[12122206.81199806,1533770.16582662],[12122211.20681962,1533772.8703298],[12122212.81893346,1533772.07746967],[12122212.72465544,1533774.31428403],[12122210.46115646,1533777.43398038],[12122206.77757256,1533782.87648362],[12122206.1218487,1533784.0670806]]},"properties":null,"id":"cd2063b7-6e0a-4a2d-b0d9-91d6c1e4436c"},{"type":"Feature","geometry":{"type":"LineString","coordinates":[[12122198.07966014,1533792.41106025],[12122201.47204591,1533784.00378305],[12122206.1218487,1533784.0670806],[12122205.93206137,1533786.37752277],[12122203.01857885,1533794.06250794]]},"properties":null,"id":"9056f8f5-0999-457b-930a-26c61fcb227c"},{"type":"Feature","geometry":{"type":"LineString","coordinates":[[12122193.82554118,1533804.92055628],[12122198.07966014,1533792.41106025],[12122202.2919883,1533793.85156436],[12122198.10632005,1533804.49527103],[12122198.09398721,1533805.77474643]]},"properties":null,"id":"cb53fb8e-15f2-4382-867a-3477f6a70d2f"},{"type":"Feature","geometry":{"type":"LineString","coordinates":[[12122191.00076242,1533820.20445512],[12122190.92299787,1533816.43503915],[12122192.59622924,1533811.78824459],[12122193.27918061,1533806.8339417],[12122193.82554118,1533804.92055628],[12122198.09398721,1533805.77474643],[12122195.90854232,1533814.65832402],[12122194.98652716,1533820.206025]]},"properties":null,"id":"ad2f9d86-5fc8-452a-95aa-e81ac6ff18e9"},{"type":"Feature","geometry":{"type":"LineString","coordinates":[[12122181.96379712,1533805.79414756],[12122180.30072048,1533811.57211197],[12122178.82242739,1533817.4425206],[12122180.98674322,1533821.42510115],[12122180.75576026,1533824.54485859],[12122182.83460694,1533828.65876694],[12122180.01661548,1533830.73883349],[12122178.78906019,1533836.34001734],[12122175.23192394,1533836.10889884],[12122173.98461734,1533838.97477042],[12122177.81893244,1533842.30287726],[12122175.34751341,1533844.73570084],[12122172.82314086,1533844.29932327]]},"properties":null,"id":"4f9fdd33-f753-4620-a542-8e3f935033ad"},{"type":"Feature","geometry":{"type":"LineString","coordinates":[[12122202.13093081,1533820.20883897],[12122202.94918833,1533815.92590798],[12122205.77719008,1533807.79063441],[12122198.09398721,1533805.77474643]]},"properties":null,"id":"0b68360b-ed37-4dbd-b869-1c339ec35165"},{"type":"Feature","geometry":{"type":"LineString","coordinates":[[12122186.01020206,1533878.87153816],[12122183.00263589,1533878.11141106],[12122179.73325965,1533873.3748483],[12122177.28168968,1533867.11461629],[12122176.73679407,1533860.74240618],[12122179.16596846,1533852.87330346],[12122183.08588733,1533846.83996565],[12122184.4439167,1533838.05565776],[12122185.81199235,1533829.24521053],[12122189.19579296,1533819.82961973],[12122191.00076242,1533820.20445512],[12122191.51368021,1533823.25419656],[12122192.46724947,1533826.18473395],[12122191.03689818,1533832.97330883],[12122191.64990476,1533836.75574342],[12122189.17755393,1533845.01319169],[12122188.76888027,1533848.35263865],[12122186.19180708,1533855.7861634],[12122183.81677942,1533861.10587457]]},"properties":null,"id":"ce8e3005-72a0-479e-9737-352e9fd5090b"},{"type":"Feature","geometry":{"type":"LineString","coordinates":[[12122193.50729647,1533853.00483678],[12122197.94589514,1533854.74441977],[12122202.09574371,1533858.07235473],[12122204.51081755,1533857.40516206],[12122205.83994106,1533845.80840348],[12122205.62728049,1533836.28629609],[12122200.51745009,1533827.76118207],[12122202.13093081,1533820.20883897],[12122191.00076242,1533820.20445512]]},"properties":null,"id":"89811ec8-0ce3-476b-ae20-0a20d9e31f21"},{"type":"Feature","geometry":{"type":"LineString","coordinates":[[12122167.03992469,1533659.91207975],[12122164.96811743,1533662.19012547],[12122162.89631191,1533663.42026921],[12122156.93133219,1533655.10540362],[12122162.3406133,1533651.41069039]]},"properties":null,"id":"dd712898-3964-4d26-a53a-5b0c0f589ede"},{"type":"Feature","geometry":{"type":"LineString","coordinates":[[12122162.89631191,1533663.42026921],[12122165.80860068,1533669.44256134],[12122167.77971865,1533677.48336896],[12122170.84685536,1533685.52885562],[12122175.5472133,1533692.15367407],[12122178.29343357,1533695.41758003],[12122181.10146877,1533700.15390397],[12122186.58961497,1533695.75820343],[12122189.83891224,1533698.04608844],[12122194.49223017,1533703.62531588],[12122194.17131064,1533698.28691779],[12122193.84413457,1533694.32255188]]},"properties":null,"id":"65d62317-6f08-471e-b513-d2d1f2b24343"},{"type":"Feature","geometry":{"type":"LineString","coordinates":[[12122180.42626443,1533661.90020806],[12122180.5440262,1533668.85977436],[12122180.58633878,1533677.28504798],[12122183.71222865,1533678.84626376],[12122187.57172724,1533681.78879632],[12122189.9707368,1533685.30940909],[12122194.68878814,1533688.64332202],[12122195.93958487,1533682.6212675],[12122196.04620792,1533678.59390057],[12122196.15283098,1533674.99327461],[12122197.12989803,1533674.2853736]]},"properties":null,"id":"f4881c1d-30f5-4e98-8aaa-67d4b04ce4f2"},{"type":"Feature","geometry":{"type":"LineString","coordinates":[[12122178.62576721,1533681.68037924],[12122175.75436088,1533677.45935706],[12122173.69526223,1533673.16263575],[12122168.29223091,1533665.62121302],[12122165.45808218,1533661.65138709]]},"properties":null,"id":"d0a8785a-8457-4353-9070-7ce403147cfe"},{"type":"Feature","geometry":{"type":"LineString","coordinates":[[12122204.49167112,1533673.16042866],[12122201.66754004,1533674.66373273],[12122197.12989803,1533674.2853736],[12122196.34211263,1533670.81708382],[12122194.89258556,1533668.16857114],[12122192.05397749,1533666.2513356]]},"properties":null,"id":"fd5c65d7-525c-4aac-b322-82c96d3eab0b"},{"type":"Feature","geometry":{"type":"LineString","coordinates":[[12122194.68878814,1533688.64332202],[12122194.10868885,1533690.47409186],[12122193.84413457,1533694.32255188],[12122191.34104936,1533693.10081813],[12122188.51236152,1533690.53517838],[12122186.11102772,1533686.42200845],[12122180.72184679,1533682.82066418],[12122178.62576721,1533681.68037924],[12122180.58633878,1533677.28504798]]},"properties":null,"id":"c51a9896-e671-4619-8bb5-d7f8da61ac06"},{"type":"Feature","geometry":{"type":"LineString","coordinates":[[12122181.10146877,1533700.15390397],[12122186.83491474,1533704.52686618],[12122194.37050402,1533713.90298954],[12122197.77998846,1533721.86312414],[12122200.60809259,1533727.9413637],[12122203.44933029,1533733.5754832],[12122209.33844193,1533737.81399641],[12122214.29769239,1533742.36264391],[12122219.02817845,1533749.20221637],[12122219.54476712,1533752.45863436],[12122218.73863446,1533759.80809098],[12122232.06661982,1533760.22160403],[12122236.66231078,1533760.47547508]]},"properties":null,"id":"587ae4d0-83c8-4570-8297-12974f5a7590"},{"type":"Feature","geometry":{"type":"LineString","coordinates":[[12122186.58961497,1533695.75820343],[12122182.54144141,1533689.42526474],[12122179.22697586,1533683.92820205],[12122178.62576721,1533681.68037924]]},"properties":null,"id":"efc7ac9b-4e1e-46a3-85ee-75e03d69e969"},{"type":"Feature","geometry":{"type":"LineString","coordinates":[[12122194.49223017,1533703.62531588],[12122199.42967707,1533706.48778044],[12122203.61642376,1533706.93823228],[12122203.61642376,1533706.93823228],[12122207.66811278,1533703.74002491],[12122207.66811278,1533703.74002491],[12122207.66811278,1533703.74002491],[12122216.39911734,1533694.8932119],[12122216.39911734,1533694.8932119],[12122217.9297561,1533690.65896393],[12122216.62421118,1533684.93822523],[12122209.82997023,1533682.35693835],[12122208.07424107,1533678.61818843],[12122207.93831235,1533673.87548505]]},"properties":null,"id":"abf06832-b7bc-4fab-9cda-d04bd6b617a7"},{"type":"Feature","geometry":{"type":"LineString","coordinates":[[12122214.80512052,1533572.7741145],[12122212.88763497,1533571.61766316],[12122199.97177352,1533558.7784132],[12122205.85526107,1533553.00930167],[12122214.78716123,1533541.44759317],[12122220.48564998,1533529.45775723],[12122224.07990541,1533518.21395038],[12122225.84689833,1533511.56279665],[12122226.7091656,1533512.04538013]]},"properties":null,"id":"bb1e6954-873c-401f-8492-4e32e6bad590"},{"type":"Feature","geometry":{"type":"LineString","coordinates":[[12122156.93133219,1533655.10540362],[12122155.91421081,1533651.99422308],[12122155.45886885,1533648.59993461],[12122157.12086767,1533647.55203392],[12122157.69612507,1533646.85459894]]},"properties":null,"id":"57d8123b-250a-4231-a868-6b7582495a45"},{"type":"Feature","geometry":{"type":"LineString","coordinates":[[12122147.76433429,1533631.46746162],[12122153.70927264,1533633.72363821],[12122159.76430286,1533635.40201474],[12122164.30557553,1533636.39253124],[12122169.91679833,1533636.22549444]]},"properties":{"color":"#c026d3"},"id":"bebdb9b6-e800-435f-ac6e-40db927132de"},{"type":"Feature","geometry":{"type":"LineString","coordinates":[[12122176.12473055,1533634.41327331],[12122182.5650813,1533632.45975424],[12122186.33740917,1533637.59054445],[12122195.91477184,1533636.73601028],[12122205.37012713,1533637.95677205],[12122208.28075941,1533641.50127947],[12122211.7009442,1533643.53921471],[12122215.08270054,1533650.57585469],[12122217.20144242,1533652.279807],[12122219.12289422,1533655.85580423],[12122219.46875613,1533659.97012424],[12122221.13156467,1533665.31690393]]},"properties":null,"id":"2b51baed-7c87-4071-ab07-133a380edcda"},{"type":"Feature","geometry":{"type":"LineString","coordinates":[[12122173.3173992,1533635.26621906],[12122176.12473055,1533634.41327331],[12122180.7723847,1533638.17885011],[12122184.79137422,1533640.83796992],[12122188.32484362,1533644.41323886],[12122191.60177968,1533648.16322613],[12122195.39331201,1533650.48715011],[12122199.97791956,1533652.28794237],[12122207.22941217,1533653.37520788],[12122209.27765422,1533655.96066291],[12122209.7818388,1533660.62708893],[12122204.17280576,1533661.57298614],[12122201.68340339,1533660.15414032],[12122196.18683451,1533660.13300105]]},"properties":null,"id":"7c6316f2-5e8d-47df-a92f-d2f4e7bd0378"},{"type":"Feature","geometry":{"type":"LineString","coordinates":[[12122173.3173992,1533635.26621906],[12122169.91679833,1533636.22549444],[12122171.33387732,1533639.59912361],[12122170.51457858,1533643.82413044],[12122170.45973076,1533647.95545838],[12122171.05844815,1533649.56348316],[12122174.5877258,1533651.36068811],[12122175.34400027,1533653.34707202],[12122175.37551121,1533656.87842185],[12122176.25783182,1533659.24316489],[12122180.42626443,1533661.90020806],[12122186.03529747,1533663.16140434],[12122192.05397749,1533666.2513356],[12122196.18683451,1533660.13300105],[12122190.70797157,1533658.04742838],[12122186.73708107,1533655.818323],[12122182.54853128,1533652.00470501],[12122179.69835688,1533648.78174287],[12122178.62640537,1533645.30578842],[12122177.91177154,1533641.61134495],[12122173.3173992,1533635.26621906]]},"properties":null,"id":"f8395143-0de7-4369-affa-fc26d3d293a4"},{"type":"Feature","geometry":{"type":"LineString","coordinates":[[12122170.6697704,1533643.02382833],[12122166.94775694,1533643.94836975],[12122164.48623905,1533643.76960683],[12122160.53590003,1533642.49839881],[12122156.14854261,1533641.83505515],[12122157.69612507,1533646.85459894],[12122160.06390356,1533650.06664306],[12122162.3406133,1533651.41069039],[12122163.61557042,1533650.15776524],[12122168.00962092,1533650.02108198],[12122170.65060215,1533649.99830187],[12122171.05844815,1533649.56348316]]},"properties":null,"id":"afc1cd84-941a-4603-aa66-1de82e1656e1"},{"type":"Feature","geometry":{"type":"LineString","coordinates":[[12122187.422022,1533569.24287165],[12122194.18529737,1533578.73438855],[12122200.92344591,1533589.42418625],[12122209.17139007,1533597.22600011],[12122207.31028943,1533606.72588976],[12122209.55472611,1533617.58599679],[12122210.86177839,1533631.79161138],[12122220.59706192,1533632.10729293],[12122224.62571545,1533633.35504709]]},"properties":{"color":"#c026d3"},"id":"651b3ef8-a6e1-47c5-ab81-b957cfda3215"},{"type":"Feature","geometry":{"type":"LineString","coordinates":[[12122162.3406133,1533651.41069039],[12122164.34411684,1533655.01000246],[12122165.58283011,1533657.99852099],[12122167.03992469,1533659.91207975],[12122169.99964737,1533658.95530037],[12122173.98388769,1533659.41090951],[12122175.99253606,1533658.53213501]]},"properties":null,"id":"dd97512e-e724-4eeb-aacb-12cef83c810b"},{"type":"Feature","geometry":{"type":"LineString","coordinates":[[12122365.47415799,1535264.15793193],[12122365.1711252,1535263.10045713],[12122366.24411604,1535257.52588644],[12122365.46000626,1535255.70898935],[12122371.80960495,1535246.71180003],[12122372.14345716,1535241.67377457],[12122378.34183467,1535241.48011665]]},"properties":{"color":"#c026d3"},"id":"f6173839-a167-401f-bdb5-a1dac0b7f6e5"},{"type":"Feature","geometry":{"type":"LineString","coordinates":[[12122365.15156672,1535270.35305772],[12122365.30124889,1535268.0128201],[12122366.91709062,1535267.12151336],[12122369.54517761,1535265.04072546],[12122371.59605316,1535264.37742872],[12122374.1648265,1535266.2844111],[12122377.18934926,1535266.57460436],[12122379.83357635,1535264.51512838],[12122381.159395,1535261.82047801],[12122381.98635953,1535257.00806266],[12122387.22299237,1535256.7694787],[12122392.60889688,1535257.18400021],[12122397.68609664,1535256.97330205],[12122402.95047502,1535257.1371781],[12122406.06230829,1535258.49501489],[12122404.49469411,1535262.38123501],[12122401.26275214,1535265.91428269],[12122400.1630827,1535269.14499548],[12122399.32078073,1535272.75028538],[12122399.57444483,1535274.01559225]]},"properties":{"color":"#c026d3"},"id":"5b21945f-0c0c-4fb0-88fc-77a6633a99cb"},{"type":"Feature","geometry":{"type":"LineString","coordinates":[[12122386.0859925,1535270.62279429],[12122386.82665569,1535266.6634338],[12122388.06670998,1535265.11831035],[12122390.4064337,1535264.62667952],[12122394.40736091,1535264.69691224],[12122397.26182493,1535264.41598135],[12122401.26275214,1535265.91428269]]},"properties":{"color":"#c026d3"},"id":"7c1a035a-a54d-4d4b-b478-f090cb348169"},{"type":"Feature","geometry":{"type":"LineString","coordinates":[[12122373.29346227,1535304.16193195],[12122374.06693753,1535302.28836522],[12122374.65377354,1535301.25307216],[12122374.39124179,1535299.44517271],[12122373.48010034,1535297.7917943],[12122370.88566502,1535295.53578304],[12122372.66355251,1535294.00908665],[12122376.36988968,1535292.04666557],[12122379.9990115,1535290.39328717],[12122382.11471182,1535290.45509594],[12122383.47370259,1535291.01137251],[12122384.72459233,1535290.79504299],[12122384.98712407,1535291.92304862],[12122388.52603423,1535296.34191528],[12122390.08915768,1535298.72834259],[12122388.2330132,1535303.18816415]]},"properties":{"color":"#c026d3"},"id":"3f099506-cf03-4ca3-8e62-27c6e7e62fac"},{"type":"Feature","geometry":{"type":"LineString","coordinates":[[12122370.88566502,1535295.53578304],[12122369.48543462,1535294.50897299],[12122368.32200157,1535292.39388906],[12122367.95767727,1535290.50902375],[12122367.0891984,1535284.42610786],[12122365.53249188,1535282.81929999],[12122365.22227068,1535281.27766008],[12122366.09074956,1535278.68709222],[12122371.10498294,1535275.22753648],[12122373.90705567,1535274.1454001],[12122375.75871511,1535273.11245161],[12122378.33352895,1535274.14684696],[12122380.05409931,1535274.73710146],[12122383.52091509,1535277.21661837]]},"properties":{"color":"#c026d3"},"id":"5e1176e6-9f5d-4489-8795-686826ad256e"},{"type":"Feature","geometry":{"type":"LineString","coordinates":[[12122384.39340278,1535247.96843101],[12122391.87794739,1535248.54254965],[12122406.14555586,1535250.97907477],[12122406.38564,1535255.06282888],[12122406.419934,1535257.71383771],[12122406.06230829,1535258.49501489]]},"properties":{"color":"#c026d3"},"id":"4478f831-d490-4602-8700-f96bafff6781"},{"type":"Feature","geometry":{"type":"LineString","coordinates":[[12122390.08915768,1535298.72834259],[12122391.55869541,1535297.30438577],[12122391.50376717,1535295.86442166],[12122391.14635123,1535293.21534038],[12122390.0697583,1535291.22577117],[12122390.0850298,1535290.02383864],[12122396.97884614,1535284.56119031],[12122398.2133508,1535282.22661684],[12122399.57444483,1535274.01559225],[12122397.61414072,1535272.88879995],[12122386.0859925,1535270.62279429],[12122384.39679487,1535274.17010489],[12122384.20910589,1535275.83942712],[12122383.52091509,1535277.21661837],[12122384.34254011,1535278.35704334],[12122384.8943098,1535280.8809006],[12122385.28843129,1535283.2338724],[12122385.40327815,1535286.43975043],[12122384.95889615,1535288.1205391],[12122384.72459233,1535290.79504299]]},"properties":{"color":"#c026d3"},"id":"def263ab-8469-4094-871b-2d957d582396"},{"type":"Feature","geometry":{"type":"LineString","coordinates":[[12122415.32079466,1535232.79074274],[12122416.99146271,1535233.32720556],[12122417.69785094,1535232.64477587],[12122418.03886614,1535231.06056366],[12122420.42597069,1535228.59894153],[12122420.96185039,1535224.23626446],[12122419.84137346,1535223.60257995],[12122419.49650322,1535214.6523623],[12122414.08094568,1535214.50781538]]},"properties":{"color":"#c026d3"},"id":"87e4a5f8-9ff0-43ab-b8ad-f05bf68f75be"},{"type":"Feature","geometry":{"type":"LineString","coordinates":[[12122365.93543108,1535232.62498102],[12122364.60927712,1535223.82098161],[12122366.08150257,1535221.62771374],[12122373.69710589,1535216.72468605],[12122376.11724656,1535217.37783861]]},"properties":{"color":"#c026d3"},"id":"d185574f-98b2-4d27-9078-8dbc2ae0f413"},{"type":"Feature","geometry":{"type":"LineString","coordinates":[[12122365.30124889,1535268.0128201],[12122365.75649725,1535266.4532977],[12122365.47415799,1535264.15793193],[12122374.2267236,1535256.17712158],[12122376.49503232,1535252.11471932],[12122377.76890829,1535247.41188455],[12122378.34183467,1535241.48011665],[12122385.50084421,1535241.39113317],[12122384.65599139,1535245.72910264],[12122384.16109156,1535249.94955689],[12122382.2061558,1535254.61670342],[12122381.98635953,1535257.00806266]]},"properties":{"color":"#c026d3"},"id":"6af9e866-c116-4bf0-aac4-899f485154f1"},{"type":"Feature","geometry":{"type":"LineString","coordinates":[[12122378.34183467,1535241.48011665],[12122379.24388057,1535236.12570212],[12122382.06376487,1535233.62149226],[12122385.72806981,1535233.2332787],[12122395.51391815,1535235.00180511],[12122400.21285102,1535234.82926539],[12122404.95489271,1535233.62149226],[12122408.00757201,1535234.39980416]]},"properties":{"color":"#c026d3"},"id":"bc63ed43-7051-4566-8841-dae6458e8e6a"},{"type":"Feature","geometry":{"type":"LineString","coordinates":[[12122379.72428244,1535226.27932118],[12122383.74551939,1535226.2620594],[12122390.44952472,1535228.53530633],[12122398.45708665,1535229.42969738],[12122403.4478439,1535227.93904421],[12122409.19286451,1535228.31176393]]},"properties":{"color":"#c026d3"},"id":"0cce6f18-7eb4-4be2-9bd1-de875a821416"},{"type":"Feature","geometry":{"type":"LineString","coordinates":[[12122380.661437,1535219.1965804],[12122388.27611659,1535221.37578399],[12122393.69119371,1535222.37779039],[12122401.44291507,1535222.52623489],[12122405.63403797,1535222.08089997],[12122408.63829566,1535223.08290495],[12122409.71356163,1535222.39322634],[12122411.05174223,1535225.94798401]]},"properties":{"color":"#c026d3"},"id":"daa93290-f5bb-49f2-b0df-95e765380c93"},{"type":"Feature","geometry":{"type":"LineString","coordinates":[[12122385.50084421,1535241.39113317],[12122388.81195144,1535241.10782148],[12122395.64962125,1535241.99167534],[12122406.24964248,1535241.63158609],[12122407.36159659,1535246.23889136],[12122408.76380433,1535249.14888002],[12122408.34833588,1535253.33198853],[12122406.14555586,1535250.97907477]]},"properties":{"color":"#c026d3"},"id":"a94dbd67-65c2-44ad-bd08-e435864dee62"},{"type":"Feature","geometry":{"type":"LineString","coordinates":[[12122408.34833588,1535253.33198853],[12122409.36104158,1535253.69573749],[12122411.82788781,1535251.09753301],[12122412.42512308,1535248.10959843],[12122412.41878388,1535241.76956293],[12122413.50938879,1535235.14414178],[12122415.32079466,1535232.79074274],[12122415.28657918,1535230.15456379],[12122413.33626771,1535226.97060666],[12122410.73585156,1535225.8065818],[12122408.92240204,1535228.75088475],[12122409.12769757,1535230.66810509],[12122406.11669036,1535240.69927763],[12122406.24964248,1535241.63158609]]},"properties":{"color":"#c026d3"},"id":"6d3f0915-885d-47aa-8140-974f6255efe1"},{"type":"Feature","geometry":{"type":"LineString","coordinates":[[12122664.79112394,1534448.29845421],[12122671.86394245,1534447.77063822],[12122678.36436647,1534446.81790081],[12122685.87895402,1534442.12863402],[12122692.51806778,1534437.1890671],[12122700.31546118,1534434.23806138],[12122712.16572038,1534428.71444171],[12122722.48760012,1534427.10944056],[12122734.44629895,1534426.86689286],[12122740.18308619,1534424.71495003],[12122749.59652314,1534417.6002001],[12122757.33029622,1534406.59052806]]},"properties":{"color":"#c026d3"},"id":"e2998be9-64a6-4009-bdfb-322a70ba3535"},{"type":"Feature","geometry":{"type":"LineString","coordinates":[[12122420.96185039,1535224.23626446],[12122422.88591129,1535222.94774023],[12122426.11038848,1535213.88531121],[12122427.68447631,1535208.1559205],[12122428.94127789,1535205.60214722],[12122425.19741638,1535197.62459993],[12122413.51504317,1535192.37306953],[12122406.68030745,1535184.21212683],[12122400.73620145,1535180.8727],[12122396.88715055,1535180.65332117],[12122393.50998925,1535192.07373468],[12122402.80952162,1535194.51096424],[12122411.33451811,1535198.79806351],[12122416.94417147,1535202.71283311],[12122419.94937726,1535208.36481979],[12122419.82730749,1535212.14825792],[12122419.49650322,1535214.6523623]]},"properties":{"color":"#c026d3"},"id":"231e91c5-9df2-47a3-8618-27cb58d9fe10"},{"type":"Feature","geometry":{"type":"LineString","coordinates":[[12122398.84743331,1535206.41955658],[12122394.26840466,1535204.4825286],[12122385.14295234,1535201.28117846],[12122389.28835545,1535196.91063936],[12122392.79386423,1535194.51658557],[12122393.97256794,1535192.19496771]]},"properties":{"color":"#c026d3"},"id":"47c32d12-0821-4d48-904f-62dc6cf80f0c"},{"type":"Feature","geometry":{"type":"LineString","coordinates":[[12122377.25553538,1535217.83342106],[12122376.28782755,1535212.54640167],[12122377.33419401,1535206.51724048],[12122381.11861333,1535203.7512006],[12122383.82742894,1535203.59279975]]},"properties":{"color":"#c026d3"},"id":"14bb08b7-fbfb-4a9b-bb67-07127725adb2"},{"type":"Feature","geometry":{"type":"LineString","coordinates":[[12122376.54716816,1535213.96329504],[12122381.77222984,1535208.28627606],[12122383.39590108,1535204.35107513],[12122385.14295234,1535201.28117846]]},"properties":{"color":"#c026d3"},"id":"3ea5ee8c-9886-482b-9cd6-f3d4234612fd"},{"type":"Feature","geometry":{"type":"LineString","coordinates":[[12122377.04451986,1535201.89117516],[12122379.46260271,1535200.32568662],[12122384.29086598,1535200.43935883],[12122385.14295234,1535201.28117846]]},"properties":{"color":"#c026d3"},"id":"19ca03ec-76b9-4ec9-8ee0-b963e4ff3f6a"},{"type":"Feature","geometry":{"type":"LineString","coordinates":[[12122392.41722275,1535222.14205468],[12122392.90947833,1535217.54317585],[12122393.26940466,1535214.5843435],[12122395.12062951,1535210.22166458],[12122396.72827048,1535210.39227409],[12122398.65256881,1535207.95502454],[12122398.84743331,1535206.41955658],[12122409.02916253,1535207.29696605],[12122411.20667709,1535210.90068623],[12122413.78864614,1535212.75299552],[12122414.08094568,1535214.50781538],[12122409.71356163,1535222.39322634]]},"properties":{"color":"#c026d3"},"id":"f9d8fffc-d6c7-440f-b955-3c5def2cf7fd"},{"type":"Feature","geometry":{"type":"LineString","coordinates":[[12122378.91455582,1535218.49741829],[12122388.07565154,1535209.32822754],[12122392.75183609,1535210.333619],[12122395.12062951,1535210.22166458]]},"properties":{"color":"#c026d3"},"id":"9587d6c5-2aae-4e29-8fd7-5d120dbdf811"},{"type":"Feature","geometry":{"type":"LineString","coordinates":[[12122201.47071451,1534599.62259285],[12122202.37276211,1534603.17632699],[12122204.29594184,1534603.68947619],[12122205.962695,1534602.70593955],[12122210.4073777,1534607.58085445],[12122212.67245736,1534607.66637959],[12122215.40764697,1534610.18935973],[12122217.20261341,1534610.23212393],[12122218.82663316,1534611.42947097],[12122222.87981408,1534612.94822891],[12122225.52562498,1534613.55915876],[12122228.25331421,1534612.96147221],[12122229.94934876,1534613.06329391],[12122233.12971617,1534607.69444177],[12122238.63438146,1534603.53420014],[12122243.21366517,1534599.59709627],[12122244.20717591,1534597.05033362],[12122250.1772079,1534589.31189052],[12122251.51147215,1534587.88751996]]},"properties":null,"id":"8cda9cd1-9b03-457f-819c-17337459fbe1"},{"type":"Feature","geometry":{"type":"LineString","coordinates":[[12122232.15133629,1534609.34606758],[12122234.74024908,1534610.13939126],[12122239.07744581,1534608.12020475],[12122244.86037862,1534608.84349581],[12122251.0348627,1534615.20242527],[12122254.82991328,1534612.55035995],[12122255.54839075,1534605.06141384],[12122259.60042498,1534601.1385608],[12122260.93400882,1534599.51280251],[12122260.46375001,1534596.16703834],[12122264.79070144,1534592.55514302],[12122262.77323907,1534590.45744996],[12122260.21367907,1534589.90549688],[12122257.89683567,1534589.30938823],[12122254.96216669,1534589.55224725],[12122251.51147215,1534587.88751996]]},"properties":null,"id":"738bd0f5-8871-46a5-b818-7d7a68e66828"},{"type":"Feature","geometry":{"type":"LineString","coordinates":[[12122204.29594184,1534603.68947619],[12122202.31771576,1534608.07487329],[12122204.0015444,1534609.62806559],[12122207.21134702,1534610.89167913],[12122210.09902178,1534615.18180683],[12122214.67693568,1534618.81469664],[12122215.55958228,1534618.7368352]]},"properties":null,"id":"878b43a9-6991-408a-a98f-143293955c30"},{"type":"Feature","geometry":{"type":"LineString","coordinates":[[12122207.72404002,1534604.63777758],[12122207.03840634,1534605.87179684],[12122207.60390746,1534607.35374139],[12122209.81205754,1534608.43151924],[12122214.53629502,1534612.45877942],[12122215.99044019,1534614.96461272],[12122215.55958228,1534618.7368352],[12122223.26117627,1534619.16794541],[12122227.32755417,1534616.74506671],[12122229.94934876,1534613.06329391]]},"properties":null,"id":"ae6b847f-aa6f-4a5c-9093-325d551206c9"},{"type":"Feature","geometry":{"type":"LineString","coordinates":[[12122364.60927712,1535223.82098161],[12122362.61840088,1535223.02445763],[12122361.7125766,1535216.99370214],[12122362.61840088,1535215.87818636],[12122365.71910944,1535216.017625],[12122371.60697129,1535212.70593831],[12122374.32444414,1535214.34435199],[12122374.25306404,1535216.87472918]]},"properties":{"color":"#c026d3"},"id":"3d771551-5f12-4312-a837-88faa36aa412"},{"type":"Feature","geometry":{"type":"LineString","coordinates":[[12122365.46000626,1535255.70898935],[12122364.79979362,1535254.78376503],[12122363.89095553,1535251.19824324],[12122362.80034864,1535247.09308114],[12122365.27591603,1535241.09606388],[12122365.93543108,1535232.62498102],[12122367.08079949,1535232.10965465],[12122367.80787075,1535228.26431271],[12122375.90951333,1535219.30050698],[12122376.11724656,1535217.37783861],[12122380.661437,1535219.1965804],[12122380.63547059,1535221.97665887],[12122379.59679849,1535224.91262917],[12122379.7785673,1535226.86128216],[12122372.40966949,1535236.52329164],[12122372.14345716,1535241.67377457]]},"properties":{"color":"#c026d3"},"id":"e5104c80-52d1-469c-a0e0-8ae83dab7fec"},{"type":"Feature","geometry":{"type":"LineString","coordinates":[[12122361.7125766,1535216.99370214],[12122360.71342233,1535215.73439542],[12122360.91146781,1535211.47390525],[12122367.54351617,1535203.0745668],[12122374.63970195,1535200.27387537],[12122377.04451986,1535201.89117516],[12122375.38874438,1535205.12578228],[12122372.62911658,1535208.83374184],[12122371.60697129,1535212.70593831]]},"properties":{"color":"#c026d3"},"id":"796fe076-be92-4bdc-a02b-86030901b3f4"},{"type":"Feature","geometry":{"type":"LineString","coordinates":[[12122365.53249188,1535282.81929999],[12122364.91372279,1535282.92100312],[12122363.78998833,1535280.96985006],[12122363.33161868,1535278.27924992],[12122364.07526614,1535274.9887462],[12122364.96978648,1535272.48609832],[12122365.15156672,1535270.35305772],[12122368.80370181,1535269.8735374],[12122370.78676299,1535269.95621338],[12122373.51347038,1535269.36094593],[12122375.64525878,1535269.9396778],[12122376.30627875,1535270.94832517],[12122377.92488827,1535271.27823695],[12122382.08991319,1535273.44173093],[12122384.39679487,1535274.17010489]]},"properties":{"color":"#c026d3"},"id":"a11b7c5a-2733-4641-bef9-555cd0dd76cc"},{"type":"Feature","geometry":{"type":"LineString","coordinates":[[12122223.22189051,1534547.25135104],[12122227.37272338,1534545.64297801],[12122225.88737582,1534549.22618954],[12122223.62883488,1534552.42257753],[12122220.80663549,1534557.41992449],[12122217.78965694,1534559.98864349],[12122215.63285209,1534562.22815089],[12122212.25976144,1534563.88808152]]},"properties":null,"id":"43fb2508-66fc-4d60-be93-280a91828e4b"},{"type":"Feature","geometry":{"type":"LineString","coordinates":[[12122211.34610441,1534562.55629254],[12122214.92476311,1534559.60610482],[12122217.36642932,1534557.99773101],[12122217.46816541,1534556.22648409],[12122220.1288194,1534553.19145968],[12122222.69286314,1534549.59265423],[12122223.22189051,1534547.25135104],[12122221.53356875,1534547.47453145]]},"properties":null,"id":"4805ed3f-e5d7-430e-b6bb-943bfb4b7c79"},{"type":"Feature","geometry":{"type":"LineString","coordinates":[[12122234.14607523,1534570.67798502],[12122239.55014567,1534561.90847561],[12122242.66813252,1534561.13656152],[12122250.67204238,1534564.32070561],[12122251.50778875,1534567.50484971],[12122253.14714514,1534568.27676257],[12122253.59716204,1534576.60699734],[12122255.52581431,1534578.37596601],[12122252.15067284,1534579.0513893],[12122247.58619679,1534579.72681505],[12122239.99377303,1534583.39506222]]},"properties":null,"id":"3d44f8b9-8e36-4a1e-bace-205f4e7ceda9"},{"type":"Feature","geometry":{"type":"LineString","coordinates":[[12122199.16851919,1534588.01813445],[12122199.28925753,1534590.1987016],[12122200.89684665,1534590.80190127],[12122204.9961992,1534590.27912777],[12122207.44572435,1534587.94653349],[12122211.36422282,1534587.46397422],[12122214.9009201,1534589.0322932],[12122218.76773126,1534589.58068162],[12122219.65190404,1534590.32462803],[12122224.23845945,1534589.1986987],[12122227.39335247,1534586.98696658],[12122230.69537225,1534582.70342234],[12122231.55663613,1534581.71398571],[12122232.2558731,1534579.88091592],[12122233.48165949,1534578.63430312],[12122234.52659334,1534577.93057094],[12122235.75622052,1534573.87340627],[12122234.14607523,1534570.67798502],[12122231.85526044,1534567.58155975],[12122231.46252582,1534563.89570525],[12122228.5252895,1534566.53040331]]},"properties":null,"id":"e10f8013-c66f-4206-a5b6-3e41a1e7af95"},{"type":"Feature","geometry":{"type":"LineString","coordinates":[[12122200.58834556,1534596.54332331],[12122201.47071451,1534599.62259285],[12122202.34655378,1534598.30806303],[12122204.97407576,1534597.86988434],[12122207.60159357,1534596.33626517],[12122210.61229393,1534597.04830242],[12122218.76855575,1534608.8243089],[12122222.92879541,1534610.08406952],[12122224.62573896,1534608.93385462],[12122226.76059587,1534606.90728442],[12122229.00493531,1534605.97615992],[12122236.77473915,1534595.98660403],[12122239.9632979,1534592.77014527],[12122242.4265982,1534587.26554577],[12122242.15289817,1534585.78669894],[12122239.58621289,1534584.50343919]]},"properties":null,"id":"832d89bc-4cba-495e-8dda-8c22eb1a480d"},{"type":"Feature","geometry":{"type":"LineString","coordinates":[[12122260.93400882,1534599.51280251],[12122264.43059424,1534601.31934316],[12122270.00390695,1534600.13173822],[12122274.54512501,1534590.88906984],[12122278.02247034,1534584.44833588],[12122276.16470075,1534579.95608923],[12122272.65557735,1534569.42254549],[12122271.98816623,1534569.82621451]]},"properties":null,"id":"4daaa076-edd4-4ff7-baf5-4f6520c24eb5"},{"type":"Feature","geometry":{"type":"LineString","coordinates":[[12122235.75622052,1534573.87340627],[12122237.1828068,1534575.74426443],[12122237.95621271,1534580.53223386],[12122237.80545485,1534580.81862737],[12122236.24837148,1534583.77660621],[12122233.65744324,1534585.94406475],[12122233.36012483,1534587.72902851],[12122227.59955386,1534593.63641391],[12122225.24223364,1534594.89013928],[12122220.48277553,1534592.94916674],[12122218.76256897,1534591.63169237],[12122215.30622239,1534590.97560872],[12122212.90642695,1534591.95308925],[12122206.36688975,1534590.93250621],[12122204.9961992,1534590.27912777]]},"properties":null,"id":"c66de247-0631-4c47-90e5-e3cca7e15639"},{"type":"Feature","geometry":{"type":"LineString","coordinates":[[12122200.50866555,1534590.65624794],[12122199.82982938,1534593.65927042],[12122200.58834556,1534596.54332331],[12122202.37507228,1534594.77241368],[12122204.17865595,1534595.73376443],[12122206.70692117,1534595.30912643],[12122208.34194568,1534594.51643342],[12122212.35365267,1534595.61271081],[12122213.46614279,1534597.24869412],[12122219.67692932,1534599.90043651],[12122221.46365604,1534601.67134614],[12122223.46951018,1534602.98687888],[12122224.27859461,1534604.40360684],[12122225.98104048,1534604.92644673],[12122228.08802984,1534603.7289746],[12122234.48496741,1534595.12022515],[12122234.70409482,1534593.68663164],[12122234.16470477,1534592.1687091],[12122234.85600481,1534590.3784917],[12122236.99670549,1534588.57385033],[12122239.33639209,1534585.1828374],[12122239.99377303,1534583.39506222],[12122238.35542232,1534580.60562276],[12122237.95621271,1534580.53223386]]},"properties":null,"id":"f2fddc8f-9b6d-4d68-90d8-abbcae7d8bd7"},{"type":"Feature","geometry":{"type":"LineString","coordinates":[[12122257.46845253,1534523.60148284],[12122257.24761178,1534521.96612364],[12122256.92623289,1534520.33684877],[12122255.74784364,1534519.20064386],[12122253.2196624,1534519.07201557],[12122250.24155104,1534520.14390633],[12122248.56830495,1534522.78626466],[12122245.98002742,1534528.09479109],[12122244.01103544,1534528.05458307],[12122241.34859601,1534531.4315082],[12122238.77684957,1534531.4315082],[12122237.09896821,1534535.22162828],[12122235.7590553,1534542.73578697],[12122237.59189514,1534543.16215254]]},"properties":null,"id":"27d825b7-fb9f-4443-9d1b-f55d4f9d4fa6"},{"type":"Feature","geometry":{"type":"LineString","coordinates":[[12122231.46252582,1534563.89570525],[12122236.85333175,1534551.00287408],[12122238.65257844,1534545.15187751],[12122240.00201468,1534542.64431315],[12122250.41196192,1534544.12313743],[12122251.05455107,1534547.08078109],[12122248.80548903,1534549.58835035],[12122249.19104155,1534552.2245109],[12122254.03667999,1534558.61379598],[12122258.65146673,1534564.8514625],[12122260.83741867,1534573.55989357],[12122262.41616192,1534577.24578967],[12122266.09989718,1534572.91182561],[12122269.9870789,1534569.02501036],[12122271.98816623,1534569.82621451],[12122272.18319934,1534577.19535625],[12122268.78547078,1534583.40639111],[12122264.50563761,1534584.38708082],[12122259.73574465,1534583.76597621],[12122257.61216305,1534580.10473624],[12122255.52581431,1534578.37596601]]},"properties":null,"id":"c32eab19-c5c6-4bea-b99a-698d32ecd706"},{"type":"Feature","geometry":{"type":"LineString","coordinates":[[12122219.61874376,1534564.67162928],[12122220.74000361,1534563.9383201],[12122222.74531493,1534559.9729194],[12122225.9194807,1534553.66158075],[12122228.08987296,1534548.87308629],[12122229.94147108,1534547.40722674],[12122230.77570673,1534545.53418248],[12122228.55785961,1534544.78089503],[12122227.37272338,1534545.64297801]]},"properties":null,"id":"7d368d4f-4f61-4d29-a13d-b19577d19deb"},{"type":"Feature","geometry":{"type":"LineString","coordinates":[[12122236.58197353,1534544.86099047],[12122232.6400231,1534547.31422022],[12122231.13637898,1534549.30421814]]},"properties":null,"id":"006a6da6-ebef-4c0d-b7e6-a4f0917c7691"},{"type":"Feature","geometry":{"type":"LineString","coordinates":[[12122238.65257844,1534545.15187751],[12122236.58197353,1534544.86099047],[12122238.7440293,1534541.22409202],[12122238.99470361,1534540.28351533],[12122238.39935392,1534539.15482618],[12122240.50545557,1534535.48921405],[12122244.93069908,1534529.96103799],[12122249.09814456,1534527.57824419],[12122254.48762074,1534530.36862099],[12122260.84984875,1534530.34065455],[12122261.76614336,1534530.3366268],[12122259.88992704,1534536.57259312]]},"properties":null,"id":"04f1bccc-4bb5-46e7-bf4f-14789cb8fdeb"},{"type":"Feature","geometry":{"type":"LineString","coordinates":[[12122249.09814456,1534527.57824419],[12122249.63413387,1534524.75265259],[12122251.86647913,1534522.82922944],[12122254.56389366,1534524.00810204],[12122257.46845253,1534523.60148284],[12122261.76614336,1534530.3366268]]},"properties":null,"id":"a4ca2023-e5c2-4639-ae57-3341aec98a58"},{"type":"Feature","geometry":{"type":"LineString","coordinates":[[12122240.00201468,1534542.64431315],[12122241.08504587,1534540.46828897],[12122240.76921904,1534538.88821914],[12122244.75655497,1534534.34551839],[12122250.95469076,1534535.53057076],[12122259.88992704,1534536.57259312],[12122259.67945625,1534540.98181136],[12122253.32340554,1534541.92985235],[12122250.41196192,1534544.12313743]]},"properties":null,"id":"73510e8f-249a-4284-9f76-3fea3d47bdea"},{"type":"Feature","geometry":{"type":"LineString","coordinates":[[12122269.9870789,1534569.02501036],[12122269.98619806,1534558.90840591],[12122270.27278194,1534554.23842315],[12122269.1264402,1534551.53474991],[12122265.56459781,1534550.59255928],[12122261.92087207,1534551.00220683],[12122259.83289539,1534547.8479219],[12122258.88015156,1534546.96262448],[12122259.36763568,1534545.20408146],[12122259.96757306,1534543.9286899],[12122259.67945625,1534540.98181136]]},"properties":null,"id":"5a419f21-6956-466d-b1ec-2f4d3297f7b3"},{"type":"Feature","geometry":{"type":"LineString","coordinates":[[12122170.70991107,1534556.07686389],[12122176.79056783,1534555.70435902],[12122182.06443343,1534552.36285254],[12122187.1124078,1534552.59551197]]},"properties":null,"id":"85b9a00d-cc02-47fc-8a15-c907ed2af40a"},{"type":"Feature","geometry":{"type":"LineString","coordinates":[[12122202.31771576,1534608.07487329],[12122199.03025586,1534607.98135774],[12122194.12250423,1534608.4915539],[12122190.52136362,1534605.71736601],[12122191.57302312,1534603.4214839],[12122202.37276211,1534603.17632699]]},"properties":null,"id":"bfbed552-140c-40af-9531-ac5d6f2ed25a"},{"type":"Feature","geometry":{"type":"LineString","coordinates":[[12122187.1124078,1534552.59551197],[12122183.67811753,1534558.99395141],[12122181.79290975,1534563.32877121],[12122181.70977445,1534566.85019712],[12122183.26161711,1534569.81706601],[12122184.28694327,1534570.45480392],[12122184.28694327,1534566.98883584],[12122185.28455626,1534565.90745337],[12122187.0225774,1534560.66239594],[12122189.28200111,1534555.94137603],[12122193.77126272,1534553.91724983],[12122197.3949283,1534550.36872229],[12122205.93006609,1534546.90275421],[12122211.90149141,1534541.80810886],[12122215.49973841,1534537.2219382],[12122215.97067366,1534536.02815199],[12122218.70527817,1534533.38674639],[12122220.09093985,1534533.67284405],[12122223.44227624,1534526.34719597],[12122221.69793464,1534525.41127448],[12122217.02107258,1534530.74855448],[12122212.15831608,1534536.34111698],[12122210.31285275,1534539.73066918],[12122205.04727503,1534543.34509535],[12122201.4853498,1534545.64595227],[12122195.59503087,1534547.41661417],[12122190.04492633,1534550.77426051],[12122187.1124078,1534552.59551197]]},"properties":null,"id":"f379df1c-0066-4501-bae3-66a3e3a5b699"},{"type":"Feature","geometry":{"type":"LineString","coordinates":[[12122185.98915656,1534571.12152871],[12122187.2880035,1534572.11151727],[12122188.72382401,1534572.0740392],[12122190.32195505,1534569.50053814],[12122192.96582574,1534564.67054845],[12122201.53274735,1534558.21250586],[12122210.00895228,1534553.18931436],[12122213.46173269,1534550.50575329],[12122216.18312921,1534547.18464592],[12122214.83029554,1534546.33469412],[12122211.76264209,1534545.85650284]]},"properties":null,"id":"6a8f8d59-869b-4f3e-9c10-fdd5bd4059ec"},{"type":"Feature","geometry":{"type":"LineString","coordinates":[[12122194.86064,1534578.46128019],[12122194.62523943,1534580.01576172],[12122195.02877011,1534582.0144102],[12122198.5260749,1534579.48073811],[12122208.14654769,1534576.03848122],[12122214.43983282,1534572.99086185],[12122219.93073374,1534571.36297305],[12122222.90728244,1534569.09941431],[12122226.13573021,1534566.25060941],[12122228.5252895,1534566.53040331],[12122229.56718036,1534560.6119785],[12122232.78305247,1534553.87067627],[12122232.68136873,1534550.41141379],[12122230.80022623,1534549.0633189],[12122228.90375937,1534548.2287547]]},"properties":null,"id":"7fb828b3-842b-4d57-91db-282f7a59b20a"},{"type":"Feature","geometry":{"type":"LineString","coordinates":[[12122176.66254853,1534476.52296148],[12122174.94453411,1534468.66172543],[12122175.26225999,1534460.9682482]]},"properties":null,"id":"d80bbec8-6a66-42fe-9a84-b2283690c32a"},{"type":"Feature","geometry":{"type":"LineString","coordinates":[[12122246.41697574,1534364.85095464],[12122242.55359191,1534364.09935075],[12122237.28910573,1534364.37388019],[12122237.28910573,1534364.37388019],[12122228.98019037,1534365.34720269],[12122219.60271827,1534364.72452873],[12122211.86124165,1534365.41396536],[12122210.08299364,1534382.49291226],[12122209.21005351,1534388.47382772],[12122208.30373255,1534389.50159468],[12122207.39741158,1534394.03585864],[12122203.83254821,1534396.75641701],[12122202.23459608,1534402.79137755],[12122205.49735246,1534407.08381549],[12122207.43083534,1534407.74883994],[12122209.54558425,1534414.82229218],[12122207.87392915,1534423.18457187],[12122201.44965156,1534422.46560832],[12122196.37010055,1534423.35077417],[12122192.88697268,1534430.55346426],[12122183.16312601,1534436.59859687],[12122183.06289908,1534454.73185283],[12122178.81826792,1534466.57260203],[12122182.04927201,1534480.19135301],[12122217.24172292,1534486.16419922],[12122234.13892176,1534478.82308947],[12122244.85093426,1534468.94737686],[12122253.77409469,1534462.26606532],[12122237.09162911,1534442.76847349],[12122301.16254632,1534409.74467769],[12122294.30453694,1534388.20509321],[12122291.44990729,1534384.15097984],[12122290.43697509,1534377.79339376],[12122282.55928574,1534375.08680504]]},"properties":null,"id":"ffa78b30-40da-40a8-be79-e4a5719d7479"},{"type":"Feature","geometry":{"type":"LineString","coordinates":[[12122155.2255862,1534456.32808693],[12122158.96830478,1534456.40031779],[12122162.95908284,1534453.68894216],[12122164.43714767,1534449.64652909],[12122168.79934916,1534445.32971486],[12122171.93412776,1534443.49743344],[12122175.09994568,1534440.54714865],[12122177.67605221,1534439.73970276],[12122174.90964528,1534433.35191888]]},"properties":null,"id":"afe69d59-6530-439c-9507-f5651d0b5df4"},{"type":"Feature","geometry":{"type":"LineString","coordinates":[[12122172.05297205,1534428.43738396],[12122174.90964528,1534433.35191888],[12122171.76661302,1534435.49615218],[12122166.51632339,1534437.9977577],[12122162.53035003,1534436.04828711]]},"properties":null,"id":"4dacd07e-bb83-4dfc-8829-d310a64d6aa1"},{"type":"Feature","geometry":{"type":"LineString","coordinates":[[12122145.87750248,1534468.63530575],[12122150.5677537,1534465.14943417],[12122158.09801953,1534459.94533642],[12122166.71639136,1534453.82139559],[12122169.10621014,1534450.21818342],[12122172.01982713,1534450.54574817],[12122175.75187572,1534449.1044628],[12122178.79644227,1534447.17183157],[12122177.67605221,1534439.73970276]]},"properties":null,"id":"d699d24e-6ab1-4205-87a1-23ef51b7a2ad"},{"type":"Feature","geometry":{"type":"LineString","coordinates":[[12122163.94787338,1534468.68786466],[12122169.98800843,1534463.76587518],[12122175.26225999,1534460.9682482],[12122176.15189342,1534452.6389439],[12122178.79644227,1534447.17183157]]},"properties":null,"id":"b110923a-a8ab-4634-bd9c-86e2cf84b42b"},{"type":"Feature","geometry":{"type":"LineString","coordinates":[[12122150.78354333,1534494.06738294],[12122150.52644428,1534491.7842877],[12122148.50178764,1534488.26317629],[12122149.15524486,1534479.78461387],[12122153.12243538,1534475.75753632],[12122159.66261596,1534471.64846821],[12122163.94787338,1534468.68786466],[12122166.56170499,1534469.24881057],[12122169.22723684,1534473.21755149],[12122169.11245299,1534475.89740826],[12122167.3160812,1534479.60392724],[12122161.96862395,1534485.18498522],[12122157.49048868,1534489.86932887],[12122154.80040898,1534493.45175132],[12122152.69798423,1534494.55341511],[12122150.78354333,1534494.06738294]]},"properties":null,"id":"3acf866b-360d-43f1-b3ad-0870d2aa1059"},{"type":"Feature","geometry":{"type":"LineString","coordinates":[[12122261.76614336,1534530.3366268],[12122262.713238,1534525.29212933],[12122259.5437079,1534523.03556723],[12122259.23894565,1534517.79058049],[12122260.92678127,1534512.03178551],[12122257.75725582,1534506.72581149],[12122256.72313437,1534488.27927319],[12122252.70027371,1534476.87447182],[12122243.28644039,1534477.35687792],[12122238.10548229,1534484.79744065],[12122229.02357121,1534487.48092305],[12122220.3232111,1534492.76570832],[12122203.805636,1534494.54677635],[12122189.11609689,1534490.52155275],[12122178.81026966,1534491.19893651]]},"properties":null,"id":"5479cb76-4e71-45e3-a831-f2e2d5545a40"},{"type":"Feature","geometry":{"type":"LineString","coordinates":[[12122117.8484509,1534493.61947263],[12122118.62208014,1534490.02536185],[12122118.70729848,1534482.65891691],[12122120.71538338,1534475.01705562],[12122124.63890928,1534467.20734981],[12122128.09879595,1534459.92732192],[12122133.34969117,1534439.64046374],[12122138.6090356,1534432.9661999]]},"properties":null,"id":"e4ae3a52-5b1c-4ca9-947a-e7a7ff41dd78"},{"type":"Feature","geometry":{"type":"LineString","coordinates":[[12122140.58147816,1534450.64939862],[12122139.78557761,1534455.46676125],[12122136.82698169,1534462.17962203],[12122133.9934012,1534464.93147697],[12122130.87081827,1534470.0834335],[12122125.66202711,1534479.1312014],[12122123.37592857,1534488.61406496],[12122122.00706547,1534496.46565523],[12122121.13198919,1534497.67480453],[12122122.42253368,1534505.23201075],[12122121.09958319,1534507.61471925],[12122119.31359952,1534499.83782429],[12122118.57527102,1534496.9589626],[12122119.10777491,1534495.27448134]]},"properties":null,"id":"01240151-7f3a-4c34-991b-62c9216fa964"},{"type":"Feature","geometry":{"type":"LineString","coordinates":[[12122145.61667605,1534452.88694842],[12122144.79037066,1534455.04731119],[12122137.91823828,1534465.60207787],[12122134.10337052,1534471.16962048],[12122132.21703897,1534474.04745789],[12122131.81017695,1534475.63885511],[12122129.45152592,1534480.3264221],[12122127.44261733,1534486.7083095],[12122127.47960427,1534489.52101041],[12122124.95160767,1534498.18531648],[12122125.33789738,1534504.86072333],[12122128.69319234,1534516.14486621],[12122132.46583873,1534522.89743337],[12122138.1046,1534524.24966593],[12122136.10074101,1534525.32212532],[12122130.92799313,1534522.9906911],[12122129.62315778,1534523.08394882],[12122127.52609753,1534520.19297003],[12122124.44502009,1534514.80010059],[12122123.10691797,1534505.00270886],[12122122.42253368,1534505.23201075]]},"properties":null,"id":"ba0e5022-2f1c-4bf9-bb1a-aa69bd8b8d55"},{"type":"Feature","geometry":{"type":"LineString","coordinates":[[12122136.5338768,1534477.13583499],[12122145.09289964,1534469.34911211],[12122145.87750248,1534468.63530575],[12122144.59826907,1534467.50718474],[12122145.45507641,1534465.38231378],[12122151.74939649,1534460.61376592],[12122155.2255862,1534456.32808693],[12122154.20135051,1534455.11692047],[12122151.98578424,1534454.04037368]]},"properties":null,"id":"ab8f0e5a-55fb-4c99-b403-62e53b4d6731"},{"type":"Feature","geometry":{"type":"LineString","coordinates":[[12122117.8484509,1534493.61947263],[12122119.10777491,1534495.27448134],[12122120.76181375,1534491.5507112],[12122121.48530454,1534486.69062869],[12122121.97399738,1534483.03350929],[12122121.61687663,1534481.66060436],[12122123.48443934,1534475.25994004],[12122130.172434,1534463.60558024]]},"properties":null,"id":"db71f6de-a936-48d2-8dc6-e990263eb068"},{"type":"Feature","geometry":{"type":"LineString","coordinates":[[12122136.81162002,1534510.89866706],[12122143.43766494,1534505.60065859],[12122147.52357653,1534507.8020534],[12122150.50943224,1534507.1730846],[12122158.96046494,1534495.88289034],[12122176.66254853,1534476.52296148],[12122178.81026966,1534491.19893651],[12122173.62651288,1534492.51735665],[12122168.53075679,1534496.79837532],[12122162.23316759,1534506.03384565],[12122156.58661786,1534514.51447334]]},"properties":null,"id":"07dca45c-4a2b-4ebd-b355-cba5e41f5e90"},{"type":"Feature","geometry":{"type":"LineString","coordinates":[[12122143.43766494,1534505.60065859],[12122143.16015961,1534490.88465623],[12122143.0797104,1534485.07540588],[12122147.55725852,1534478.95285002],[12122149.15524486,1534479.78461387]]},"properties":null,"id":"77cc331e-fa9b-4994-82c4-82ee6ad8c908"},{"type":"Feature","geometry":{"type":"LineString","coordinates":[[12122129.42318109,1534504.70874373],[12122132.65716192,1534505.05079436],[12122134.69369626,1534506.32744499],[12122138.98507794,1534515.58975131],[12122141.44322085,1534519.34038232]]},"properties":null,"id":"de28dff3-8c14-43ff-8315-da10914a2e6e"},{"type":"Feature","geometry":{"type":"LineString","coordinates":[[12122123.125066,1534442.55722027],[12122116.70200223,1534453.64326505],[12122108.54233126,1534470.7956807],[12122098.89844545,1534488.07819853],[12122091.35104059,1534502.43593058],[12122083.56139902,1534519.52887651],[12122078.2640575,1534533.28489188],[12122072.40103871,1534547.89990122],[12122067.45592146,1534561.39718592],[12122061.68639766,1534576.37682728],[12122055.8962491,1534588.13057472],[12122048.78146664,1534598.40551994],[12122039.31026924,1534610.92584587],[12122028.61212778,1534624.08019182],[12122013.765739,1534642.89271704],[12121999.46976089,1534661.20230534],[12121995.51209913,1534668.00616468]]},"properties":null,"id":"c8829e1d-0eca-4e9e-8e25-b899011fd3bb"},{"type":"Feature","geometry":{"type":"LineString","coordinates":[[12121995.55279074,1534679.26670837],[12121999.50562104,1534669.30903721],[12122005.55885003,1534660.08128734],[12122012.97779137,1534650.77447042],[12122023.360399,1534638.07169846],[12122033.77789891,1534625.05091108],[12122044.50274074,1534611.80512326],[12122050.92665307,1534603.00655268],[12122057.27619601,1534593.96824445],[12122062.59857081,1534585.05919783],[12122065.25224139,1534579.95734845],[12122068.65638117,1534571.79380023],[12122071.61603258,1534563.10973943],[12122076.01922129,1534551.18571762],[12122080.60742549,1534538.79572224],[12122085.90922496,1534525.38292514],[12122089.98139456,1534515.59489421],[12122095.5254146,1534503.57765207]]},"properties":null,"id":"1a98aaf2-dec9-497f-ae59-6093a78e4fcc"},{"type":"Feature","geometry":{"type":"LineString","coordinates":[[12122095.5254146,1534503.57765207],[12122100.67687537,1534493.09740851],[12122108.94824628,1534477.08886352],[12122117.45832928,1534459.60442662],[12122122.73790782,1534449.77071153]]},"properties":null,"id":"4325a487-f18d-44d1-9018-79d9bca4e7a4"},{"type":"Feature","geometry":{"type":"LineString","coordinates":[[12122097.80163045,1534504.45333022],[12122113.41195919,1534473.44576285],[12122125.86589562,1534450.12250376],[12122133.34969117,1534439.64046374]]},"properties":null,"id":"d67a2efa-d3fe-4dc8-9c40-6e99957518be"},{"type":"Feature","geometry":{"type":"LineString","coordinates":[[12122097.80163045,1534504.45333022],[12122103.25651087,1534509.18998208],[12122106.04013685,1534513.44524133],[12122115.86015549,1534521.56891807],[12122127.92253868,1534529.69259482],[12122125.07501461,1534522.94095675]]},"properties":null,"id":"cb3a6eae-3c21-493d-b1f4-7f7858024e10"},{"type":"Feature","geometry":{"type":"LineString","coordinates":[[12122188.55520258,1534345.70429153],[12122192.80094013,1534346.76815947],[12122191.2641586,1534349.98152505],[12122188.39448465,1534354.92967436],[12122184.29840218,1534360.8689624],[12122180.65155597,1534365.86926886],[12122175.81999935,1534372.53480335],[12122169.3343837,1534381.04008531],[12122163.59729699,1534388.56278734],[12122158.70953955,1534395.7363993],[12122153.03619173,1534402.99815041],[12122147.18439094,1534410.89606259],[12122142.06290602,1534417.54163875],[12122137.30566243,1534423.8471117],[12122132.47662825,1534430.22788098],[12122127.26409758,1534437.32656805],[12122123.125066,1534442.55722027],[12122119.93704001,1534443.7560155]]},"properties":null,"id":"a00e707b-2108-4506-bd7d-25faa904cc51"},{"type":"Feature","geometry":{"type":"LineString","coordinates":[[12122162.21253723,1534403.49982679],[12122165.51847523,1534406.30433032],[12122162.71561505,1534410.36726505],[12122159.62528378,1534414.28637921],[12122158.00824969,1534415.61671967],[12122154.8759595,1534421.96266277],[12122152.21683623,1534418.7986061],[12122149.95036837,1534423.4972952],[12122145.22396558,1534429.27322585],[12122140.84293663,1534437.90784899],[12122133.68882299,1534461.53059582],[12122130.172434,1534463.60558024],[12122131.5248921,1534456.65888998],[12122132.47161208,1534455.98226412],[12122132.74210301,1534452.5089177],[12122134.54427273,1534445.25419611],[12122138.6090356,1534432.9661999],[12122146.30909529,1534423.26538117],[12122148.77802324,1534418.21721896],[12122154.57994241,1534416.25807381],[12122160.09030269,1534404.98026951],[12122162.21253723,1534403.49982679]]},"properties":null,"id":"0f497b6b-d564-49ab-a622-8cc340a2bc5e"},{"type":"Feature","geometry":{"type":"LineString","coordinates":[[12122134.69325772,1534475.21559131],[12122141.1126789,1534468.04365157],[12122144.43199196,1534463.07013831],[12122152.86902508,1534452.9845521],[12122156.95581316,1534445.39171138],[12122158.5273293,1534443.39042615],[12122160.87094673,1534436.52670307],[12122162.97820681,1534435.9191673],[12122167.30270793,1534432.26126695],[12122172.05297205,1534428.43738396],[12122170.87050874,1534426.29907825],[12122170.26333335,1534423.0827283],[12122168.87405595,1534421.83365308]]},"properties":null,"id":"0a9d0008-805f-400e-9394-f11f48d2edac"},{"type":"Feature","geometry":{"type":"LineString","coordinates":[[12122167.74171313,1534413.57857346],[12122169.60798105,1534415.253825],[12122168.87405595,1534421.83365308],[12122164.62835224,1534426.77288123],[12122159.54983891,1534432.27073778],[12122156.02021434,1534441.02506567],[12122152.24222665,1534448.71539183],[12122148.92488433,1534453.1215264],[12122145.19654574,1534452.85715788],[12122145.15671138,1534451.87646908]]},"properties":null,"id":"20ba3565-1260-470e-85f4-52a315421faf"},{"type":"Feature","geometry":{"type":"LineString","coordinates":[[12122165.51847523,1534406.30433032],[12122167.69644401,1534408.83249005],[12122167.74171313,1534413.57857346],[12122164.9135722,1534414.49589549],[12122162.74387401,1534419.82893526],[12122157.2581625,1534425.69124266],[12122151.36224156,1534433.66720606],[12122149.19508226,1534439.88171295],[12122148.77057883,1534443.61012226],[12122146.52456576,1534449.09196068],[12122145.15671138,1534451.87646908],[12122140.58147816,1534450.64939862],[12122142.27950268,1534447.06257409],[12122143.12435679,1534441.8671601],[12122147.35143345,1534431.9264446],[12122152.15595687,1534425.41354401],[12122154.52199929,1534421.54149006]]},"properties":null,"id":"edce4e3f-e9ec-4363-ae5b-3f7d6c86153a"},{"type":"Feature","geometry":{"type":"LineString","coordinates":[[12122175.10956348,1534349.79341088],[12122180.22264537,1534348.03947154],[12122186.04650518,1534346.41325532],[12122188.55520258,1534345.70429153],[12122185.43703061,1534352.51156711],[12122180.8710886,1534360.82699612],[12122174.51349009,1534369.98813214],[12122167.15238896,1534379.19351239],[12122161.13681255,1534386.53063853],[12122155.29280374,1534394.94581372],[12122150.78575897,1534400.48897205],[12122146.33008449,1534406.41915194],[12122140.70343886,1534414.45399896],[12122134.7902256,1534422.95250705],[12122126.17408855,1534435.68651612],[12122122.67991708,1534441.01152971],[12122119.18574561,1534444.50775053],[12122116.82046359,1534444.45396435],[12122111.99633325,1534440.62465404]]},"properties":null,"id":"b9e7e9f7-5788-4c5d-b566-26451ae9d08b"},{"type":"Feature","geometry":{"type":"LineString","coordinates":[[12122113.84444815,1534451.70229791],[12122119.18574561,1534444.50775053]]},"properties":{"color":"#c026d3"},"id":"f9f5d1a0-3d49-419d-9582-685efbd81c17"},{"type":"Feature","geometry":{"type":"LineString","coordinates":[[12122170.70991107,1534556.07686389],[12122162.346768,1534546.48741082],[12122148.67694464,1534541.465593],[12122127.92253868,1534529.69259482]]},"properties":{"color":"#c026d3"},"id":"48a99e4f-e705-4c54-b5b6-ca01490936a4"},{"type":"Feature","geometry":{"type":"LineString","coordinates":[[12122151.41023452,1534619.99204808],[12122179.67304072,1534607.98140783],[12122187.23379139,1534612.29592982],[12122194.12250423,1534608.4915539]]},"properties":null,"id":"cdb8e094-2bb4-4a0e-b52d-d8446bb7f74f"},{"type":"Feature","geometry":{"type":"LineString","coordinates":[[12122138.1046,1534524.24966593],[12122146.0996431,1534521.35014751],[12122152.60621907,1534520.78940347],[12122158.21794534,1534518.86729821],[12122156.04563209,1534513.78579549],[12122149.34782948,1534518.07248622],[12122141.44322085,1534519.34038232],[12122133.75618968,1534518.36325941],[12122131.0435145,1534514.59656696],[12122129.72327428,1534510.4138364],[12122129.42318109,1534504.70874373],[12122130.68011018,1534502.76859185],[12122130.02341589,1534494.73759809],[12122133.07334846,1534485.94062744],[12122136.5338768,1534477.13583499],[12122132.76794145,1534473.20698646]]},"properties":null,"id":"cd53a6d6-383c-4023-a9f8-2394a0921717"},{"type":"Feature","geometry":{"type":"LineString","coordinates":[[12122211.34610441,1534562.55629254],[12122212.95146836,1534564.89634571],[12122213.07038555,1534566.18535814],[12122210.17676211,1534567.6528495],[12122206.76783789,1534568.38659405],[12122202.62356891,1534569.65079538],[12122199.67048839,1534571.29676494],[12122194.7233101,1534576.59859196],[12122193.83641028,1534573.64210746]]},"properties":null,"id":"37c4edd2-1559-49e1-b3ba-43e138cca38e"},{"type":"Feature","geometry":{"type":"LineString","coordinates":[[12122228.5252895,1534566.53040331],[12122228.29049658,1534567.89756331],[12122230.25247214,1534571.85574035],[12122231.64021099,1534572.78144236],[12122232.64094415,1534575.61248677],[12122232.14646134,1534577.25640649],[12122230.7587225,1534577.4638914],[12122226.74360803,1534580.65106096],[12122225.61108537,1534583.0131987],[12122224.04858252,1534584.47256436],[12122222.69274525,1534585.14290073],[12122221.83138956,1534586.8347021],[12122217.54800203,1534584.66501563],[12122213.27312637,1534584.84058025],[12122210.56207586,1534584.16132081],[12122209.03077753,1534585.19874595],[12122206.87534189,1534584.94784696],[12122203.68513653,1534586.67156984],[12122199.42984217,1534588.01955549],[12122196.49485299,1534588.00359535],[12122194.72428927,1534587.54074389],[12122194.51692604,1534586.27987369],[12122194.36775386,1534585.67403868]]},"properties":null,"id":"6bf3fa42-8fde-415f-bb8e-5c54edb66f9d"},{"type":"Feature","geometry":{"type":"LineString","coordinates":[[12122194.7233101,1534576.59859196],[12122194.86064,1534578.46128019],[12122199.32713202,1534575.78618577],[12122204.85498472,1534573.27340072],[12122207.97764929,1534572.16215606],[12122211.14124334,1534571.58337124],[12122216.63362027,1534568.69608909],[12122219.61874376,1534564.67162928],[12122217.89753464,1534563.54691483],[12122212.95146836,1534564.89634571]]},"properties":null,"id":"fbbe1fd4-31b5-463b-9a59-4aeae46a6761"},{"type":"Feature","geometry":{"type":"LineString","coordinates":[[12122195.02877011,1534582.0144102],[12122194.55744568,1534584.64428017],[12122194.36775386,1534585.67403868],[12122199.34688088,1534583.55044353],[12122200.7704475,1534582.32952742],[12122206.10882377,1534580.82881741],[12122209.46437379,1534580.93056082],[12122213.76049604,1534579.50615788],[12122215.38743209,1534580.11661642],[12122222.6430109,1534576.85783748],[12122226.69023478,1534574.46148577],[12122227.63479478,1534572.32995037],[12122226.44906945,1534569.27340846],[12122227.77370523,1534566.44240018]]},"properties":null,"id":"539016e0-1e13-4b69-b87d-b1cd96b0e1d9"},{"type":"Feature","geometry":{"type":"LineString","coordinates":[[12122158.21794534,1534518.86729821],[12122158.54403055,1534521.40321876],[12122162.40439113,1534525.97119316],[12122172.02404244,1534530.41806684],[12122174.47378435,1534528.56750775],[12122191.00520266,1534534.2328413],[12122197.24581243,1534536.71400914],[12122197.30569864,1534540.76680018],[12122203.69856094,1534544.21630907]]},"properties":null,"id":"9969fe8c-758a-4508-9e96-566b5eba0c31"},{"type":"Feature","geometry":{"type":"LineString","coordinates":[[12122184.28694327,1534570.45480392],[12122185.1972731,1534570.82717134],[12122187.51197724,1534567.12372851],[12122190.05565945,1534561.61451185],[12122193.85255007,1534558.04671854],[12122198.89149331,1534554.31952214],[12122203.73535448,1534551.77153418],[12122205.5426257,1534550.68653531],[12122207.25953302,1534548.65216212],[12122212.43916202,1534545.43649986],[12122217.55346652,1534540.63242414],[12122220.24178109,1534537.12877969],[12122219.56405438,1534535.29784502],[12122220.09093985,1534533.67284405]]},"properties":null,"id":"4e0e7cf9-fb96-43f6-8060-b9fc1929ff0e"},{"type":"Feature","geometry":{"type":"LineString","coordinates":[[12122185.1972731,1534570.82717134],[12122185.98915656,1534571.12152871],[12122188.3573753,1534570.42334096],[12122188.6956918,1534569.89441073],[12122190.23248119,1534564.81162745],[12122191.89236931,1534562.5782484],[12122195.14866906,1534560.2086408],[12122201.39569118,1534555.26627858],[12122208.85662171,1534550.83905827],[12122211.46741698,1534548.75985722],[12122211.76264209,1534545.85650284]]},"properties":null,"id":"73776089-7101-4830-b60c-8d80216c6e87"},{"type":"Feature","geometry":{"type":"LineString","coordinates":[[12122188.72382401,1534572.0740392],[12122190.52807598,1534572.30540195],[12122193.89838314,1534566.60052068],[12122196.35235972,1534564.75895885],[12122202.82530097,1534559.72041631],[12122212.30943503,1534554.17191535],[12122215.68049188,1534550.82386352],[12122218.81175019,1534548.92368799],[12122216.18312921,1534547.18464592]]},"properties":null,"id":"729fb01c-510d-4a7c-a191-77b16dd42d90"},{"type":"Feature","geometry":{"type":"LineString","coordinates":[[12122218.81175019,1534548.92368799],[12122220.38491082,1534547.09974979],[12122221.53356875,1534547.47453145],[12122219.88549498,1534549.42339688],[12122218.88666332,1534551.07243583],[12122217.56275623,1534552.61501407],[12122214.41839638,1534555.14599828],[12122211.15560526,1534557.59182734],[12122209.66915549,1534558.88083977],[12122209.17367223,1534561.10190748],[12122208.30063462,1534562.1874202],[12122202.75982098,1534564.94293638],[12122197.49471461,1534567.63932458],[12122194.2245251,1534570.19751877],[12122193.83641028,1534573.64210746],[12122192.22277153,1534573.17216282],[12122190.52807598,1534572.30540195]]},"properties":null,"id":"48fd2b36-17f0-4e65-a044-85f23cd42bac"},{"type":"Feature","geometry":{"type":"LineString","coordinates":[[12122193.83641028,1534573.64210746],[12122195.06084959,1534573.25145295],[12122197.27670077,1534570.75278551],[12122203.23999648,1534566.99842721],[12122208.39302238,1534565.23347219],[12122211.34610441,1534562.55629254],[12122209.35126666,1534560.30581748]]},"properties":null,"id":"7de5ea5d-b096-44aa-8383-c28e7442450e"},{"type":"Feature","geometry":{"type":"LineString","coordinates":[[12122122.73790782,1534449.77071153],[12122126.77313805,1534442.99351849],[12122132.68264717,1534435.27681818],[12122140.71351448,1534424.41938053],[12122149.86370492,1534412.30897484],[12122157.76239618,1534402.00255454],[12122163.49099137,1534395.09710137],[12122168.54852898,1534388.63321548],[12122174.51098534,1534380.37555294],[12122182.4028827,1534370.22140515],[12122187.94685918,1534362.78948374],[12122193.93620582,1534353.48680848],[12122196.43681834,1534348.66137991],[12122200.10142936,1534337.49938598],[12122203.3015466,1534327.55242261],[12122206.43413482,1534318.22373138],[12122210.00190705,1534307.660602],[12122212.33928293,1534300.03811633],[12122216.15569568,1534289.01495779],[12122220.47102673,1534275.33894503],[12122222.73491607,1534267.70720596],[12122223.78157991,1534264.33061804],[12122224.59367493,1534257.99905335],[12122225.83106376,1534249.68551057],[12122226.58258924,1534244.05256402],[12122227.92290313,1534234.51488818],[12122229.24844104,1534224.8904449],[12122230.6039074,1534215.36060913],[12122232.05001362,1534205.79375615],[12122233.02929106,1534198.0742522],[12122233.34763413,1534196.27386241],[12122234.78881273,1534186.99816947],[12122235.63616269,1534180.46914023],[12122237.12777086,1534172.86027775],[12122237.87385212,1534169.8206788]]},"properties":null,"id":"975f346f-cf71-4a9d-8478-85475ec63c0c"},{"type":"Feature","geometry":{"type":"LineString","coordinates":[[12122134.32957124,1534201.27967536],[12122155.63611151,1534191.21694865],[12122172.32097026,1534183.6949424]]},"properties":{"color":"#c026d3"},"id":"e4e8f7a9-0f14-48c8-97cc-a2de29896ad3"},{"type":"Feature","geometry":{"type":"LineString","coordinates":[[12122134.32957124,1534201.27967536],[12122135.03001944,1534216.67223425],[12122130.81697656,1534239.27458588],[12122123.65966894,1534276.65918629],[12122135.83800176,1534290.06291181],[12122142.20238845,1534297.41764573],[12122143.60804005,1534309.76930551],[12122138.34117497,1534316.88942007],[12122138.34117497,1534316.88942007]]},"properties":null,"id":"0f13d733-c3aa-435d-ac3f-0a98175c20da"},{"type":"Feature","geometry":{"type":"LineString","coordinates":[[12122237.31252859,1534322.4860542],[12122237.58672043,1534320.46668767],[12122237.58672043,1534320.46668767],[12122235.89433429,1534319.56868381],[12122235.09942586,1534313.02608073],[12122229.30926839,1534308.20805638],[12122226.28349088,1534311.07030625]]},"properties":null,"id":"a1f7c3f2-8fb5-4ae8-a5b7-734b81c2a24d"},{"type":"Feature","geometry":{"type":"LineString","coordinates":[[12122138.34117497,1534316.88942007],[12122143.85335525,1534328.27036642],[12122150.13099299,1534330.34410444],[12122156.89660083,1534331.11005249],[12122162.4849692,1534330.74371009]]},"properties":null,"id":"292446c8-728d-4d76-9d23-1ddbc5b8f588"},{"type":"Feature","geometry":{"type":"LineString","coordinates":[[12122130.53461304,1534382.13591904],[12122150.80210211,1534390.51407511],[12122161.27616441,1534376.99822086],[12122165.75472677,1534369.69821191],[12122171.74472347,1534359.2779709],[12122177.66798959,1534342.58191021],[12122174.63411996,1534337.08883928],[12122171.3113151,1534336.29379008],[12122168.27745098,1534336.58290039],[12122162.4849692,1534330.74371009],[12122160.20971204,1534332.8381743],[12122159.07208345,1534338.48412561],[12122154.53933271,1534346.55053704],[12122146.27941802,1534360.09847038],[12122130.53461304,1534382.13591904]]},"properties":null,"id":"43a7bbb9-cd7e-4481-8add-4087bf66749a"},{"type":"Feature","geometry":{"type":"LineString","coordinates":[[12121974.36383224,1533650.44950728],[12121971.36861177,1533643.7437068],[12121972.26609514,1533642.96282956],[12121980.14438342,1533642.40744319],[12121981.62565867,1533643.11209249]]},"properties":null,"id":"e6699568-5d84-4873-9dae-b4bc2bf7e700"},{"type":"Feature","geometry":{"type":"LineString","coordinates":[[12121970.42219902,1533642.9259705],[12121970.28301484,1533643.74737842],[12121966.95984226,1533646.3681174],[12121967.6882715,1533647.6386262],[12121968.4240817,1533650.76982719],[12121968.52089742,1533653.33300978]]},"properties":null,"id":"a3085f8e-47bf-4115-8298-c27397fbf724"},{"type":"Feature","geometry":{"type":"LineString","coordinates":[[12121981.62565867,1533643.11209249],[12121980.78134263,1533643.87501921],[12121977.6219679,1533648.43840458],[12121979.83862493,1533650.63086895],[12121981.03613088,1533651.90555777],[12121983.37576727,1533655.6180675],[12121988.67977653,1533651.47216435],[12121989.1638746,1533649.97440451],[12121989.13235403,1533649.2668003]]},"properties":null,"id":"187a406d-ce65-4b62-8216-c4bed60e40d8"},{"type":"Feature","geometry":{"type":"LineString","coordinates":[[12122007.86111072,1533983.78225],[12122005.6363245,1533969.42423341],[12122002.70388947,1533958.4001913],[12121999.02140195,1533950.59258824],[12121999.02140195,1533948.16143091],[12121983.85436161,1533921.56259107],[12121981.20595491,1533915.50196539],[12121981.27230645,1533902.57503333],[12121995.89312398,1533863.61414855],[12121999.59127641,1533862.25830711],[12122022.85417831,1533871.12543601],[12122060.36583488,1533887.70605474],[12122068.09313734,1533894.11533329],[12122069.73472044,1533900.8497124]]},"properties":{"color":"#c026d3"},"id":"54a0b5d5-00d5-48ac-bc60-e1affec7a521"},{"type":"Feature","geometry":{"type":"LineString","coordinates":[[12121973.34272383,1533652.53640124],[12121971.8489351,1533652.97067945],[12121969.17615862,1533653.54005662],[12121968.52089742,1533653.33300978],[12121968.36570369,1533655.69678569],[12121968.6760905,1533658.38838479],[12121969.53827646,1533660.85568347],[12121973.05599545,1533659.92397563],[12121976.81553776,1533659.09720931]]},"properties":null,"id":"d9be77e7-d8ff-44d7-84b7-98cc094e994b"},{"type":"Feature","geometry":{"type":"LineString","coordinates":[[12121977.6219679,1533648.43840458],[12121975.31976446,1533650.03647679],[12121974.36383224,1533650.44950728],[12121973.34272383,1533652.53640124],[12121974.60281488,1533654.47112446],[12121976.01168495,1533657.98854666],[12121976.81553776,1533659.09720931],[12121980.98687626,1533657.2711772],[12121983.37576727,1533655.6180675]]},"properties":null,"id":"ad6b2201-0f0a-403f-a506-861808c80fde"},{"type":"Feature","geometry":{"type":"LineString","coordinates":[[12121969.53827646,1533660.85568347],[12121967.4007364,1533662.01255385],[12121965.85057364,1533662.4038153],[12121963.36472628,1533661.53745084],[12121959.95735093,1533659.62856724],[12121960.54227004,1533655.79404725],[12121962.35421058,1533652.4463963],[12121962.86587898,1533650.28613719],[12121962.17949429,1533649.38707036],[12121966.95984226,1533646.3681174]]},"properties":null,"id":"f2c6e5ee-ef5a-4e36-becd-e3724db9445e"},{"type":"Feature","geometry":{"type":"LineString","coordinates":[[12121982.68437732,1534728.30295128],[12121983.01133901,1534720.6463195],[12121982.98623916,1534708.07543474],[12121983.70468292,1534696.92004672],[12121986.4601295,1534685.8290522],[12121990.89913364,1534673.47466792],[12121997.08454309,1534663.05858865],[12122005.37580159,1534652.34195153],[12122015.52374064,1534639.34870786],[12122023.4577218,1534629.46745335],[12122032.48077583,1534618.22424261],[12122049.3816665,1534593.60501642],[12122059.96349882,1534574.32762229],[12122072.65658275,1534541.03655905],[12122083.68364058,1534513.69886655],[12122113.84444815,1534451.70229791]]},"properties":{"color":"#c026d3"},"id":"b78c03c7-ef05-4e8f-a89f-a3b81e95f0a3"},{"type":"Feature","geometry":{"type":"LineString","coordinates":[[12121959.95735093,1533659.62856724],[12121955.40589094,1533659.30642463],[12121952.5815358,1533658.75852432],[12121952.88414508,1533656.6534329],[12121955.52355113,1533653.4742585],[12121962.17949429,1533649.38707036]]},"properties":null,"id":"d2c62436-f8a7-4aff-90e1-8c44870b1216"},{"type":"Feature","geometry":{"type":"LineString","coordinates":[[12121993.85330969,1533614.35714154],[12121992.74035428,1533613.88906192],[12121984.90820627,1533612.81509293],[12121981.29950523,1533611.64655046],[12121984.32253049,1533609.38667977],[12121987.55928622,1533608.25391052],[12121992.12814863,1533607.79585811],[12121994.40588762,1533607.95207495],[12121995.4534231,1533608.4121321]]},"properties":null,"id":"c7700996-f910-4a92-8902-62724fd9d51f"},{"type":"Feature","geometry":{"type":"LineString","coordinates":[[12121970.03205869,1533626.07271261],[12121969.67384173,1533627.64881565],[12121969.88464829,1533631.79709611],[12121972.04540652,1533631.19946304],[12121978.45741638,1533631.39281478],[12121980.14386085,1533631.93771629],[12121983.41421032,1533632.43132988]]},"properties":null,"id":"3649bcc0-c8e4-4c61-8f2d-3b55152bdc73"},{"type":"Feature","geometry":{"type":"LineString","coordinates":[[12121981.29950523,1533611.64655046],[12121975.91978647,1533617.49215073],[12121980.1412929,1533618.18400981],[12121984.2367735,1533618.75967221],[12121989.68819664,1533618.7769892],[12121991.98990784,1533618.79430552],[12121992.97210115,1533619.2594935]]},"properties":null,"id":"5bf28b1e-b772-4b01-923d-24524cce4149"},{"type":"Feature","geometry":{"type":"LineString","coordinates":[[12121972.87619383,1533620.84562827],[12121971.41986355,1533622.78572704],[12121970.03205869,1533626.07271261],[12121972.73739954,1533626.01998038],[12121983.1365451,1533626.98457668]]},"properties":null,"id":"e5631c4e-b40a-4ba2-ac3d-6abf09161143"},{"type":"Feature","geometry":{"type":"LineString","coordinates":[[12121975.91978647,1533617.49215073],[12121972.87619383,1533620.84562827],[12121977.15997232,1533621.79057128],[12121982.40554427,1533622.45495745],[12121992.18275095,1533622.79348645]]},"properties":null,"id":"f21ed42f-d5b2-4763-8d32-f957ec276431"},{"type":"Feature","geometry":{"type":"LineString","coordinates":[[12121991.93496609,1533627.52530154],[12121987.64887127,1533627.0718829],[12121983.1365451,1533626.98457668],[12121983.16491054,1533628.47760929],[12121983.41421032,1533632.43132988],[12121987.04776855,1533632.6581879],[12121993.07839068,1533633.57966065],[12121993.85078516,1533634.34260059],[12121996.55122615,1533632.7449836],[12121998.00689398,1533630.92185442],[12121998.69103396,1533629.0921962]]},"properties":null,"id":"f7d02a3e-51ee-4481-a901-f0ce9e1dbc33"},{"type":"Feature","geometry":{"type":"LineString","coordinates":[[12121969.88464829,1533631.79709611],[12121971.21802405,1533637.41780887],[12121974.43281242,1533636.89048489],[12121978.91243615,1533637.03110406],[12121983.56773001,1533637.82208953],[12121983.41421032,1533632.43132988]]},"properties":null,"id":"b0e87340-ef53-4a10-8b95-990421802b03"},{"type":"Feature","geometry":{"type":"LineString","coordinates":[[12121971.21802405,1533637.41780887],[12121971.26114886,1533639.74389589],[12121970.42219902,1533642.9259705],[12121971.36861177,1533643.7437068]]},"properties":null,"id":"e1a0bcb9-4d3a-4c0f-91b2-f920b0b28fd4"},{"type":"Feature","geometry":{"type":"LineString","coordinates":[[12121983.53440819,1533638.54035954],[12121982.7939382,1533640.2590256],[12121981.62565867,1533643.11209249],[12121985.11069623,1533645.767029],[12121988.27849464,1533649.13190117],[12121989.13235403,1533649.2668003],[12121990.70488235,1533644.32538856],[12121990.63476782,1533641.88449225],[12121989.8838071,1533639.98711106]]},"properties":null,"id":"af641161-ed0f-434b-95fc-d5fe07d01add"},{"type":"Feature","geometry":{"type":"LineString","coordinates":[[12122002.88513062,1533603.78105163],[12121999.70558641,1533604.44778114],[12121998.13613651,1533605.61176727],[12121995.4534231,1533608.4121321],[12121995.69994337,1533609.09408581],[12121999.05961669,1533610.14941188],[12122002.06135504,1533611.07803053],[12122005.38211943,1533611.77449423],[12122006.32469441,1533612.42742906],[12122008.37221515,1533608.10007944]]},"properties":null,"id":"587321dc-dc69-4b77-838e-a02ae6e0bd4f"},{"type":"Feature","geometry":{"type":"LineString","coordinates":[[12121995.69994337,1533609.09408581],[12121995.26629055,1533609.83538674],[12121993.85330969,1533614.35714154],[12121996.49128316,1533614.93175456],[12122001.92395148,1533616.56494927],[12122003.53182702,1533617.45467466],[12122006.32469441,1533612.42742906]]},"properties":null,"id":"9eb5d5d5-f025-469d-96e5-e3ce733d1bb4"},{"type":"Feature","geometry":{"type":"LineString","coordinates":[[12121993.85330969,1533614.35714154],[12121993.73271779,1533616.88676742],[12121992.97210115,1533619.2594935],[12121992.92735853,1533620.48316399],[12121996.24986566,1533621.26435333],[12122001.02116341,1533622.07424429],[12122003.53182702,1533617.45467466]]},"properties":null,"id":"100d705e-a79f-4de3-a6b8-2408f2d8982b"},{"type":"Feature","geometry":{"type":"LineString","coordinates":[[12121992.92735853,1533620.48316399],[12121992.45695805,1533621.12341653],[12121992.11393545,1533623.21261017],[12121991.93496609,1533627.52530154],[12121992.6806689,1533628.07744553],[12121998.69103396,1533629.0921962],[12121999.24285472,1533628.12221384],[12122001.02116341,1533622.07424429]]},"properties":null,"id":"5d7558ac-5d0e-40e4-8ae5-26d4f6c766ff"},{"type":"Feature","geometry":{"type":"LineString","coordinates":[[12122069.30324767,1533947.78359191],[12122055.528752,1533917.49270887],[12122069.73472044,1533900.8497124],[12122097.08754564,1533900.84285095],[12122115.40166772,1533902.57467248],[12122105.81259066,1533928.52545934],[12122094.11288577,1533955.34928484]]},"properties":null,"id":"988dab68-60b0-4220-a7e2-1d764132c444"},{"type":"Feature","geometry":{"type":"LineString","coordinates":[[12122007.86111072,1533983.78225],[12122034.02281831,1533958.79040448],[12122055.42892093,1533962.657665],[12122069.30324767,1533947.78359191],[12122094.11288577,1533955.34928484],[12122138.09795023,1533962.17177049]]},"properties":{"color":"#c026d3"},"id":"3966f458-e3ab-4193-865f-2c477ac25f9c"},{"type":"Feature","geometry":{"type":"LineString","coordinates":[[12121983.56773001,1533637.82208953],[12121983.53440819,1533638.54035954],[12121989.8838071,1533639.98711106],[12121990.7324907,1533637.12505986],[12121993.85078516,1533634.34260059]]},"properties":null,"id":"960d7943-3629-4376-9db3-11b83b4cf1d5"},{"type":"Feature","geometry":{"type":"LineString","coordinates":[[12122115.40166772,1533902.57467248],[12122119.42459888,1533894.26494394],[12122128.41354705,1533895.35735947],[12122135.10976409,1533899.7634349],[12122145.21639069,1533900.18657363],[12122154.56926383,1533899.58574592],[12122149.83213768,1533915.76922894],[12122147.04710311,1533920.87693021],[12122147.27636147,1533926.74938779],[12122144.78134741,1533935.6716459],[12122143.91016495,1533949.02231302],[12122141.73444938,1533956.89135222],[12122138.09795023,1533962.17177049]]},"properties":null,"id":"c5bfe3e4-de3a-4dd6-804e-7b72a03c4144"},{"type":"Feature","geometry":{"type":"LineString","coordinates":[[12122138.34117497,1534316.88942007],[12122131.21535972,1534321.94353142],[12122128.12159498,1534326.03841174],[12122121.5081632,1534335.20625117],[12122119.01222048,1534339.43518638],[12122106.8540686,1534360.96069435],[12122102.69548919,1534381.63562023],[12122099.97636973,1534394.75158179],[12122102.71300191,1534404.9221933],[12122108.42195123,1534426.65403334],[12122111.99633325,1534440.62465404]]},"properties":null,"id":"80e6c948-9ba4-44ee-8dcc-bffc2ec4681e"},{"type":"Feature","geometry":{"type":"LineString","coordinates":[[12122144.75763609,1533629.80895145],[12122147.76433429,1533631.46746162],[12122147.71080929,1533614.27760362],[12122147.27538946,1533604.88199105],[12122148.12979965,1533599.98707325],[12122149.03807687,1533597.1526705],[12122152.81720109,1533593.93319244],[12122172.46461159,1533581.71492733],[12122199.97177352,1533558.7784132]]},"properties":{"color":"#c026d3"},"id":"8caf7e74-a04d-4780-9ea3-b888173d2cb1"},{"type":"Feature","geometry":{"type":"LineString","coordinates":[[12122207.44416922,1533759.75882347],[12122204.97384591,1533760.05466868],[12122196.47623527,1533751.42703414],[12122188.97834269,1533740.86130717],[12122175.67694777,1533725.34061006],[12122167.74168002,1533720.77671364],[12122163.18046012,1533716.52541512],[12122160.61868111,1533711.2738119],[12122153.87058065,1533704.83434478],[12122149.86541787,1533697.27343603],[12122150.80265444,1533684.33197648],[12122149.61548716,1533676.01694103],[12122146.14264592,1533667.14090647],[12122143.64334839,1533660.13876647],[12122142.70611182,1533654.69960403],[12122138.58226708,1533643.69624049],[12122135.36920316,1533634.100663],[12122135.57773077,1533628.63613315]]},"properties":null,"id":"61450607-6d7a-47fc-afa8-788b4e445f23"},{"type":"Feature","geometry":{"type":"LineString","coordinates":[[12122214.73852843,1533759.69124192],[12122216.41741979,1533759.65411987],[12122216.98667049,1533754.71771885],[12122216.03791933,1533750.61670906],[12122210.99056489,1533743.52559721],[12122208.33406164,1533740.07011563],[12122200.26496071,1533732.93212966],[12122196.5638206,1533723.32094501],[12122193.18145433,1533716.32089439],[12122191.13215414,1533713.13121641],[12122186.24622391,1533707.60055586],[12122182.26146903,1533703.11982292],[12122178.69416409,1533701.79079188],[12122174.25709168,1533696.56446386],[12122169.53610467,1533690.23067579],[12122165.31112684,1533683.17069703],[12122165.00752531,1533677.39890478],[12122163.76922592,1533672.01928671],[12122160.92297244,1533666.51329806],[12122155.82865468,1533661.80877723],[12122152.45109997,1533655.46740242],[12122151.15404567,1533649.24207184],[12122149.90169298,1533642.14124854],[12122145.18835657,1533640.35745247],[12122140.07225336,1533629.01887157],[12122135.57773077,1533628.63613315],[12122135.57773077,1533628.63613315],[12122135.57773077,1533628.63613315]]},"properties":null,"id":"887cffd7-b27c-4fab-8e23-ed2ed9528c72"},{"type":"Feature","geometry":{"type":"LineString","coordinates":[[12122138.09795023,1533962.17177049],[12122148.33512056,1533963.47875309],[12122159.36317102,1533965.91395847],[12122172.3336667,1533969.86985183],[12122173.81371991,1533962.56555071],[12122173.48430694,1533959.65270127],[12122175.64034584,1533954.85869314],[12122172.28650756,1533948.09914113],[12122172.66980117,1533944.64745426],[12122176.98187897,1533943.73659364],[12122188.5765756,1533940.23696558],[12122202.12888369,1533938.14177004],[12122207.06381863,1533935.69682617],[12122216.62531331,1533925.28355724],[12122222.47300234,1533917.67710094],[12122224.30040516,1533906.41369435],[12122219.41907378,1533887.80762763],[12122216.2028437,1533876.61736033],[12122213.57138476,1533870.10798771],[12122204.88054608,1533881.30571366],[12122192.92260572,1533886.19081521],[12122186.55447237,1533887.04039844],[12122175.65925245,1533879.7898635],[12122167.84120139,1533872.79752802],[12122172.82314086,1533844.29932327],[12122166.67911287,1533843.92371593],[12122159.79345757,1533848.94386767],[12122156.99062311,1533868.12268534],[12122154.38823848,1533880.61724821],[12122154.29529035,1533893.82282276],[12122154.56926383,1533899.58574592],[12122154.56926383,1533899.58574592],[12122154.56926383,1533899.58574592],[12122154.56926383,1533899.58574592],[12122154.56926383,1533899.58574592]]},"properties":null,"id":"77949cc1-7dc5-40d8-bd18-141cba354d5b"},{"type":"Feature","geometry":{"type":"LineString","coordinates":[[12121993.1376847,1533572.84546696],[12122001.68068528,1533565.881686],[12122008.22191167,1533556.78086904],[12122012.54285632,1533556.23719645],[12122013.21557766,1533560.79367889],[12122013.03666564,1533564.94070454]]},"properties":null,"id":"b312154c-f87a-4397-962b-8d539ca5b067"},{"type":"Feature","geometry":{"type":"LineString","coordinates":[[12122012.20126949,1533586.71323073],[12122016.95086733,1533583.64462918],[12122018.70107777,1533581.5629695],[12122019.82385369,1533579.44826747],[12122019.43372484,1533577.63198152],[12122017.3863083,1533572.74436588],[12122016.85783805,1533571.64271621],[12122016.41203017,1533567.56200209],[12122015.55343675,1533565.90989103],[12122014.26554535,1533564.52211749],[12122012.71347147,1533565.05079253],[12122005.63230427,1533572.17353007],[12122005.6882174,1533572.89733981]]},"properties":null,"id":"ac2d50b7-310d-4a18-8f79-a56090400f2d"},{"type":"Feature","geometry":{"type":"LineString","coordinates":[[12122015.07956039,1533565.39926329],[12122017.21672248,1533562.15598059],[12122020.25501919,1533561.97538223],[12122022.75183858,1533564.17266758],[12122024.58863007,1533567.60308333],[12122024.91953556,1533570.61306472],[12122024.52846669,1533576.75342373],[12122023.40144032,1533579.78076224]]},"properties":null,"id":"b94fefa2-b0f4-4a78-97fe-dbfdc648b34a"},{"type":"Feature","geometry":{"type":"LineString","coordinates":[[12121997.27449142,1533580.76942201],[12122005.92910267,1533590.64909822],[12122007.18407939,1533590.72315727],[12122012.20126949,1533586.71323073],[12122012.01972659,1533584.90957703],[12122005.6882174,1533572.89733981],[12122004.2957124,1533572.48369724],[12122001.85452926,1533574.33619041],[12121996.73054396,1533579.25636077],[12121997.27449142,1533580.76942201]]},"properties":null,"id":"b91457cd-a140-4536-8c8c-30c6571a5847"},{"type":"Feature","geometry":{"type":"LineString","coordinates":[[12122016.1311983,1533591.37709265],[12122018.2013478,1533590.10040295],[12122020.04031215,1533588.28680183],[12122021.60470657,1533585.35650944],[12122023.40144032,1533579.78076224],[12122019.82385369,1533579.44826747]]},"properties":null,"id":"11a4e761-03a8-479c-96fe-9af45ebeeb1d"},{"type":"Feature","geometry":{"type":"LineString","coordinates":[[12121997.27449142,1533580.76942201],[12121996.63350825,1533581.71801374],[12121996.36601323,1533584.88521526],[12121991.60499985,1533596.01626937],[12121988.99693236,1533597.8006087],[12121989.6210857,1533598.80429981],[12121994.56972396,1533600.767074],[12122000.61062972,1533596.55157164],[12122006.32132819,1533592.48856085]]},"properties":null,"id":"708a8695-0fd0-46ea-b226-7299d578900e"},{"type":"Feature","geometry":{"type":"LineString","coordinates":[[12122007.18407939,1533590.72315727],[12122006.32132819,1533592.48856085],[12122007.90649008,1533593.68708607],[12122009.87248073,1533596.08413651],[12122016.1311983,1533591.37709265],[12122013.17755813,1533586.08247399]]},"properties":null,"id":"b4ee7653-2b45-4786-a644-d9dd9dd9d88a"},{"type":"Feature","geometry":{"type":"LineString","coordinates":[[12121994.56972396,1533600.767074],[12122002.70741491,1533599.11544549],[12122007.54459734,1533597.53184388],[12122009.87248073,1533596.08413651]]},"properties":null,"id":"25b8712e-acd0-451c-a72e-065a7a05392f"},{"type":"Feature","geometry":{"type":"LineString","coordinates":[[12122002.88513062,1533603.78105163],[12122003.52756824,1533604.48230393],[12122005.76742225,1533606.54563671],[12122008.37221515,1533608.10007944],[12122010.19440169,1533604.30162926],[12122009.54028356,1533602.68874862],[12122008.09187856,1533602.01087194],[12122005.30019488,1533602.12774732],[12122003.22103276,1533603.07443774],[12122002.88513062,1533603.78105163]]},"properties":null,"id":"165bb12a-6dfa-4ec0-9d6a-084669fc4e7c"},{"type":"Feature","geometry":{"type":"LineString","coordinates":[[12121985.56538695,1533598.59116021],[12121979.93596741,1533597.18948485],[12121982.52975891,1533595.16288435],[12121984.75901631,1533593.14475501],[12121986.0606805,1533580.84717382],[12121989.88226385,1533574.47413253],[12121993.1376847,1533572.84546696],[12121994.34077596,1533576.49226254],[12121996.73054396,1533579.25636077]]},"properties":null,"id":"e6044297-d7a1-44fb-8644-8b0910da1dc5"},{"type":"Feature","geometry":{"type":"LineString","coordinates":[[12121979.93596741,1533597.18948485],[12121979.07642565,1533599.72703773],[12121979.32610929,1533605.37319882],[12121969.43863187,1533605.92282344],[12121954.75723696,1533605.17333298],[12121951.91084119,1533602.47516942],[12121953.63365868,1533600.14550305],[12121959.13104575,1533597.11005298],[12121961.72775597,1533594.61175098],[12121966.99608037,1533590.36463837],[12121973.4076374,1533581.64370932],[12121976.45731848,1533574.98487513],[12121986.0606805,1533580.84717382]]},"properties":{"color":"#c026d3"},"id":"ff9524e7-207d-4b77-9c31-b19afb8c20fc"},{"type":"Feature","geometry":{"type":"LineString","coordinates":[[12121949.9253544,1533431.25834167],[12121952.23096365,1533445.2599896],[12121964.98506951,1533468.13203391],[12121970.24417705,1533478.01469023],[12121977.12525864,1533484.42810159],[12121985.97595051,1533491.93635077],[12121993.992882,1533499.70129572],[12122001.19850467,1533505.57253887],[12122011.05679228,1533506.70448088],[12122017.60204513,1533500.07453241],[12122019.62962832,1533489.4692139],[12122021.48815972,1533477.26040871],[12122027.38697142,1533472.24752068],[12122026.65971973,1533469.33681002],[12122013.07982404,1533460.05716629],[12122008.7196341,1533457.86416848],[12122000.52401982,1533449.16973861],[12121989.26957039,1533447.99744942],[12121982.06137253,1533454.02427226],[12121981.31703956,1533454.57573731]]},"properties":null,"id":"2f48419b-3d2d-4063-a489-eba30f2187b1"},{"type":"Feature","geometry":{"type":"LineString","coordinates":[[12121961.03495461,1533461.04825995],[12121966.94765626,1533450.19356512],[12121967.97456822,1533450.4311408],[12121973.01931034,1533451.59823993],[12121977.53971123,1533453.74181656],[12121979.63410615,1533455.78370532],[12121981.31703956,1533454.57573731]]},"properties":null,"id":"d92a573e-d020-465a-9f3b-357a99b84ab1"},{"type":"Feature","geometry":{"type":"LineString","coordinates":[[12121949.9253544,1533431.25834167],[12121959.9655372,1533432.45849157],[12121961.98005367,1533438.85979128],[12121965.72129226,1533448.56962626],[12121976.94501352,1533450.87121732],[12121988.38457779,1533446.77150867],[12122007.01734999,1533446.6024348],[12122011.06108406,1533453.76242096],[12122022.14091364,1533461.02681767],[12122028.46048843,1533467.28249864],[12122036.01491694,1533468.21752198],[12122051.08928256,1533481.20141603],[12122049.61618415,1533489.8715035],[12122056.95477514,1533492.82041799],[12122092.66939541,1533507.68126519],[12122108.01157711,1533530.48140784],[12122120.49584045,1533554.44450407],[12122123.46239199,1533570.14411627],[12122134.0722998,1533598.53877375],[12122139.55431827,1533615.20807894],[12122140.36887396,1533626.35656897],[12122144.75763609,1533629.80895145]]},"properties":{"color":"#c026d3"},"id":"d440e0a4-e8f9-47ff-b28b-3c682d7f8deb"},{"type":"Feature","geometry":{"type":"LineString","coordinates":[[12121995.89312398,1533863.61414855],[12122000.68845583,1533841.10630215],[12122003.5314272,1533819.38356052],[12121999.9131009,1533808.26359709],[12121991.06107475,1533796.90560521],[12121977.49232893,1533784.10470715],[12121958.23764036,1533771.82101899],[12121949.19180982,1533764.19220509],[12121929.16175646,1533756.43408625],[12121932.27170164,1533738.16272381],[12121936.98977581,1533730.36306566],[12121954.17776114,1533724.94546702],[12121983.72922778,1533715.09528073],[12121991.43031006,1533706.00545825],[12122002.94091864,1533700.22471149],[12122018.6272329,1533603.84481729],[12122019.20228982,1533599.81706892],[12122027.44475937,1533592.20908868],[12122031.79338154,1533564.33378654],[12122031.79338154,1533564.33378654],[12122029.85579449,1533553.75389343],[12122029.85579449,1533553.75389343],[12122028.09750053,1533538.5737902],[12122016.87044812,1533524.31233139],[12122025.33984334,1533515.8296124],[12122037.06051607,1533500.75164228],[12122052.2154348,1533496.18335857],[12122052.2154348,1533496.18335857],[12122072.09576481,1533501.55947006],[12122079.28132241,1533508.09833425],[12122089.49497532,1533520.33285008],[12122094.82793165,1533532.05474754],[12122104.29480409,1533546.98932751],[12122112.77508503,1533560.37328287],[12122116.75807265,1533575.28380341],[12122122.04523688,1533576.77169159],[12122120.99882216,1533586.47051676],[12122125.92899849,1533598.29425401],[12122131.6478873,1533606.33173059],[12122135.57773077,1533628.63613315]]},"properties":null,"id":"e86abda7-8175-40e9-9d36-4dd50c65cf44"},{"type":"Feature","geometry":{"type":"LineString","coordinates":[[12121988.99693236,1533597.8006087],[12121985.56538695,1533598.59116021],[12121981.95611588,1533602.5212018],[12121982.41612224,1533606.48664999],[12121991.15622135,1533604.11446213],[12121995.11934263,1533603.12310042],[12121994.56972396,1533600.767074]]},"properties":null,"id":"6cc5b135-75c3-41a1-b3d4-315e63c69590"},{"type":"Feature","geometry":{"type":"LineString","coordinates":[[12121976.45731848,1533574.98487513],[12121980.07702797,1533564.97878995],[12121983.09482749,1533551.20051058],[12121984.83122785,1533545.17155951],[12121989.7983864,1533530.87807037],[12121996.16708215,1533529.90912244],[12122010.55368702,1533524.40301589],[12122016.87044812,1533524.31233139]]},"properties":{"color":"#c026d3"},"id":"cbd4aff6-7c43-4c83-a391-a702b843c7ef"},{"type":"Feature","geometry":{"type":"LineString","coordinates":[[12121981.31703956,1533454.57573731],[12121985.96744342,1533466.06807321],[12121991.88878024,1533475.09912399],[12122003.23314712,1533475.3238954],[12122006.43427791,1533478.86406709],[12122005.70419334,1533486.11298528],[12122000.42513615,1533486.45014454],[12121999.18549789,1533487.23981353],[12121998.3430946,1533492.52197276],[12121998.3430946,1533492.52197276],[12121996.8267661,1533497.18600579],[12121995.14901319,1533500.64332775]]},"properties":null,"id":"7881a9e5-70f8-4076-a049-5225a1f33f73"},{"type":"Feature","geometry":{"type":"LineString","coordinates":[[12121850.6185471,1537456.17964971],[12121856.54385585,1537469.85547227],[12121861.4529383,1537479.97857631],[12121863.91483597,1537495.8219569],[12121860.28108468,1537511.44619065],[12121854.03910019,1537524.6909156]]},"properties":{"color":"#c026d3"},"id":"573b1f23-20c7-40f1-bc15-21aa45a26d5a"},{"type":"Feature","geometry":{"type":"LineString","coordinates":[[12121909.6954985,1537641.56314297],[12121929.31360109,1537629.49983291],[12121937.97612313,1537624.82924948],[12121943.37290536,1537624.06425873],[12121960.27068655,1537626.90191685],[12121976.45948051,1537631.27664242],[12121991.82109568,1537632.5772331],[12122002.30399509,1537631.98135872],[12122018.63712221,1537628.87994892],[12122029.76987149,1537627.6538634],[12122036.0153176,1537627.61132913],[12122041.39853037,1537628.57129765],[12122046.53211464,1537631.15839952],[12122048.70408284,1537633.4378688],[12122051.14060369,1537637.07018352],[12122053.18623657,1537641.45473618],[12122055.27642559,1537648.65728376],[12122057.40342331,1537669.58499551],[12122058.74967759,1537696.77828788],[12122062.47360284,1537726.00947074]]},"properties":{"color":"#c026d3"},"id":"11d9692f-6d63-4a0b-a140-baa4319b8fcf"},{"type":"Feature","geometry":{"type":"LineString","coordinates":[[12121854.03910019,1537524.6909156],[12121851.55243202,1537534.08876265],[12121851.17651059,1537540.23243148],[12121852.18336489,1537549.92662585],[12121853.91795462,1537556.99979402],[12121856.53413801,1537566.34926078],[12121858.12876546,1537575.28348112],[12121858.90959185,1537583.93764439],[12121858.50448385,1537592.84707476],[12121858.04701945,1537603.74420905],[12121857.85210062,1537615.22292486],[12121858.7919066,1537620.30085536],[12121862.5040964,1537629.90085615],[12121867.20312628,1537636.48335834],[12121872.9311894,1537641.47004531],[12121880.63759792,1537644.7612964],[12121886.93358581,1537647.32730078]]},"properties":{"color":"#c026d3"},"id":"79b718e7-5ee7-441a-8965-45c3143fe58e"},{"type":"Feature","geometry":{"type":"LineString","coordinates":[[12122065.61147042,1537708.80625065],[12122065.13262315,1537703.88125274],[12122064.64627492,1537698.30787563],[12122064.25520274,1537693.86749036],[12122063.8793894,1537688.14801372],[12122063.7457578,1537682.57371552],[12122063.54993877,1537677.9025348],[12122063.21831354,1537671.0569971],[12122062.97289902,1537664.79079255],[12122063.24513612,1537655.7237459],[12122062.38575528,1537647.92677801],[12122061.05270045,1537640.52622917],[12122058.24343529,1537633.82228388],[12122054.40317612,1537628.33398886],[12122049.97434242,1537624.23982521],[12122048.41874036,1537623.46156777]]},"properties":{"color":"#c026d3"},"id":"85434329-4555-4b30-bbcc-974abcb8ad97"},{"type":"Feature","geometry":{"type":"LineString","coordinates":[[12121886.93358581,1537647.32730078],[12121892.03986351,1537647.79747951],[12121896.83287734,1537647.04519426],[12121905.90408195,1537644.95993654],[12121915.73428231,1537639.18371852],[12121928.97292957,1537631.2492015],[12121938.52762604,1537625.73243705],[12121944.61688177,1537625.04428638],[12121952.29196391,1537626.14136888],[12121962.88067584,1537628.49233761],[12121971.24494807,1537630.59246831],[12121978.62049224,1537632.18148134],[12121986.73414859,1537633.05914925],[12121995.69462513,1537633.16847994],[12122004.27818446,1537632.54157497]]},"properties":{"color":"#c026d3"},"id":"102ca40b-7060-48b9-837e-744349008ca5"},{"type":"Feature","geometry":{"type":"LineString","coordinates":[[12122004.27818446,1537632.54157497],[12122012.67024612,1537630.97303511],[12122023.18557674,1537629.12687376],[12122028.56993165,1537628.41799024],[12122035.28155878,1537628.32202842],[12122039.61333359,1537628.88913663],[12122043.86414035,1537630.38791924],[12122047.26023873,1537632.80263469],[12122049.91193216,1537636.26603751],[12122052.30769228,1537641.2533123],[12122054.63859662,1537652.50525882],[12122055.38479842,1537661.50010437],[12122056.55951407,1537671.94032027],[12122057.03866064,1537681.21738831],[12122056.997698,1537692.38999275],[12122058.26397472,1537702.86379577],[12122059.50877413,1537711.36118713],[12122060.76895454,1537720.5399549],[12122061.55466074,1537726.6393096]]},"properties":{"color":"#c026d3"},"id":"cacb0479-d1f0-4e27-9b45-a49f6f02f958"},{"type":"Feature","geometry":{"type":"LineString","coordinates":[[12121787.81745069,1536156.03591367],[12121793.74839738,1536158.5310404],[12121807.78422675,1536162.95099965],[12121819.17115661,1536174.216198],[12121823.51727427,1536179.91937052],[12121830.00082737,1536183.12740506],[12121838.97805516,1536186.05027989],[12121849.32021158,1536194.40050502],[12121855.73251793,1536208.01683377],[12121860.81499411,1536223.25520251],[12121865.87359568,1536236.08734068],[12121872.07215631,1536243.71533447],[12121884.75427547,1536247.63626558],[12121888.53040816,1536246.56692074],[12121902.40918834,1536222.29062157],[12121915.29131455,1536204.79331532],[12121920.22591413,1536197.31095475],[12121927.15622001,1536170.15585929],[12121923.91147976,1536150.07624353],[12121959.65174715,1536059.68543094],[12121966.94828188,1536039.26307465],[12121993.11095259,1536027.1077764],[12121993.11095259,1536027.1077764]]},"properties":{"color":"#c026d3"},"id":"5a60007e-a01a-4b19-864e-425a7f8fa21c"},{"type":"Feature","geometry":{"type":"LineString","coordinates":[[12121736.33142849,1536807.56250645],[12121736.85517688,1536774.58352591],[12121737.90501133,1536743.07073243],[12121743.74457779,1536703.15452034],[12121737.56758412,1536673.35803007],[12121730.48136178,1536663.5102821],[12121710.66620213,1536641.18873258],[12121704.62979422,1536615.97849429],[12121711.84725086,1536588.40480501],[12121723.65760807,1536556.10418868],[12121724.31373958,1536553.60942386]]},"properties":{"color":"#c026d3"},"id":"3a4af516-4eee-48cb-aafe-97ca55013e0f"},{"type":"Feature","geometry":{"type":"LineString","coordinates":[[12121851.7535821,1537429.26509598],[12121850.61360178,1537421.48370298],[12121850.80900647,1537416.49794577],[12121850.63557569,1537407.96489761],[12121849.58961383,1537395.47831314],[12121849.29650804,1537393.36018141],[12121846.5611604,1537383.30145484],[12121843.09002296,1537373.4099175],[12121839.71102742,1537363.65941418],[12121838.14778741,1537359.45573688],[12121833.95551127,1537353.27428613],[12121830.54206364,1537350.28202436],[12121825.03815036,1537347.74026654],[12121820.23025866,1537346.34079165],[12121807.59405553,1537346.60148703],[12121784.11188317,1537347.2922055],[12121763.07195402,1537347.93336014],[12121745.95385928,1537347.62219012],[12121734.78319755,1537346.70976688],[12121721.72066922,1537344.95554006],[12121709.37757561,1537342.70706127]]},"properties":{"color":"#c026d3"},"id":"e929f7e0-cf5b-43ff-a304-db1c09e8cc59"},{"type":"Feature","geometry":{"type":"LineString","coordinates":[[12121831.16371122,1537366.66384769],[12121835.50495277,1537378.23918647],[12121840.23745665,1537393.55143063],[12121842.12342041,1537409.79263406],[12121843.27568929,1537427.08227793],[12121844.88495954,1537441.7068805],[12121850.6185471,1537456.17964971]]},"properties":{"color":"#c026d3"},"id":"ca19a372-d498-4271-9894-28ab8f831990"},{"type":"Feature","geometry":{"type":"LineString","coordinates":[[12121849.47784479,1537404.23317736],[12121849.71777815,1537421.27869877],[12121850.61534926,1537429.98383393],[12121852.47705757,1537438.9244216],[12121854.95159521,1537449.31114923],[12121855.81804026,1537451.35270259],[12121858.47547399,1537458.49076285],[12121863.62086309,1537469.77105237],[12121867.18608962,1537478.90903866],[12121868.60550555,1537482.06933065],[12121869.41424292,1537485.15754682],[12121870.20949554,1537490.82101176],[12121870.35464792,1537497.16306795],[12121868.927018,1537504.59296987],[12121866.74265275,1537511.47302656],[12121865.51041641,1537514.66083356],[12121859.55519242,1537529.79387433],[12121858.82406543,1537532.0068769],[12121858.13916841,1537537.58656492],[12121858.27295059,1537545.36908559],[12121859.04823149,1537550.63718654],[12121859.04823149,1537550.63718654],[12121859.52335554,1537552.75349814],[12121864.61301793,1537571.8426246],[12121865.58638885,1537579.10962814],[12121865.54295421,1537586.2384982],[12121864.67154728,1537597.79374486],[12121864.32768688,1537609.3038021],[12121864.97998136,1537614.79529004],[12121865.5423039,1537617.18093719],[12121866.39703312,1537620.33179122],[12121867.98826859,1537624.88387185],[12121869.9924401,1537627.9960508],[12121872.41446576,1537631.33965947],[12121875.03111391,1537633.75791751],[12121881.26701693,1537637.13038222],[12121887.1357013,1537639.16748314],[12121891.504789,1537639.67102261],[12121896.66682562,1537639.15223341],[12121908.8447997,1537633.34326208],[12121912.47296426,1537631.35766685],[12121912.47296426,1537631.35766685],[12121933.59249765,1537619.03606244],[12121937.44709985,1537617.64674439],[12121941.97631224,1537617.02876377],[12121947.42985845,1537617.61826615],[12121959.59640225,1537621.89974651],[12121970.5259935,1537624.40661074],[12121977.08539644,1537625.99945056],[12121985.82357183,1537627.16675166],[12121994.12428403,1537627.21731736],[12122002.44159524,1537626.50064391],[12122022.59216838,1537623.51743956],[12122033.04393833,1537621.84635449],[12122040.16646456,1537621.78818466],[12122045.678563,1537623.35086215],[12122049.28439337,1537625.32719031],[12122054.20612982,1537629.41619173],[12122059.23782638,1537638.33725888],[12122061.36950527,1537647.7703214],[12122062.26568841,1537655.49609903],[12122062.81649204,1537678.3165019],[12122064.1229739,1537696.72456815],[12122065.50842721,1537709.40221864]]},"properties":{"color":"#c026d3"},"id":"1fbced5c-6f64-4226-aa70-bdebbb7f44e0"},{"type":"Feature","geometry":{"type":"LineString","coordinates":[[12121757.77827625,1537356.1119538],[12121777.88402118,1537356.17307012],[12121790.00274382,1537356.21653122],[12121809.03199028,1537355.61286416],[12121817.58893602,1537356.61248118],[12121826.31962753,1537359.52442327],[12121831.16371122,1537366.66384769]]},"properties":{"color":"#c026d3"},"id":"e3c6b471-80ae-41ad-a1ac-81e85c808690"},{"type":"Feature","geometry":{"type":"LineString","coordinates":[[12121698.6174371,1537346.76842992],[12121713.02168712,1537350.26250939],[12121739.01828188,1537354.04604302],[12121772.22302158,1537354.16429043],[12121814.29023676,1537352.74546137],[12121822.94722361,1537354.63571524],[12121828.352024,1537358.18430535],[12121833.73105251,1537366.28741175],[12121836.76460554,1537373.5018531],[12121840.50012491,1537383.97614017],[12121843.94999528,1537397.438552],[12121845.01348513,1537424.44311179],[12121847.4911363,1537441.83726713],[12121852.53235875,1537456.84880177],[12121859.35893201,1537472.29142442],[12121861.75913254,1537477.21160673],[12121863.24166937,1537482.55877642],[12121864.98360738,1537494.32040134],[12121862.95431999,1537506.02466446],[12121861.43861718,1537511.70104719],[12121852.86396048,1537532.23059572],[12121852.04049856,1537539.76384173],[12121852.592285,1537545.10099738],[12121853.57928142,1537552.89040244],[12121856.99978238,1537565.45482223],[12121857.76866508,1537568.39786002],[12121859.59943825,1537580.35252061],[12121859.24063966,1537598.27411762],[12121858.61476911,1537611.35757435],[12121859.36007878,1537617.53070486],[12121860.82612179,1537623.16257022],[12121863.59640655,1537629.46581289],[12121868.10967318,1537635.72180532],[12121871.69995604,1537638.96820237],[12121874.93439907,1537640.82126597],[12121885.99115682,1537646.17972369],[12121891.80793553,1537647.19760541],[12121903.77946895,1537644.89605539],[12121909.6954985,1537641.56314297]]},"properties":{"color":"#c026d3"},"id":"6739493e-0f73-471c-8231-f9b048453d60"},{"type":"Feature","geometry":{"type":"LineString","coordinates":[[12122048.41874036,1537623.46156777],[12122042.16823207,1537620.90011806],[12122034.87829038,1537620.64237805],[12122025.72681459,1537621.8806702],[12122013.7816374,1537623.81953687],[12121998.39863517,1537626.10670154],[12121988.79121594,1537626.36739567],[12121978.92325297,1537625.16168967],[12121968.68805407,1537623.11828713],[12121956.95871797,1537619.99890069],[12121949.95669875,1537617.45714287],[12121944.21453311,1537616.10543416],[12121939.49224107,1537616.07284801],[12121932.67361278,1537618.15096091],[12121923.20276533,1537623.91368619],[12121911.73845393,1537631.04423549],[12121899.99857321,1537636.58142254],[12121893.6153351,1537638.47144752],[12121889.64209728,1537637.88488822],[12121882.66946269,1537636.22122992],[12121877.39352362,1537633.67947085],[12121873.58312097,1537631.00736721],[12121870.12159996,1537625.42567952],[12121867.93957388,1537620.53768324],[12121865.78907437,1537611.35738285],[12121865.4959661,1537605.23109442],[12121866.27211141,1537595.25350776],[12121866.95602907,1537582.05450386],[12121866.57332278,1537574.52197994],[12121865.7591345,1537570.51382324],[12121863.20190581,1537561.03566766],[12121860.92021245,1537552.69094878],[12121859.6175112,1537547.08604736],[12121859.09116366,1537540.83146042],[12121859.66464813,1537532.40549603],[12121862.04207642,1537525.98592733],[12121866.76654888,1537515.16820381],[12121869.61949578,1537506.29267281],[12121870.92219703,1537500.23155791],[12121871.57354766,1537495.96270832],[12121871.41552459,1537488.94407504],[12121870.30822803,1537483.92573294],[12121868.9078232,1537479.78722916],[12121864.31659218,1537468.48702905],[12121859.39889545,1537457.89637167],[12121855.99196556,1537449.15898881],[12121854.49385713,1537443.91253996],[12121852.95857976,1537436.07570588],[12121851.7535821,1537429.26509598]]},"properties":{"color":"#c026d3"},"id":"7231abed-72aa-4e06-8139-3b419e29f648"},{"type":"Feature","geometry":{"type":"LineString","coordinates":[[12121730.97426919,1535894.38649071],[12121735.44905684,1535895.28625729],[12121738.83190943,1535894.04372175],[12121743.88208969,1535892.31818851],[12121744.0747842,1535890.88284538],[12121740.22090039,1535889.1475787],[12121739.48987748,1535888.13467736]]},"properties":{"color":"#c8c8c8"},"id":"d0ec67e7-58a4-420d-b49e-d5de2eb5b8dd"},{"type":"Feature","geometry":{"type":"LineString","coordinates":[[12121736.15558816,1535917.26486504],[12121739.17457095,1535917.47858424],[12121743.7037328,1535917.1196251],[12121745.90122777,1535907.4974554],[12121746.0691702,1535902.57375148],[12121745.08261789,1535895.34975976],[12121742.71028443,1535892.71856806]]},"properties":{"color":"#c8c8c8"},"id":"d44d4be2-c86f-4a9f-9423-a3d78e3236cc"},{"type":"Feature","geometry":{"type":"LineString","coordinates":[[12121730.55642273,1535922.78309199],[12121732.64277227,1535929.07141264],[12121736.6407504,1535927.57129079],[12121736.70322026,1535922.69589329],[12121737.39037204,1535921.13326611],[12121742.70018863,1535922.41461992],[12121743.7037328,1535917.1196251]]},"properties":{"color":"#c8c8c8"},"id":"b81136bf-934f-4916-b94e-d4d69c1d7f11"},{"type":"Feature","geometry":{"type":"LineString","coordinates":[[12121729.85209675,1535893.3664862],[12121727.98902273,1535899.67142353],[12121728.95870913,1535913.40427864],[12121730.55642273,1535922.78309199],[12121735.26821045,1535918.71509958],[12121736.15558816,1535917.26486504],[12121736.59927701,1535913.62448174],[12121735.56400302,1535910.19127496],[12121736.65251859,1535899.78618596],[12121736.22120009,1535895.00264593]]},"properties":{"color":"#c8c8c8"},"id":"1a850d60-45bb-4a45-8b98-b0970941f689"},{"type":"Feature","geometry":{"type":"LineString","coordinates":[[12121694.62427219,1536154.47897741],[12121711.00115404,1536129.88873218],[12121720.96353136,1536124.60557271],[12121719.96729363,1536120.81764864],[12121718.97105589,1536116.23226747],[12121728.45191224,1536089.26823982],[12121737.67965977,1536061.59761538],[12121749.05022616,1536042.70950639],[12121759.21185558,1536035.33301966],[12121764.28347773,1536012.66264224],[12121765.888962,1535985.79226565],[12121764.99234652,1535962.06789699],[12121773.26111514,1535936.46408457],[12121783.20709704,1535917.7028217],[12121786.95423396,1535909.92414669]]},"properties":{"color":"#c8c8c8"},"id":"39f0184d-c1ce-4da4-8ea6-d2cff1881d81"},{"type":"Feature","geometry":{"type":"LineString","coordinates":[[12121749.73186543,1535964.2335233],[12121749.43615294,1535961.4478986],[12121747.40311443,1535959.36846351],[12121747.76454488,1535956.29451404],[12121745.23453864,1535953.31097347],[12121744.77453081,1535941.72969509],[12121744.16596155,1535936.25349073],[12121741.14912188,1535932.26664682],[12121740.76037577,1535928.18599458],[12121742.70018863,1535922.41461992]]},"properties":{"color":"#c8c8c8"},"id":"788c94a9-d7af-4296-af13-ad8bb84b803d"},{"type":"Feature","geometry":{"type":"LineString","coordinates":[[12121732.64277227,1535929.07141264],[12121733.02135249,1535934.1135736],[12121735.2419574,1535937.00557966],[12121734.78373649,1535940.84983045],[12121736.22889082,1535943.17754256],[12121736.48120638,1535952.72789139],[12121740.85191923,1535955.83150709],[12121743.37592313,1535961.22503061],[12121743.37407249,1535963.71975165]]},"properties":{"color":"#c8c8c8"},"id":"c45168a0-52b5-461b-b908-d12b4ff4b8a3"},{"type":"Feature","geometry":{"type":"LineString","coordinates":[[12121993.11095259,1536027.1077764],[12121997.56814475,1536023.72532465],[12122064.24783947,1536026.28278473],[12122094.08455709,1536034.72838829],[12122126.11306741,1536113.03396931],[12122184.02479508,1536202.63052451]]},"properties":{"color":"#c026d3"},"id":"5bb08151-6e5b-42b7-9282-a01dd339448d"},{"type":"Feature","geometry":{"type":"LineString","coordinates":[[12121670.46076855,1537228.42425234],[12121669.27471237,1537233.34927338],[12121671.03418877,1537233.77700186]]},"properties":{"color":"#c026d3"},"id":"8eb49648-431d-46e0-a2f8-17fac8db9b63"},{"type":"Feature","geometry":{"type":"LineString","coordinates":[[12121669.27471237,1537233.34927338],[12121668.02935428,1537234.77337575],[12121660.31998906,1537237.38423142],[12121664.82700167,1537240.41044797],[12121671.29569663,1537240.1316615]]},"properties":{"color":"#c026d3"},"id":"861b804a-2089-4ca3-a323-eae4fc313b96"},{"type":"Feature","geometry":{"type":"LineString","coordinates":[[12121680.22436171,1537245.17800887],[12121675.03153952,1537243.23423034],[12121679.40247741,1537239.3466747],[12121682.9141703,1537234.03866032],[12121685.30510747,1537232.54344628],[12121684.89416817,1537239.15977295]]},"properties":{"color":"#c026d3"},"id":"118da09d-b71f-4d17-b0a3-24531cff272c"},{"type":"Feature","geometry":{"type":"LineString","coordinates":[[12121675.03153952,1537243.23423034],[12121673.91078665,1537241.88853685],[12121674.9568238,1537238.8233478],[12121674.24701308,1537234.56198865],[12121677.4598374,1537234.48722767],[12121679.40247741,1537239.3466747]]},"properties":{"color":"#c026d3"},"id":"eeef957f-2625-4c2e-9be5-d4421cadd9b9"},{"type":"Feature","geometry":{"type":"LineString","coordinates":[[12121688.69977414,1537344.57609035],[12121701.0297475,1537349.47714553],[12121710.91000701,1537352.40343593],[12121724.82809778,1537354.98990042],[12121740.41788122,1537356.31892704],[12121757.77827625,1537356.1119538]]},"properties":{"color":"#c026d3"},"id":"70980b82-260b-4e79-b311-a576ab78bc95"},{"type":"Feature","geometry":{"type":"LineString","coordinates":[[12121682.12964101,1537246.71060411],[12121680.22436171,1537245.17800887],[12121683.06360173,1537242.67352507],[12121683.81077031,1537239.45881405],[12121684.89416817,1537239.15977295],[12121686.23906819,1537241.58949576]]},"properties":{"color":"#c026d3"},"id":"b36423ca-f7f2-4847-b6d9-39cd96d19e5d"},{"type":"Feature","geometry":{"type":"LineString","coordinates":[[12121688.85415821,1537250.47667474],[12121690.42321679,1537247.56100623],[12121691.24509538,1537244.27153422],[12121693.78547539,1537245.69198869],[12121694.53264396,1537248.23385369],[12121691.76812251,1537251.97188878],[12121688.85415821,1537250.47667474]]},"properties":{"color":"#c026d3"},"id":"c9e1fde3-53fa-4aad-a4dc-73a897006ec1"},{"type":"Feature","geometry":{"type":"LineString","coordinates":[[12121688.85415821,1537250.47667474],[12121682.12964101,1537246.71060411],[12121685.30510747,1537245.92561588],[12121686.23906819,1537241.58949576],[12121691.24509538,1537244.27153422]]},"properties":{"color":"#c026d3"},"id":"c6fd4b9f-dd7e-4fa9-9750-2193b969bdc6"},{"type":"Feature","geometry":{"type":"LineString","coordinates":[[12121656.7025186,1537212.34375914],[12121655.10134003,1537212.28441791],[12121652.2548079,1537213.4118379],[12121656.16879241,1537216.43805049],[12121657.82926835,1537218.57420801],[12121659.2326061,1537223.02430683]]},"properties":{"color":"#c026d3"},"id":"f1180038-59d8-4056-9d14-e53a66b6063e"},{"type":"Feature","geometry":{"type":"LineString","coordinates":[[12121651.60247337,1537223.32121668],[12121652.55132194,1537220.5323509],[12121647.8663991,1537214.77660244],[12121652.2548079,1537213.4118379]]},"properties":{"color":"#c026d3"},"id":"2511937a-1085-4f48-b6c8-83a5373f276d"},{"type":"Feature","geometry":{"type":"LineString","coordinates":[[12121651.48386957,1537226.46611172],[12121651.60247337,1537223.32121668],[12121657.71066455,1537225.22002059],[12121660.26068716,1537221.54108843],[12121662.69210144,1537221.48175172],[12121663.04791739,1537223.97393172]]},"properties":{"color":"#c026d3"},"id":"fa037651-9871-4d24-b5cc-62c0ae4fdbbe"},{"type":"Feature","geometry":{"type":"LineString","coordinates":[[12121657.4734524,1537231.74715863],[12121650.59432742,1537227.35617585],[12121651.48386957,1537226.46611172],[12121659.07463097,1537228.89895276],[12121663.04791739,1537223.97393172],[12121667.7447535,1537223.51465113]]},"properties":{"color":"#c026d3"},"id":"740ba105-30cb-400c-8b50-930cd5660e74"},{"type":"Feature","geometry":{"type":"LineString","coordinates":[[12121674.24701308,1537234.56198865],[12121676.8621031,1537228.43160912],[12121682.46586744,1537224.88047579],[12121684.85680746,1537224.76833644],[12121684.85680746,1537227.384961],[12121678.28172454,1537231.04823225],[12121677.4598374,1537234.48722767]]},"properties":{"color":"#c026d3"},"id":"e4ecd905-eb04-4787-91ee-e0a5ca284f17"},{"type":"Feature","geometry":{"type":"LineString","coordinates":[[12121660.31998906,1537237.38423142],[12121658.0664805,1537234.89204916],[12121657.4734524,1537231.74715863],[12121666.72468975,1537229.61100451],[12121668.85959451,1537226.94081214]]},"properties":{"color":"#c026d3"},"id":"d708dbdb-cb7a-4641-8737-cfceca782017"},{"type":"Feature","geometry":{"type":"LineString","coordinates":[[12121685.30510747,1537232.54344628],[12121684.85680746,1537227.384961]]},"properties":{"color":"#c026d3"},"id":"98f735cb-d831-4f7d-9a86-556d6c653834"},{"type":"Feature","geometry":{"type":"LineString","coordinates":[[12121673.91078665,1537241.88853685],[12121672.30437592,1537241.58949504],[12121671.29569663,1537240.1316615],[12121672.37909164,1537238.82334922],[12121671.03418877,1537233.77700186],[12121674.39644737,1537228.28208999],[12121676.8621031,1537228.43160912]]},"properties":{"color":"#c026d3"},"id":"8b7c3c45-2190-447c-bc95-cf0eb1319a68"},{"type":"Feature","geometry":{"type":"LineString","coordinates":[[12121674.39644737,1537228.28208999],[12121672.18055093,1537226.88147317],[12121672.18055093,1537221.00705131],[12121668.80028808,1537218.33685894],[12121663.64094548,1537207.47807481],[12121665.95375595,1537205.57927316],[12121674.67126711,1537216.91275543],[12121682.46586744,1537224.88047579]]},"properties":{"color":"#c026d3"},"id":"94f47a2f-24fd-4f26-b858-2862c5074c1f"},{"type":"Feature","geometry":{"type":"LineString","coordinates":[[12121694.62427219,1536154.47897741],[12121712.82464998,1536171.18623373],[12121720.01594124,1536180.34786106],[12121737.24485525,1536162.43421019],[12121751.09815739,1536151.43700585],[12121762.18195114,1536146.89180262],[12121777.20260625,1536150.89158285],[12121787.81745069,1536156.03591367]]},"properties":{"color":"#c8c8c8"},"id":"1c8609eb-b232-4d04-8087-5890bdd90c5a"},{"type":"Feature","geometry":{"type":"LineString","coordinates":[[12121684.85680746,1537224.76833644],[12121684.15971661,1537217.62480719],[12121680.12712376,1537215.01395152],[12121673.66312116,1537208.42747564],[12121668.32586832,1537203.68046698],[12121665.95375595,1537205.57927316]]},"properties":{"color":"#c026d3"},"id":"61fa1a8f-cc77-4350-8a5b-f43a5e6b028b"},{"type":"Feature","geometry":{"type":"LineString","coordinates":[[12121676.5392793,1536484.12358081],[12121692.39590083,1536475.83039779],[12121709.11492404,1536461.23366327],[12121713.54054415,1536459.83144894],[12121750.25684388,1536518.05436879],[12121750.58466296,1536526.09077431],[12121739.93038028,1536534.45519128],[12121724.31373958,1536553.60942386]]},"properties":{"color":"#c026d3"},"id":"1bc66edc-e7d2-4eae-b95e-fd2808480f54"},{"type":"Feature","geometry":{"type":"LineString","coordinates":[[12121651.56471001,1536222.54554351],[12121669.59299821,1536200.07014137],[12121686.04493657,1536172.22009188],[12121694.62427219,1536154.47897741]]},"properties":{"color":"#c026d3"},"id":"0928acc7-dbc5-4231-95f1-4ac1f7a338d2"},{"type":"Feature","geometry":{"type":"LineString","coordinates":[[12121642.33606905,1535954.9229772],[12121642.97172713,1535960.85876569]]},"properties":{"color":"#c026d3"},"id":"3f87e3c0-1d4b-419f-a141-1cecf4a6a54c"},{"type":"Feature","geometry":{"type":"LineString","coordinates":[[12121663.64094548,1537207.47807481],[12121659.66765906,1537209.4955544],[12121667.19911404,1537221.83777647],[12121668.85959451,1537226.94081214],[12121670.46076855,1537228.42425234],[12121672.18055093,1537226.88147317]]},"properties":{"color":"#c026d3"},"id":"6a2c5429-198e-4ab8-b165-985a36a4c34b"},{"type":"Feature","geometry":{"type":"LineString","coordinates":[[12121662.69210144,1537221.48175172],[12121660.37929097,1537216.9720944],[12121656.7025186,1537212.34375914],[12121659.66765906,1537209.4955544]]},"properties":{"color":"#c026d3"},"id":"70a160ad-4af6-4ad9-b8f6-6588b4834527"},{"type":"Feature","geometry":{"type":"LineString","coordinates":[[12121621.51228679,1537210.33034797],[12121614.63315955,1537207.6601556],[12121617.65760418,1537201.72639477],[12121624.01931478,1537206.25025679]]},"properties":{"color":"#c026d3"},"id":"89d26c53-dfd4-4e20-aafd-30d3dfc5f038"},{"type":"Feature","geometry":{"type":"LineString","coordinates":[[12121626.31581344,1537211.27975106],[12121621.51228679,1537210.33034797],[12121626.43441725,1537202.31977085],[12121631.06003819,1537205.04930219]]},"properties":{"color":"#c026d3"},"id":"15548aa2-620e-4cd9-8bb2-5c027849b82b"},{"type":"Feature","geometry":{"type":"LineString","coordinates":[[12121636.24304711,1537218.51487131],[12121632.80348462,1537216.67540636],[12121639.91982174,1537210.20760389],[12121642.05472197,1537212.34375914]]},"properties":{"color":"#c026d3"},"id":"fb94649f-9c9d-4e3c-83ef-0515e47b334a"},{"type":"Feature","geometry":{"type":"LineString","coordinates":[[12121631.00073628,1537213.83126776],[12121626.31581344,1537211.27975106],[12121631.06003819,1537205.04930219],[12121635.74496103,1537207.06677951]]},"properties":{"color":"#c026d3"},"id":"847ea82d-4723-4a09-95d6-7a12348d37fc"},{"type":"Feature","geometry":{"type":"LineString","coordinates":[[12121632.80348462,1537216.67540636],[12121631.00073628,1537213.83126776],[12121635.74496103,1537207.06677951],[12121639.91982174,1537210.20760389]]},"properties":{"color":"#c026d3"},"id":"f4ed82b4-3e15-4318-a593-9da9371e63ef"},{"type":"Feature","geometry":{"type":"LineString","coordinates":[[12121617.18019336,1537282.6800042],[12121636.16640348,1537300.05431348],[12121647.67839892,1537310.84362699],[12121655.75089764,1537318.78469146],[12121665.60572165,1537328.73829109],[12121673.55341462,1537334.79927743],[12121684.40372389,1537342.64173004],[12121688.69977414,1537344.57609035]]},"properties":{"color":"#c026d3"},"id":"a774bb4d-68de-4358-b80c-6d3020ec3ca2"},{"type":"Feature","geometry":{"type":"LineString","coordinates":[[12121651.60247337,1537223.32121668],[12121645.61289053,1537221.83777647],[12121643.30008006,1537223.38055564],[12121636.24304711,1537218.51487131],[12121639.38609555,1537215.96335461]]},"properties":{"color":"#c026d3"},"id":"ceb81515-669a-4736-ab5a-405605d4cd74"},{"type":"Feature","geometry":{"type":"LineString","coordinates":[[12121651.93537466,1537219.77561749],[12121644.60474458,1537219.46427214],[12121639.38609555,1537215.96335461],[12121642.05472197,1537212.34375914],[12121647.8663991,1537214.77660244]]},"properties":{"color":"#c026d3"},"id":"8236f8e5-6e27-4a5f-b989-3805d2a400e3"},{"type":"Feature","geometry":{"type":"LineString","coordinates":[[12121604.35378019,1536235.39228137],[12121610.97608407,1536232.04334464],[12121614.64962491,1536230.97181922]]},"properties":{"color":"#c026d3"},"id":"c6abaee9-7a4f-428f-8aa3-4959dc07b678"},{"type":"Feature","geometry":{"type":"LineString","coordinates":[[12121605.61832432,1536258.0127624],[12121610.66476325,1536257.82247701]]},"properties":{"color":"#c026d3"},"id":"8e2d1775-00e5-4e04-9333-5fc40ff5c494"},{"type":"Feature","geometry":{"type":"LineString","coordinates":[[12121635.62855575,1536231.88437234],[12121626.44343094,1536244.68803138],[12121614.75979437,1536264.23166204],[12121603.71871143,1536284.83966831]]},"properties":{"color":"#c026d3"},"id":"34836c4e-f377-46c6-86ad-65a0e5768b66"},{"type":"Feature","geometry":{"type":"LineString","coordinates":[[12121602.89119922,1537174.84645641],[12121606.62727802,1537174.78711518],[12121613.62500681,1537178.82207662],[12121614.63315728,1537185.11186445],[12121612.73546467,1537187.66338116]]},"properties":{"color":"#c026d3"},"id":"96631c8a-7eb9-410b-a7bb-867fde9ab09e"},{"type":"Feature","geometry":{"type":"LineString","coordinates":[[12121601.82374684,1537191.99502611],[12121601.76444494,1537188.37543064],[12121607.04239587,1537188.67211869],[12121612.73546467,1537187.66338116],[12121614.92967133,1537194.78389188]]},"properties":{"color":"#c026d3"},"id":"bcff13f4-2537-4bdc-9625-81aef0b15623"},{"type":"Feature","geometry":{"type":"LineString","coordinates":[[12121611.43080467,1537200.12427663],[12121607.39821183,1537199.41222714],[12121601.70514303,1537194.36853044],[12121601.82374684,1537191.99502611],[12121614.92967133,1537194.78389188],[12121615.58200133,1537196.32667106]]},"properties":{"color":"#c026d3"},"id":"7db11805-884f-4b64-bcba-a82601e688b7"},{"type":"Feature","geometry":{"type":"LineString","coordinates":[[12121615.63195074,1537205.70059316],[12121612.43895062,1537202.31976859],[12121611.43080467,1537200.12427663],[12121615.58200133,1537196.32667106],[12121618.83126215,1537200.22016663]]},"properties":{"color":"#c026d3"},"id":"bdde55a7-a7a7-4e4d-8055-dd343557782f"},{"type":"Feature","geometry":{"type":"LineString","coordinates":[[12121617.65760418,1537201.72639477],[12121620.38553251,1537198.22547498],[12121626.43441725,1537202.31977085]]},"properties":{"color":"#c026d3"},"id":"34baba00-71be-4ee1-9656-fb73e2214405"},{"type":"Feature","geometry":{"type":"LineString","coordinates":[[12121642.97172713,1535960.85876569],[12121644.2222903,1535972.31270068],[12121644.51842841,1535976.32638479],[12121645.14995521,1535984.09063956],[12121645.31148696,1535987.99657538],[12121644.94383485,1535998.98679643],[12121644.29315606,1536009.86566454],[12121643.38458282,1536021.14470053],[12121642.81331265,1536030.69799917],[12121642.30452472,1536038.81597543],[12121641.57824116,1536047.44916112],[12121640.96703288,1536056.86625975],[12121640.44382472,1536065.19764913],[12121639.56774512,1536071.81401983],[12121638.52839167,1536078.53022992],[12121637.52044197,1536082.77592194],[12121635.40049222,1536088.37587341],[12121632.14144489,1536096.60797864],[12121628.20567174,1536104.49594101],[12121623.76120452,1536113.22937808],[12121619.91453613,1536120.92757311],[12121617.13342637,1536126.39096289],[12121608.19093683,1536145.84243064],[12121606.44765772,1536152.81247276]]},"properties":{"color":"#c026d3"},"id":"9fc4da0b-055a-472a-a850-26b1e2ba8779"},{"type":"Feature","geometry":{"type":"LineString","coordinates":[[12121607.34546131,1536158.57715995],[12121607.1432843,1536162.84783863],[12121608.9567471,1536172.20561307],[12121610.63683852,1536180.52012287],[12121616.34271201,1536188.74679873],[12121623.75585652,1536190.90461498],[12121629.2370927,1536178.72194238],[12121632.47581599,1536172.22621074],[12121637.05848577,1536161.25730903],[12121641.75030859,1536144.90364413],[12121645.88369688,1536132.04665512],[12121651.78080907,1536116.07236476],[12121657.43165564,1536102.66069617],[12121659.76436346,1536096.43336225],[12121662.50497983,1536086.36355164],[12121663.87825951,1536075.2086411],[12121663.96811443,1536069.31960151],[12121661.08988107,1536054.95321168],[12121657.11604992,1536032.89638417],[12121654.0028576,1536014.82139302],[12121652.86677611,1535998.18615419],[12121653.23779422,1535984.54509791],[12121652.36166427,1535973.60380691],[12121650.07032595,1535966.77072068],[12121646.11665094,1535961.87067986],[12121644.36445246,1535962.54499754],[12121645.89201019,1535978.27907689],[12121646.04139701,1535996.90573702],[12121645.1900298,1536011.17035067],[12121643.82184631,1536027.39522744],[12121642.79572619,1536045.07693841],[12121641.32000431,1536066.11030523],[12121639.30625681,1536079.44295652],[12121635.39150513,1536092.41770585],[12121626.2626936,1536111.23150078],[12121618.23793956,1536127.9027769],[12121609.64686721,1536147.11208892],[12121607.44065729,1536153.88248137],[12121607.34546131,1536158.57715995]]},"properties":{"color":"#c8c8c8"},"id":"39e0a3e4-3e00-4880-8414-57f7a00d98f9"},{"type":"Feature","geometry":{"type":"LineString","coordinates":[[12121609.54836755,1536198.84995255],[12121606.10680271,1536183.88031993],[12121602.92690534,1536169.3106624],[12121601.6508631,1536161.61756454],[12121601.25266503,1536157.17790085],[12121601.6508631,1536152.96591306],[12121601.94763076,1536151.90723122]]},"properties":{"color":"#c026d3"},"id":"e56fcfbd-1672-49cc-a6e2-0aae24a03b30"},{"type":"Feature","geometry":{"type":"LineString","coordinates":[[12121601.94763076,1536151.90723122],[12121603.00880328,1536146.21169102],[12121605.12596532,1536141.14819578],[12121613.43173118,1536124.80510863],[12121624.6765675,1536102.13916201],[12121630.33770459,1536089.14100598],[12121633.53926429,1536079.99571245],[12121635.23251373,1536072.48797618],[12121636.59715422,1536058.94904662],[12121637.71848151,1536041.6300551],[12121639.24566349,1536022.77941218],[12121640.33006509,1536005.72479378],[12121640.74168726,1535989.48560703],[12121641.1199871,1535974.07857402],[12121640.03932827,1535962.55757593]]},"properties":{"color":"#c026d3"},"id":"22314f9c-5720-44fa-b6b4-25c177ce3bf1"},{"type":"Feature","geometry":{"type":"LineString","coordinates":[[12121606.44765772,1536152.81247276],[12121606.04819894,1536160.1369936],[12121606.55307458,1536164.86692139],[12121608.61095151,1536176.49836291],[12121609.85076401,1536182.06581012]]},"properties":{"color":"#c026d3"},"id":"396ee732-4039-442f-8427-ccd163c9e859"},{"type":"Feature","geometry":{"type":"LineString","coordinates":[[12121635.62855575,1536231.88437234],[12121636.38417772,1536225.69633942],[12121647.95213246,1536214.36992514],[12121651.09755024,1536200.93352025],[12121657.25870801,1536203.51601624],[12121664.95603416,1536182.54564715],[12121672.04366869,1536178.65659832],[12121677.0009467,1536170.21943508]]},"properties":{"color":"#c026d3"},"id":"10e4849b-05ae-45ef-887a-7a94a66a78f3"},{"type":"Feature","geometry":{"type":"LineString","coordinates":[[12121609.85076401,1536182.06581012],[12121614.53086533,1536188.0685955],[12121622.6198355,1536192.70899436],[12121635.7789271,1536204.73442797],[12121636.38417772,1536225.69633942]]},"properties":{"color":"#c026d3"},"id":"59435d68-85b0-45c8-b233-4e129ac8cde8"},{"type":"Feature","geometry":{"type":"LineString","coordinates":[[12121614.64962491,1536230.97181922],[12121609.54836755,1536198.84995255]]},"properties":{"color":"#c026d3"},"id":"e251c854-1480-41be-82c5-ae38b64ee126"},{"type":"Feature","geometry":{"type":"LineString","coordinates":[[12121771.60924333,1535692.59898296],[12121770.33629213,1535695.96790565],[12121771.58573675,1535697.00253525],[12121778.0483763,1535698.01561],[12121784.90532645,1535698.82555148],[12121788.24435772,1535700.26972179],[12121790.27238627,1535695.78077559]]},"properties":{"color":"#c8c8c8"},"id":"34ccb7ca-738e-4840-ba52-b698b088016e"},{"type":"Feature","geometry":{"type":"LineString","coordinates":[[12121759.01057967,1535855.42504783],[12121768.13787573,1535844.53191562],[12121774.86053058,1535832.11546706],[12121779.21980285,1535818.49086698],[12121781.80779823,1535810.14349926],[12121788.6369765,1535798.06511814],[12121791.68478002,1535785.56163252],[12121791.9252441,1535777.04420879],[12121799.66251982,1535757.03413847],[12121806.29415118,1535738.86837091],[12121810.72005397,1535721.61745144],[12121813.07833453,1535706.49617161],[12121808.83979563,1535701.64538541]]},"properties":{"color":"#c026d3"},"id":"bfa9619e-c0e2-49b8-a47c-fd17946e88c9"},{"type":"Feature","geometry":{"type":"LineString","coordinates":[[12121785.11302614,1535704.06935093],[12121782.79308323,1535707.02004989],[12121780.64611879,1535707.68280176],[12121767.60019246,1535705.10156175],[12121766.54041441,1535703.2367189],[12121759.06698861,1535699.92950938],[12121759.34106936,1535695.23083726],[12121762.64831007,1535695.85245108],[12121767.70966866,1535697.18709397],[12121769.11113162,1535697.90071108]]},"properties":{"color":"#c8c8c8"},"id":"c93802cb-a57a-4ec8-ae4e-29952cdffad6"},{"type":"Feature","geometry":{"type":"LineString","coordinates":[[12121754.831169,1535700.17088038],[12121753.93008168,1535704.81368364],[12121761.90097039,1535707.08859376],[12121771.49587996,1535711.0916013],[12121781.09839542,1535711.921274],[12121783.45221405,1535711.35923779],[12121785.27965427,1535710.32454488],[12121782.79308323,1535707.02004989]]},"properties":{"color":"#c8c8c8"},"id":"133f14bc-4dd5-47b5-93d4-49b2d9021920"},{"type":"Feature","geometry":{"type":"LineString","coordinates":[[12121788.24435772,1535700.26972179],[12121785.11302614,1535704.06935093],[12121782.75514155,1535702.69482042],[12121777.78404528,1535702.12687892],[12121771.83807546,1535700.83441003],[12121769.48019087,1535700.21894876],[12121769.11113162,1535697.90071108],[12121770.33629213,1535695.96790565]]},"properties":{"color":"#c8c8c8"},"id":"09c0c374-1d67-42d7-80c1-a0f4bec41ede"},{"type":"Feature","geometry":{"type":"LineString","coordinates":[[12121754.831169,1535700.17088038],[12121750.79956016,1535698.81350943],[12121751.10179793,1535693.54282345],[12121750.4109664,1535687.1056729],[12121750.19508134,1535680.7117224],[12121749.90059288,1535671.12374691],[12121748.73481158,1535666.9331188],[12121748.48469612,1535662.92562136]]},"properties":{"color":"#c8c8c8"},"id":"597a92dc-b603-4650-9d15-3e095943155a"},{"type":"Feature","geometry":{"type":"LineString","coordinates":[[12121771.60924333,1535692.59898296],[12121764.33952904,1535689.77607585],[12121763.75482401,1535687.96608117],[12121765.14329377,1535679.52825137],[12121766.75613136,1535672.3631453],[12121766.87215209,1535668.41614136],[12121765.84635214,1535663.86427]]},"properties":{"color":"#c8c8c8"},"id":"22f05ea3-de18-4282-9931-3c6b20f69468"},{"type":"Feature","geometry":{"type":"LineString","coordinates":[[12121742.86252089,1535663.91675839],[12121744.40361896,1535665.52423557],[12121745.95400748,1535676.61829819],[12121746.28475126,1535685.54445135],[12121746.36634946,1535690.08948581],[12121747.8304147,1535697.42659523],[12121750.79956016,1535698.81350943]]},"properties":{"color":"#c8c8c8"},"id":"bb771256-f86c-4da9-85da-389a8f1af92d"},{"type":"Feature","geometry":{"type":"LineString","coordinates":[[12121785.27965427,1535710.32454488],[12121790.68502877,1535705.936536],[12121795.23840189,1535698.76844241],[12121796.51901465,1535694.28367019],[12121796.08090961,1535691.68722474],[12121792.73304391,1535691.1596008]]},"properties":{"color":"#c8c8c8"},"id":"7ee16a00-7393-4c7b-ba05-1b8fca7c95cc"},{"type":"Feature","geometry":{"type":"LineString","coordinates":[[12121790.84023034,1535689.53082622],[12121791.5676657,1535685.05203888],[12121780.23785675,1535682.16871633]]},"properties":{"color":"#c8c8c8"},"id":"39367b92-3f6b-4613-ba10-ff71f1494de0"},{"type":"Feature","geometry":{"type":"LineString","coordinates":[[12121754.67940636,1535666.27731971],[12121755.19369253,1535674.97760762],[12121754.63239335,1535684.26611167],[12121754.58637027,1535693.88403675],[12121754.831169,1535700.17088038],[12121757.52395092,1535700.36139126],[12121759.06698861,1535699.92950938]]},"properties":{"color":"#c8c8c8"},"id":"d8201e26-7adc-453b-b5de-61fe00254332"},{"type":"Feature","geometry":{"type":"LineString","coordinates":[[12121786.95423396,1535909.92414669],[12121794.19636402,1535898.82518786],[12121808.06838428,1535878.20105782],[12121809.38863088,1535868.85231273],[12121808.67992565,1535843.73379381],[12121815.60440344,1535817.26279451],[12121821.87720543,1535794.5590631],[12121830.27842587,1535762.91017978],[12121840.41245573,1535740.32308869],[12121849.14384648,1535710.23935257],[12121850.0806571,1535692.54674093],[12121844.92861463,1535680.52649108]]},"properties":{"color":"#c026d3"},"id":"bf50dd4f-cf81-4df2-83bd-35c9b802d3e0"},{"type":"Feature","geometry":{"type":"LineString","coordinates":[[12121793.13835098,1535674.62912573],[12121805.20911902,1535676.24450917],[12121825.91423083,1535686.92417605],[12121829.02843429,1535690.49180378],[12121839.85149544,1535703.64553337],[12121829.80727903,1535739.45615272],[12121816.8410307,1535769.60309793],[12121809.36324093,1535798.85297876],[12121798.74340906,1535827.43487471],[12121790.23395097,1535848.42869611],[12121788.78879681,1535870.89729354],[12121788.1683342,1535883.49294822],[12121777.27244776,1535897.90116113]]},"properties":{"color":"#c026d3"},"id":"0c8f5065-5d57-4a85-82df-98dc965d6f6b"},{"type":"Feature","geometry":{"type":"LineString","coordinates":[[12121760.73563562,1535665.5386457],[12121761.43911163,1535668.34846255],[12121760.11589935,1535679.61456027],[12121759.36176795,1535683.01014515],[12121758.57727837,1535693.48910669],[12121759.34106936,1535695.23083726]]},"properties":{"color":"#c8c8c8"},"id":"cafb84ae-2f4b-4ecd-b8ce-16f7c683ce73"},{"type":"Feature","geometry":{"type":"LineString","coordinates":[[12121913.1631608,1535550.24111295],[12121909.06676794,1535533.31059255],[12121908.92383904,1535525.37356367],[12121911.80262688,1535516.27784069]]},"properties":{"color":"#c8c8c8"},"id":"b2cdd693-58c7-4b76-8f31-f3b7406b9572"},{"type":"Feature","geometry":{"type":"LineString","coordinates":[[12121747.77135334,1535635.09269965],[12121747.47341432,1535633.17879176],[12121749.94009986,1535629.58067138],[12121751.9556269,1535625.75775922],[12121756.38161888,1535620.46049523],[12121762.13655378,1535614.86281469],[12121759.42999938,1535609.82602619],[12121756.66612519,1535606.3171146],[12121753.11832684,1535605.85584624]]},"properties":{"color":"#c8c8c8"},"id":"e0735a5a-8f0e-444a-9ebd-73243a6aca1a"},{"type":"Feature","geometry":{"type":"LineString","coordinates":[[12121767.17301989,1535599.06552636],[12121776.55409674,1535611.60053773],[12121784.34765704,1535625.6861084],[12121798.70024945,1535649.51974373],[12121809.39965102,1535662.66249597],[12121822.98545402,1535666.86020854],[12121830.03140933,1535675.73809015],[12121844.92861463,1535680.52649108]]},"properties":{"color":"#c026d3"},"id":"5ac7c240-e3ee-42d9-89d7-7efd6dd6b3df"},{"type":"Feature","geometry":{"type":"LineString","coordinates":[[12121849.4395717,1535542.16309146],[12121882.56102962,1535547.17880645],[12121913.1631608,1535550.24111295]]},"properties":{"color":"#c026d3"},"id":"a0a3cb3c-3f0d-45be-b5da-b5839437d6dc"},{"type":"Feature","geometry":{"type":"LineString","coordinates":[[12121755.12411621,1535641.05926506],[12121761.50154507,1535633.06620595],[12121769.1194581,1535625.10844233],[12121762.13655378,1535614.86281469]]},"properties":{"color":"#c8c8c8"},"id":"7d3b4099-fefa-450d-8d94-0056f09ececc"},{"type":"Feature","geometry":{"type":"LineString","coordinates":[[12121763.84569253,1535650.28948694],[12121764.68817494,1535652.32968189],[12121767.26258045,1535655.52880312],[12121773.23797643,1535661.01282419],[12121775.52172297,1535661.94763236],[12121780.42139864,1535655.84021864],[12121785.54062176,1535652.52950341],[12121783.04003533,1535644.78247045],[12121777.62085236,1535637.27736215]]},"properties":{"color":"#c8c8c8"},"id":"8f50224e-2408-4292-a5cb-bcfa6f15c2d8"},{"type":"Feature","geometry":{"type":"LineString","coordinates":[[12121791.5676657,1535685.05203888],[12121793.13835098,1535674.62912573],[12121790.21129018,1535671.01501371],[12121789.56548568,1535664.40631004],[12121789.28304203,1535660.3860731],[12121785.54062176,1535652.52950341]]},"properties":{"color":"#c8c8c8"},"id":"f8232134-03ff-4b9f-8752-f03429644ed5"},{"type":"Feature","geometry":{"type":"LineString","coordinates":[[12121760.32904226,1535651.23020235],[12121763.84569253,1535650.28948694],[12121763.99173686,1535648.08292328],[12121768.0559409,1535643.4382056],[12121777.62085236,1535637.27736215],[12121769.1194581,1535625.10844233]]},"properties":{"color":"#c8c8c8"},"id":"30eb8e70-79fa-4ed5-994c-bd6668eecfaf"},{"type":"Feature","geometry":{"type":"LineString","coordinates":[[12121767.94290468,1535662.18604317],[12121772.99612292,1535666.58437365],[12121774.78852548,1535667.2531194],[12121776.6416865,1535669.56333071],[12121774.77438023,1535677.64102654],[12121771.98780605,1535684.94752861],[12121771.60924333,1535692.59898296],[12121777.09840268,1535694.11412238],[12121786.18390781,1535695.06108452],[12121790.27238627,1535695.78077559],[12121792.73304391,1535691.1596008],[12121790.84023034,1535689.53082622],[12121779.78619737,1535688.3565923],[12121780.27833005,1535681.61421929],[12121783.42546664,1535674.23607122],[12121783.31189956,1535670.44822267],[12121780.28339785,1535666.58461687],[12121778.04987726,1535665.59977682],[12121775.52172297,1535661.94763236]]},"properties":{"color":"#c8c8c8"},"id":"aed42d70-41b1-4ae4-b961-ec09a16604e5"},{"type":"Feature","geometry":{"type":"LineString","coordinates":[[12121753.93008168,1535704.81368364],[12121739.52968446,1535701.26601884],[12121737.35114501,1535701.99262477],[12121729.1614652,1535699.23152323],[12121724.998035,1535694.62968562],[12121718.89812529,1535689.78564603],[12121713.66962914,1535688.71995695],[12121714.601473,1535675.79007295],[12121724.64690137,1535674.17210252]]},"properties":{"color":"#c8c8c8"},"id":"1bca62e3-1717-468a-8936-5a7bd1bd7525"},{"type":"Feature","geometry":{"type":"LineString","coordinates":[[12121710.95227716,1535711.13339375],[12121718.99170706,1535712.99870274],[12121729.03388064,1535714.42935354],[12121736.28684542,1535714.19618895],[12121744.8505869,1535714.54593473],[12121756.25262668,1535713.26682036],[12121764.35031244,1535713.64571227],[12121771.98194471,1535715.68589471],[12121775.47734922,1535716.6768398],[12121779.28131484,1535719.72405347],[12121781.3158019,1535721.66720647],[12121787.97413315,1535718.93753895],[12121795.59839872,1535713.22473777],[12121804.25739404,1535702.84149521],[12121808.83979563,1535701.64538541],[12121806.48120532,1535691.77456191],[12121796.08090961,1535691.68722474]]},"properties":{"color":"#c026d3"},"id":"5981532c-38e1-4d65-9f8c-4a332e757693"},{"type":"Feature","geometry":{"type":"LineString","coordinates":[[12121718.18070222,1535886.33377632],[12121726.25390992,1535873.85768075],[12121724.74899494,1535871.41776828],[12121720.70128783,1535873.39088413],[12121717.8471365,1535873.02741594],[12121715.58976305,1535874.71494958],[12121714.11079352,1535882.81510975],[12121718.18070222,1535886.33377632]]},"properties":{"color":"#c8c8c8"},"id":"b6a0bc7d-935a-4cda-a565-5d360202a785"},{"type":"Feature","geometry":{"type":"LineString","coordinates":[[12121706.4066729,1535716.46240049],[12121707.36948665,1535709.53039326],[12121710.95227716,1535711.13339375]]},"properties":{"color":"#c026d3"},"id":"267e7eaf-88f5-4713-b0ed-57b4cb31e5a3"},{"type":"Feature","geometry":{"type":"LineString","coordinates":[[12121718.18070222,1535886.33377632],[12121718.60422307,1535887.51926786],[12121721.20393608,1535888.71354663],[12121723.02646239,1535885.15837185],[12121730.36584923,1535876.65336414],[12121733.21018029,1535872.19712636],[12121729.74832929,1535869.83794114],[12121728.27002649,1535872.83373135],[12121726.25390992,1535873.85768075]]},"properties":{"color":"#c8c8c8"},"id":"8e6fdf75-db94-4d31-9da9-2bde336f3d3a"},{"type":"Feature","geometry":{"type":"LineString","coordinates":[[12121721.20393608,1535888.71354663],[12121722.6545163,1535890.23298218],[12121724.22712001,1535891.12365706],[12121725.71070757,1535889.96577927],[12121727.22396642,1535886.87810705],[12121732.17914794,1535881.26685489],[12121737.51788053,1535882.23442119],[12121738.99233866,1535883.20639898],[12121740.29333113,1535880.75909784],[12121737.36176117,1535874.96194534],[12121733.21018029,1535872.19712636]]},"properties":{"color":"#c8c8c8"},"id":"6c85bc18-fbf4-4844-b31e-403f09a511fd"},{"type":"Feature","geometry":{"type":"LineString","coordinates":[[12121701.19174869,1535872.9436708],[12121708.82913208,1535893.88644268],[12121715.10191087,1535922.12780516],[12121720.6845708,1535940.29955999],[12121726.19337853,1535946.70544882],[12121726.63051047,1535965.60561854]]},"properties":{"color":"#c8c8c8"},"id":"8dab3c2b-7259-4c03-898e-6a613029392b"},{"type":"Feature","geometry":{"type":"LineString","coordinates":[[12121725.71070757,1535889.96577927],[12121727.42430208,1535891.82798044],[12121729.85209675,1535893.3664862],[12121732.76545117,1535888.04919486],[12121735.67880354,1535885.16112385],[12121739.21259521,1535884.72926099],[12121738.99233866,1535883.20639898]]},"properties":{"color":"#c8c8c8"},"id":"14821186-92c1-4c46-a814-157fe5513827"},{"type":"Feature","geometry":{"type":"LineString","coordinates":[[12121729.85209675,1535893.3664862],[12121730.97426919,1535894.38649071],[12121735.53469739,1535891.04449765],[12121737.2261245,1535889.2878099],[12121740.75885133,1535887.48827511],[12121739.21259521,1535884.72926099]]},"properties":{"color":"#c8c8c8"},"id":"ee1c25d9-25bc-40f4-88ac-6dd605e14ff1"},{"type":"Feature","geometry":{"type":"LineString","coordinates":[[12121718.58259384,1535642.16953997],[12121727.41798052,1535646.35505863],[12121736.50030308,1535649.90002827],[12121742.41969356,1535654.85870415],[12121747.97994266,1535660.9972478],[12121748.48469612,1535662.92562136],[12121752.47684482,1535661.82369349],[12121746.78688805,1535653.46740541],[12121740.77572549,1535648.32507415],[12121737.15068509,1535646.75287838]]},"properties":{"color":"#c8c8c8"},"id":"261b106a-f77f-4831-9e62-8164041545a9"},{"type":"Feature","geometry":{"type":"LineString","coordinates":[[12121712.05284074,1535647.66354688],[12121712.12916866,1535649.91218778],[12121716.19984908,1535653.7346067],[12121718.6122931,1535657.25112061],[12121721.83752546,1535659.72629385],[12121724.0920552,1535664.73930196],[12121729.18275158,1535671.86722104],[12121739.02294696,1535665.69291937]]},"properties":{"color":"#c8c8c8"},"id":"464a9637-fa17-4690-838f-d42e23da034a"},{"type":"Feature","geometry":{"type":"LineString","coordinates":[[12121752.47684482,1535661.82369349],[12121754.67940636,1535666.27731971],[12121757.52438649,1535664.8080824],[12121754.63352031,1535657.59963648],[12121750.13661815,1535650.71258528],[12121745.39047007,1535646.59815412],[12121740.47630789,1535643.27191725],[12121739.33697302,1535643.27850357]]},"properties":{"color":"#c8c8c8"},"id":"cfd7929a-d420-4754-9ff8-883ed22c5edf"},{"type":"Feature","geometry":{"type":"LineString","coordinates":[[12121713.1472042,1535644.11572928],[12121717.28061833,1535645.71359491],[12121726.45140746,1535650.09030443],[12121733.07350806,1535653.01465136],[12121737.29853269,1535656.02363999],[12121742.97429332,1535662.62596777],[12121743.35004748,1535663.69123188],[12121748.48469612,1535662.92562136]]},"properties":{"color":"#c8c8c8"},"id":"394ce075-9275-4e42-8a1a-2fc2cfdd4bd8"},{"type":"Feature","geometry":{"type":"LineString","coordinates":[[12121712.05284074,1535647.66354688],[12121709.14888265,1535650.12536896],[12121713.72650185,1535659.86800819],[12121716.19455458,1535666.78278462],[12121717.3196113,1535670.82381754],[12121722.25254995,1535671.57429529],[12121724.64690137,1535674.17210252],[12121729.18275158,1535671.86722104]]},"properties":{"color":"#c8c8c8"},"id":"e1eb6cb2-921b-4432-b1cf-db8a2a90e017"},{"type":"Feature","geometry":{"type":"LineString","coordinates":[[12121743.35004748,1535663.69123188],[12121739.02294696,1535665.69291937],[12121733.19874315,1535659.17600906],[12121729.12284775,1535656.25041222],[12121721.9208747,1535652.86663079],[12121712.05284074,1535647.66354688]]},"properties":{"color":"#c8c8c8"},"id":"d8769d59-bfcc-4cb9-9be1-8e7bb5200d44"},{"type":"Feature","geometry":{"type":"LineString","coordinates":[[12121732.4611386,1535669.81017342],[12121736.59328234,1535678.05215672],[12121737.97060489,1535688.68961447],[12121737.99914734,1535696.18462005],[12121741.39685955,1535696.63056042]]},"properties":{"color":"#c8c8c8"},"id":"e3094ed7-0bc9-4e00-8540-7bb9b4ea2c54"},{"type":"Feature","geometry":{"type":"LineString","coordinates":[[12121747.8304147,1535697.42659523],[12121741.39685955,1535696.63056042],[12121742.04798279,1535681.88597802],[12121740.60728706,1535672.24655997],[12121741.01852404,1535668.44040085],[12121739.02294696,1535665.69291937]]},"properties":{"color":"#c8c8c8"},"id":"6b1353c3-5f88-4769-9647-d3c083c58cf4"},{"type":"Feature","geometry":{"type":"LineString","coordinates":[[12121737.99914734,1535696.18462005],[12121733.39371869,1535695.53862064],[12121733.1174979,1535681.20959224],[12121729.18275158,1535671.86722104]]},"properties":{"color":"#c8c8c8"},"id":"58992473-ee0c-41c7-b8e4-84f8e30ea5d0"},{"type":"Feature","geometry":{"type":"LineString","coordinates":[[12121723.89619572,1535628.49535509],[12121724.85826235,1535629.71715733],[12121732.92482973,1535632.71612541],[12121733.10984266,1535627.27355214],[12121730.41785811,1535619.68852631]]},"properties":{"color":"#c8c8c8"},"id":"bea93b1f-5299-4787-b898-ba27ea1ac89b"},{"type":"Feature","geometry":{"type":"LineString","coordinates":[[12121701.74637835,1535620.85219079],[12121704.90938806,1535629.98442469],[12121707.56680658,1535635.49934842],[12121709.00172863,1535642.00090236],[12121708.75567108,1535646.28481642],[12121712.05284074,1535647.66354688],[12121713.28312848,1535643.67507627],[12121713.79640828,1535640.9380847]]},"properties":{"color":"#c8c8c8"},"id":"c32658b2-207e-4db7-b9ce-0a1a44a0a145"},{"type":"Feature","geometry":{"type":"LineString","coordinates":[[12121757.52438649,1535664.8080824],[12121759.00768039,1535665.96273199],[12121760.73563562,1535665.5386457],[12121760.70303321,1535664.592606],[12121763.05044174,1535662.08070918],[12121761.06166472,1535658.49228461],[12121759.82275314,1535657.38313471],[12121753.07570689,1535648.0743399],[12121749.35897464,1535641.81090768],[12121744.02324742,1535638.50480334],[12121741.5639162,1535637.85067405],[12121732.77053205,1535633.12597528]]},"properties":{"color":"#c8c8c8"},"id":"91645563-1a47-445f-90a4-3a0a0617588b"},{"type":"Feature","geometry":{"type":"LineString","coordinates":[[12121744.63790198,1535600.25517833],[12121747.78164764,1535600.82116868],[12121750.7549415,1535602.19426229],[12121753.11832684,1535605.85584624],[12121751.13613287,1535609.02159163],[12121745.48909659,1535613.66687364],[12121741.47907432,1535618.44286396],[12121737.32409069,1535625.34647587],[12121736.71418217,1535628.24522898],[12121738.47028329,1535630.63014322],[12121746.05599216,1535634.78756644],[12121747.77135334,1535635.09269965],[12121752.42188981,1535638.41100873],[12121757.98728034,1535643.86524481],[12121760.84925394,1535649.96894917],[12121759.85815696,1535652.37186372],[12121764.01314058,1535657.48282531],[12121767.94290468,1535662.18604317],[12121765.84635214,1535663.86427],[12121762.69818265,1535662.45765187]]},"properties":{"color":"#c8c8c8"},"id":"2b071fe8-75df-4ba8-b86b-ff953e6327c5"},{"type":"Feature","geometry":{"type":"LineString","coordinates":[[12121720.80475143,1535638.47517352],[12121728.34123671,1535642.60293102],[12121737.15068509,1535646.75287838],[12121739.33697302,1535643.27850357],[12121734.35352483,1535641.0587643],[12121730.92411466,1535638.03048147]]},"properties":{"color":"#c8c8c8"},"id":"c43ab68a-873b-474c-939e-2300493952c2"},{"type":"Feature","geometry":{"type":"LineString","coordinates":[[12121721.545963,1535633.18250736],[12121724.83882055,1535634.1650787],[12121730.92411466,1535638.03048147],[12121732.92482973,1535632.71612541]]},"properties":{"color":"#c8c8c8"},"id":"57e691de-5cc4-45af-8d56-2b27f6fe9aaf"},{"type":"Feature","geometry":{"type":"LineString","coordinates":[[12121712.65468282,1535634.80970052],[12121713.62547309,1535636.59378167],[12121713.79640828,1535640.9380847],[12121718.58259384,1535642.16953997],[12121720.80475143,1535638.47517352],[12121721.55686526,1535633.1046591],[12121722.41609234,1535631.12408036]]},"properties":{"color":"#c8c8c8"},"id":"1d034203-e015-41ef-9f23-0fb7a93d9677"},{"type":"Feature","geometry":{"type":"LineString","coordinates":[[12121712.92872227,1535609.36890241],[12121720.38414522,1535613.88733622],[12121727.69980801,1535618.04478452],[12121730.41785811,1535619.68852631],[12121737.97895675,1535609.82499915],[12121744.63790198,1535600.25517833],[12121732.86122987,1535598.62962625],[12121718.21266693,1535596.12122176]]},"properties":{"color":"#c8c8c8"},"id":"ef8bad97-25b5-48f2-9b66-1933b9965cfb"},{"type":"Feature","geometry":{"type":"LineString","coordinates":[[12121711.16646925,1535612.68627289],[12121716.01602643,1535615.8864925],[12121717.57258278,1535617.79659579],[12121725.59031271,1535622.52777427],[12121727.69980801,1535618.04478452]]},"properties":{"color":"#c8c8c8"},"id":"952bc0d1-9b40-459e-a90d-c31c8386c98c"},{"type":"Feature","geometry":{"type":"LineString","coordinates":[[12121685.02407746,1535611.83842535],[12121684.9055799,1535616.28272906],[12121685.41425371,1535619.33655776],[12121691.78737222,1535617.6775945],[12121697.14963475,1535617.54565775],[12121695.17175177,1535614.20327284],[12121693.1542092,1535610.1633394]]},"properties":{"color":"#c8c8c8"},"id":"5d0acd8b-51b7-4ea9-b355-df34cd49ee4a"},{"type":"Feature","geometry":{"type":"LineString","coordinates":[[12121697.14963475,1535617.54565775],[12121698.58488325,1535619.28297055],[12121704.89648001,1535622.41575586],[12121709.17668305,1535626.74198457],[12121712.65468282,1535634.80970052],[12121714.48163355,1535633.0983576],[12121714.17066479,1535630.41466446],[12121714.71486086,1535627.0308751],[12121710.71111695,1535621.19675604],[12121705.83319951,1535617.12067389],[12121702.72349412,1535613.697991],[12121700.23572921,1535615.99274509],[12121696.79759599,1535616.95075449]]},"properties":{"color":"#c8c8c8"},"id":"41e1100f-a4d8-475d-ad50-b654e07e6ec2"},{"type":"Feature","geometry":{"type":"LineString","coordinates":[[12121685.41425371,1535619.33655776],[12121687.19849554,1535625.32913712],[12121691.11107813,1535632.54120501],[12121694.98515234,1535639.18637044],[12121696.82023837,1535643.64562667],[12121703.74746193,1535654.48464128],[12121706.91005718,1535660.7361202],[12121708.74514543,1535666.53606675],[12121710.28342799,1535676.29132098],[12121710.37081177,1535683.89828759],[12121709.92411276,1535693.06173589],[12121709.89498484,1535699.76519247],[12121709.72888647,1535706.55755355],[12121710.95227716,1535711.13339375]]},"properties":{"color":"#c026d3"},"id":"8032eb87-3721-4055-8b2e-f1d73c150cbf"},{"type":"Feature","geometry":{"type":"LineString","coordinates":[[12121688.6389905,1535780.93087331],[12121688.93295244,1535801.48653177],[12121689.3358867,1535810.47776717],[12121692.34698526,1535818.27192276],[12121699.80927649,1535829.99590169],[12121716.51927803,1535848.0925833],[12121727.89476278,1535854.16471164],[12121737.64810802,1535855.99863236],[12121744.43944422,1535855.72026895],[12121753.07999129,1535853.49336789],[12121759.64480578,1535847.56699545],[12121768.9288372,1535835.0820141],[12121774.13680869,1535822.66698216],[12121777.32743157,1535809.57980303],[12121782.77163946,1535799.42967938],[12121784.98100731,1535794.64074452],[12121787.45519061,1535784.16055508],[12121788.17951051,1535773.47154485],[12121791.46104558,1535769.2236097],[12121798.10503659,1535752.89302588],[12121802.80902503,1535733.76811061],[12121807.73965342,1535714.09540367],[12121808.10333399,1535709.72866006],[12121806.59664998,1535708.0131528],[12121801.45318476,1535711.0266845],[12121794.28362658,1535720.95438464],[12121778.54917648,1535727.17964577],[12121771.34647526,1535719.70935819],[12121762.51869936,1535717.41976158],[12121739.75987584,1535719.29507056],[12121706.4066729,1535716.46240049],[12121706.19273988,1535725.96977945],[12121702.75405332,1535738.77684357],[12121700.02380162,1535748.38213923],[12121694.49889748,1535759.36744114],[12121688.37410232,1535767.17816172],[12121688.11578308,1535773.90227173],[12121688.6389905,1535780.93087331]]},"properties":{"color":"#c8c8c8"},"id":"952c7920-7126-44f0-8b22-7d747add5398"},{"type":"Feature","geometry":{"type":"LineString","coordinates":[[12121705.98716343,1535710.51729059],[12121703.4139426,1535730.32487072],[12121700.79371531,1535739.48949771],[12121695.93087117,1535752.51106296],[12121690.48004821,1535761.6675868],[12121685.37396194,1535767.55198863],[12121681.45075347,1535771.05034605]]},"properties":{"color":"#c026d3"},"id":"f0841eed-fef9-4f2a-95b6-a2abc0827022"},{"type":"Feature","geometry":{"type":"LineString","coordinates":[[12121681.45075347,1535771.05034605],[12121667.44872667,1535782.75309654],[12121655.9739411,1535792.29630265],[12121649.24098121,1535799.29624716],[12121640.95416794,1535808.5327934],[12121633.1319527,1535818.91808274],[12121625.37876736,1535828.36092621],[12121616.70319646,1535837.91025897],[12121610.34466839,1535845.23782055],[12121605.68337284,1535853.13873308],[12121603.03038887,1535860.14184121],[12121601.97889172,1535871.54115556],[12121602.18850608,1535876.82906332],[12121604.12190181,1535882.63264758],[12121607.70460117,1535889.82967626],[12121611.67314865,1535894.98841969],[12121616.73222715,1535899.64830623],[12121623.11633601,1535907.8228012],[12121627.87039867,1535917.72745664],[12121632.60742125,1535924.17457509],[12121636.63234808,1535930.48039368],[12121638.56556821,1535935.01793525],[12121640.39945083,1535941.5158592],[12121641.8403889,1535950.21271389],[12121642.33606905,1535954.9229772]]},"properties":{"color":"#c026d3"},"id":"fdfb2031-e73b-40c6-bcff-4b47c7177be3"},{"type":"Feature","geometry":{"type":"LineString","coordinates":[[12121605.99561172,1535883.19646973],[12121604.40314314,1535879.0372419],[12121603.4555343,1535873.76656301],[12121603.96817702,1535863.77621812],[12121607.27466986,1535852.5501707],[12121615.40217964,1535841.36581943],[12121626.07396363,1535828.84802978],[12121637.55436444,1535814.81751676],[12121650.48768733,1535799.13525927],[12121662.13796562,1535788.35785698],[12121674.70915291,1535777.88743107],[12121681.35062046,1535773.24609496],[12121684.30028543,1535773.913673],[12121685.2835053,1535776.19749079],[12121685.34716398,1535788.84132096],[12121684.61369224,1535811.08890528],[12121677.01874044,1535834.29242838],[12121678.24444302,1535839.53207979]]},"properties":{"color":"#c026d3"},"id":"dfe8a92d-7e3a-4fc3-8d98-2d1809ab2739"},{"type":"Feature","geometry":{"type":"LineString","coordinates":[[12121751.56358572,1535964.38154415],[12121754.04896037,1535959.95179546],[12121755.83279304,1535953.40723759],[12121758.58308128,1535944.13405183],[12121762.19038673,1535936.95486774],[12121766.93776125,1535926.38925663],[12121772.8734384,1535908.79010035],[12121771.44636985,1535906.05328464],[12121777.27244776,1535897.90116113],[12121773.17875572,1535884.90638252],[12121764.93349686,1535863.91573826],[12121759.01057967,1535855.42504783],[12121747.05084477,1535859.01507326],[12121735.67514177,1535859.64257786],[12121722.00687332,1535855.6536624],[12121709.99665333,1535848.64631549],[12121704.13068638,1535840.04164902],[12121693.90839227,1535827.7215192],[12121689.0675472,1535820.65543568],[12121685.25181965,1535821.62417543],[12121682.7459739,1535833.76188148],[12121682.68901931,1535839.17541255],[12121686.61043288,1535846.247605],[12121695.26700551,1535855.59307002],[12121700.67918775,1535864.45297384],[12121701.19174869,1535872.9436708],[12121710.46008363,1535873.18613654],[12121715.58976305,1535874.71494958]]},"properties":{"color":"#c8c8c8"},"id":"3714cf07-9131-4ff7-883f-4f266b821b4e"},{"type":"Feature","geometry":{"type":"LineString","coordinates":[[12121678.24444302,1535839.53207979],[12121676.27857496,1535840.73069432],[12121672.79651983,1535851.13975795],[12121667.39076622,1535863.37986967],[12121667.39076622,1535863.37986967],[12121663.52702646,1535872.50123545],[12121661.5490882,1535877.83825023],[12121657.00564704,1535879.45228968],[12121624.51911421,1535881.44784997],[12121622.70275071,1535880.22186005],[12121614.80071641,1535880.51743253],[12121605.99561172,1535883.19646973],[12121610.84792636,1535891.77599764],[12121616.07815222,1535896.42781908],[12121621.15734296,1535902.35945211],[12121625.84518406,1535909.01653171],[12121627.9959769,1535915.61006496],[12121634.53732253,1535923.39305252],[12121640.07691498,1535933.07876309],[12121642.54804098,1535944.93796783],[12121644.42622116,1535955.31328003],[12121647.58587848,1535958.13341405],[12121652.4381889,1535964.79560127],[12121654.92239858,1535971.83316264],[12121656.3266428,1535985.57685687],[12121655.83297714,1536000.73015098],[12121656.52482242,1536012.45111098],[12121658.72137615,1536026.41658292],[12121662.6108373,1536044.78778391],[12121665.11546441,1536058.77302384],[12121666.78164192,1536070.77267117],[12121666.64463008,1536082.18846422],[12121664.81426802,1536090.93343027],[12121659.40437999,1536105.51788307],[12121645.94030806,1536143.42585924],[12121643.90554299,1536152.78215183],[12121630.34028017,1536187.22386994],[12121631.86582448,1536190.97011954],[12121634.26590692,1536190.69004941],[12121650.74235106,1536174.46086971],[12121665.49198731,1536171.91554558],[12121674.1460141,1536168.96966658],[12121677.0009467,1536170.21943508],[12121681.95987087,1536164.76154282],[12121687.81040466,1536151.59779786],[12121696.29156233,1536144.58750079],[12121704.53389819,1536134.00481871],[12121712.69052012,1536119.50488883],[12121716.28999693,1536107.3299899],[12121725.12429005,1536079.94535457],[12121728.81007796,1536071.25818298],[12121726.10716433,1536066.17700579],[12121726.8081502,1536057.79975105],[12121731.74884966,1536055.4580493],[12121733.89414868,1536055.3279542],[12121737.72968959,1536049.08341453],[12121734.08917812,1536044.92038394],[12121732.85605579,1536042.49495792],[12121734.98617408,1536040.06239708],[12121748.16671804,1536030.48753122],[12121755.28439525,1536005.69240499],[12121751.56358572,1535964.38154415],[12121743.37407249,1535963.71975165],[12121721.17654907,1535966.21991108],[12121719.44851766,1535949.4944066],[12121712.68769004,1535934.67476458],[12121708.01323383,1535907.80221232],[12121708.01323383,1535907.80221232],[12121701.45328797,1535883.48497743],[12121696.80560398,1535866.86348764],[12121690.97118122,1535856.42465499],[12121684.60740222,1535849.17966237],[12121678.24444302,1535839.53207979],[12121678.24444302,1535839.53207979]]},"properties":{"color":"#c8c8c8"},"id":"64ec0f54-85bf-4992-9303-1f0a65f17938"},{"type":"Feature","geometry":{"type":"LineString","coordinates":[[12121682.6486125,1535578.26757375],[12121679.45998195,1535577.73118266],[12121663.77523054,1535583.28030377],[12121650.21405934,1535585.3427161],[12121642.25814651,1535584.96918169],[12121637.21406774,1535584.30753223],[12121632.73427795,1535584.67494368],[12121619.20991887,1535589.02931397],[12121620.80110143,1535589.6906557],[12121623.34699391,1535589.66616198],[12121629.52056216,1535593.59494308],[12121634.07379189,1535596.92613983],[12121640.52521793,1535608.01489882],[12121647.30727934,1535620.25333481],[12121654.52681457,1535634.86792703],[12121664.86270916,1535644.7035662],[12121671.15552932,1535650.59605901],[12121679.38243212,1535662.26548921],[12121681.6152,1535676.75531336],[12121682.15560655,1535692.21303474],[12121680.3312093,1535701.63684518],[12121674.27995337,1535720.54717262],[12121668.51325084,1535735.51802533],[12121654.46439303,1535767.82278901],[12121653.88678366,1535774.68650926],[12121657.39502904,1535784.94739793],[12121672.30007394,1535771.93056604],[12121682.55043525,1535762.85242072],[12121688.50550369,1535754.95637186],[12121694.38603009,1535742.95889335],[12121696.92035403,1535733.26156127],[12121699.19599988,1535724.18501259],[12121700.63960531,1535712.5507281],[12121701.64377412,1535698.60473885],[12121702.7997038,1535683.03911151],[12121702.8312289,1535675.073716],[12121699.25179532,1535660.61152804],[12121697.67859853,1535656.99439927],[12121692.24078547,1535647.29570112],[12121686.80347612,1535640.77813873],[12121683.72402611,1535637.89783215],[12121677.75025895,1535627.74812508],[12121672.8580946,1535617.39959983],[12121672.8580946,1535610.85993804],[12121675.37073489,1535608.12938769],[12121679.59061292,1535585.08797271],[12121682.6486125,1535578.26757375]]},"properties":{"color":"#c026d3"},"id":"60cbed14-44b8-4068-aaa0-78dad7b832f9"},{"type":"Feature","geometry":{"type":"LineString","coordinates":[[12121688.73975976,1535584.55068158],[12121691.18074385,1535586.08238564]]},"properties":{"color":"#c026d3"},"id":"e0bb010e-8f1b-4617-9d99-188816fd4b82"},{"type":"Feature","geometry":{"type":"LineString","coordinates":[[12121700.88124144,1535604.06648739],[12121701.1305896,1535606.05153307],[12121703.9083773,1535608.3527718],[12121708.29907572,1535610.20571732],[12121709.73277135,1535612.32763809],[12121711.16646925,1535612.68627289],[12121712.92872227,1535609.36890241],[12121713.10793394,1535607.03777791],[12121717.64516141,1535599.10984206],[12121718.21266693,1535596.12122176],[12121709.47643738,1535592.16045097]]},"properties":{"color":"#c8c8c8"},"id":"167dae5e-baa8-4630-9348-e2b4c31e2302"},{"type":"Feature","geometry":{"type":"LineString","coordinates":[[12121687.52061826,1535595.5594657],[12121686.65765252,1535600.98028949],[12121691.69624045,1535601.72205053],[12121691.8430853,1535599.81194723],[12121691.60261553,1535595.79113701]]},"properties":{"color":"#c8c8c8"},"id":"570c3e1c-e85e-4d12-b70d-1192bba86fc2"},{"type":"Feature","geometry":{"type":"LineString","coordinates":[[12121691.60261553,1535595.79113701],[12121693.4999626,1535596.12451949],[12121699.67519957,1535601.49474987],[12121700.88124144,1535604.06648739],[12121703.17845615,1535602.12949666],[12121709.47643738,1535592.16045097],[12121700.09095871,1535588.05008894],[12121695.70302124,1535586.26805708],[12121692.34089247,1535586.55726902]]},"properties":{"color":"#c8c8c8"},"id":"8e8c02d9-984d-4749-9965-47c8bb24a386"},{"type":"Feature","geometry":{"type":"LineString","coordinates":[[12121691.69624045,1535601.72205053],[12121693.22342604,1535607.30542883],[12121698.18678255,1535610.27343672],[12121700.18387122,1535610.65545716],[12121702.38654403,1535609.7444847],[12121706.31938299,1535611.63038325],[12121710.0786099,1535614.95102414],[12121715.77619069,1535618.77123017],[12121716.68069174,1535624.12648683],[12121715.75562713,1535627.93999062],[12121717.71676524,1535630.93895888],[12121722.41609234,1535631.12408036],[12121723.89619572,1535628.49535509],[12121725.59031271,1535622.52777427]]},"properties":{"color":"#c8c8c8"},"id":"0915969f-ed22-4fa2-a03a-4c5cda2dd4d7"},{"type":"Feature","geometry":{"type":"LineString","coordinates":[[12121692.34089247,1535586.55726902],[12121691.10823419,1535589.56486779],[12121691.89924433,1535590.83123152],[12121691.60261553,1535595.79113701],[12121687.52061826,1535595.5594657],[12121689.59872356,1535588.0874535],[12121691.18074385,1535586.08238564],[12121692.34089247,1535586.55726902]]},"properties":{"color":"#c8c8c8"},"id":"94836034-6a1f-4f87-bd7d-768db737fff1"},{"type":"Feature","geometry":{"type":"LineString","coordinates":[[12121686.65765252,1535600.98028949],[12121685.73372962,1535605.75569201],[12121685.73372962,1535605.75569201],[12121685.02407746,1535611.83842535],[12121689.73376616,1535610.5987859],[12121693.14437545,1535610.56936729],[12121693.22342604,1535607.30542883]]},"properties":{"color":"#c8c8c8"},"id":"8ccb38f2-0188-4b41-9089-9768dd1e1ab6"},{"type":"Feature","geometry":{"type":"LineString","coordinates":[[12121683.36772961,1535607.2502942],[12121682.94663829,1535612.24618214],[12121683.11846234,1535617.16323338],[12121683.63614137,1535620.88512109],[12121685.14819354,1535626.28356186],[12121688.75359853,1535632.73970684],[12121693.80454124,1535640.68223532],[12121699.66781678,1535649.52888072],[12121703.84470871,1535656.45562235],[12121706.02687364,1535661.32109627],[12121707.85461453,1535665.80950065],[12121708.90274098,1535672.68649708],[12121709.66147854,1535680.28643191],[12121708.68208197,1535687.12904224],[12121707.62255068,1535697.60330955],[12121705.98716343,1535710.51729059]]},"properties":{"color":"#c026d3"},"id":"1fb6a15a-02bd-4132-9340-64e6c9f9b348"},{"type":"Feature","geometry":{"type":"LineString","coordinates":[[12121600.86002264,1535539.15495441],[12121619.00378829,1535543.36844916],[12121630.2079892,1535546.62739467],[12121668.97164237,1535555.10686437],[12121683.73864254,1535559.31460938],[12121686.36495104,1535551.96484361],[12121677.95255863,1535546.70914594],[12121671.06472964,1535540.75713765],[12121664.38780937,1535537.4981909],[12121654.08917039,1535534.36143989],[12121634.37804116,1535527.5720319],[12121614.45297798,1535515.02017851]]},"properties":null,"id":"0f7c0c2d-3211-4ac9-9649-08b439ffc9fa"},{"type":"Feature","geometry":{"type":"LineString","coordinates":[[12121688.84258354,1535567.42152909],[12121689.29332883,1535565.40981771],[12121693.28868715,1535557.83686594],[12121697.11363705,1535552.88225966],[12121700.42000216,1535551.80427216],[12121700.83591565,1535549.82354881]]},"properties":{"color":"#c026d3"},"id":"95e31be3-96db-47bc-9ebd-9fc75cde638f"},{"type":"Feature","geometry":{"type":"LineString","coordinates":[[12121662.70738491,1535579.70051265],[12121674.34025498,1535573.37000404],[12121680.78463825,1535567.16243881],[12121682.9487978,1535566.87371194],[12121683.95874186,1535571.6376612],[12121684.30415385,1535573.49177667],[12121683.79188334,1535575.71768353],[12121679.38716789,1535576.80255767],[12121672.20409449,1535579.44693749],[12121667.35890646,1535580.53181163],[12121662.70738491,1535579.70051265]]},"properties":{"color":"#c026d3"},"id":"e71870c3-85ad-4548-b47d-cf55e69601c7"},{"type":"Feature","geometry":{"type":"LineString","coordinates":[[12121700.42000216,1535551.80427216],[12121710.88617787,1535549.56902042],[12121722.99955532,1535548.23927666],[12121726.38021962,1535547.4958374],[12121734.24666595,1535543.75057831],[12121746.84324435,1535529.53605496]]},"properties":{"color":"#c026d3"},"id":"a930c495-33bb-4a83-a095-eeb26373b92d"},{"type":"Feature","geometry":{"type":"LineString","coordinates":[[12121696.25979516,1535563.44361295],[12121713.42109924,1535570.21012196],[12121727.89010536,1535584.45662638],[12121745.93749404,1535588.34603881],[12121754.26705805,1535590.15183564],[12121759.05655311,1535592.58271742]]},"properties":{"color":"#c026d3"},"id":"4c239694-af70-40be-9f2d-074e3b4bbd42"},{"type":"Feature","geometry":{"type":"LineString","coordinates":[[12121675.8030721,1535565.8179405],[12121666.94129529,1535564.07687417],[12121651.66168104,1535564.18713228],[12121639.96629153,1535560.31986445],[12121637.10518956,1535563.08219834],[12121638.64412395,1535565.21744269]]},"properties":{"color":"#c026d3"},"id":"4f8ca8ce-562f-46f5-89b7-e0e240e0bc64"},{"type":"Feature","geometry":{"type":"LineString","coordinates":[[12121693.91210779,1535568.14025583],[12121697.25175266,1535561.45916211],[12121702.57127583,1535557.18284748],[12121707.47050441,1535555.7326746],[12121719.70521627,1535554.6216286],[12121727.02524858,1535553.52980481]]},"properties":{"color":"#c026d3"},"id":"e85e44c7-f71c-4e46-870e-233af0ae6982"},{"type":"Feature","geometry":{"type":"LineString","coordinates":[[12121677.84433959,1535606.73134833],[12121679.29319653,1535597.77290578],[12121680.0269131,1535594.16722508],[12121680.41698954,1535591.58377336],[12121684.25448589,1535580.41366508],[12121688.84258354,1535567.42152909],[12121682.9487978,1535566.87371194]]},"properties":{"color":"#c026d3"},"id":"2a5eae91-f682-411f-ba77-092b69aaff82"},{"type":"Feature","geometry":{"type":"LineString","coordinates":[[12121693.91210779,1535568.14025583],[12121689.64934161,1535581.78676765],[12121687.30210658,1535588.919227],[12121685.11388153,1535597.84568125],[12121683.36772961,1535607.2502942]]},"properties":{"color":"#c026d3"},"id":"1dfefc46-a342-4c34-9439-30a28172d630"},{"type":"Feature","geometry":{"type":"LineString","coordinates":[[12121849.69221207,1535479.84953509],[12121848.00257096,1535481.00472239],[12121847.59521363,1535482.63510703],[12121848.1526492,1535487.18302045],[12121849.28896148,1535487.69787893],[12121853.4054105,1535488.53452334],[12121855.99963106,1535484.88761144],[12121860.95223588,1535482.93544046],[12121864.06101298,1535482.76382124],[12121866.39206071,1535481.75022366]]},"properties":{"color":"#c026d3"},"id":"1e49728a-796f-4ec6-9463-e630fb32c004"},{"type":"Feature","geometry":{"type":"LineString","coordinates":[[12121861.46720846,1535498.70926699],[12121864.30967444,1535498.98967493],[12121866.79182714,1535497.78792793],[12121868.35318569,1535495.10402601],[12121870.46463926,1535494.09854485]]},"properties":{"color":"#c026d3"},"id":"e3a517c5-46c3-4e52-b864-22594014ad1a"},{"type":"Feature","geometry":{"type":"LineString","coordinates":[[12121852.65787227,1535496.41631498],[12121856.32744597,1535497.91671397],[12121857.62237937,1535494.46152728],[12121862.93493496,1535491.53790611],[12121868.39311918,1535489.04409171]]},"properties":{"color":"#c026d3"},"id":"7390ec26-f98d-4807-9a92-200f16078a08"},{"type":"Feature","geometry":{"type":"LineString","coordinates":[[12121849.4395717,1535542.16309146],[12121857.2104529,1535535.05485816],[12121868.21572758,1535522.18400317],[12121877.07443484,1535509.31601925]]},"properties":{"color":"#c8c8c8"},"id":"329d1059-f5e9-40c5-a0bc-fb89766ef719"},{"type":"Feature","geometry":{"type":"LineString","coordinates":[[12121856.32744597,1535497.91671397],[12121859.30533186,1535498.70926699],[12121861.46720846,1535498.70926699],[12121862.38800872,1535496.06542116],[12121865.75092449,1535493.26134485],[12121869.20704233,1535490.8698473]]},"properties":{"color":"#c026d3"},"id":"9fb2ccf3-1e43-4ad2-bb8e-071dae5c99a9"},{"type":"Feature","geometry":{"type":"LineString","coordinates":[[12121864.27037459,1535372.63061728],[12121863.47036269,1535375.65178039],[12121867.44144563,1535376.4300776],[12121869.32463882,1535368.68806714],[12121870.81988949,1535363.50215175],[12121870.81988949,1535363.50215175],[12121872.06755343,1535359.18464326]]},"properties":{"color":"#c026d3"},"id":"1ac0dd06-b73c-461e-ad6a-1aca339c63b2"},{"type":"Feature","geometry":{"type":"LineString","coordinates":[[12121878.73005645,1535505.5976808],[12121877.07443484,1535509.31601925],[12121882.64062852,1535508.16580435],[12121887.66229799,1535510.22408291],[12121900.42823492,1535511.91913463],[12121911.80262688,1535516.27784069],[12121924.49079812,1535490.64015893],[12121933.78029224,1535469.686072],[12121939.65649549,1535456.3052471],[12121955.50327184,1535447.94477129],[12121969.15550027,1535436.42743502]]},"properties":{"color":"#c026d3"},"id":"8e7a519c-663e-46dd-817a-4cd2a9915e2e"},{"type":"Feature","geometry":{"type":"LineString","coordinates":[[12122337.34899974,1535398.56715278],[12122338.46274894,1535400.51100036],[12122337.80188094,1535404.61774399],[12122339.40187534,1535405.41821062],[12122341.62795576,1535403.50405064],[12122351.33227069,1535402.80799247],[12122354.14965518,1535399.67573068],[12122357.73225357,1535398.00519132],[12122357.10673768,1535384.90718198],[12122353.30286334,1535383.96931865]]},"properties":{"color":"#c026d3"},"id":"a3d7d76e-913d-4298-9868-872f41273d5b"},{"type":"Feature","geometry":{"type":"LineString","coordinates":[[12122357.73225357,1535398.00519132],[12122359.40238204,1535397.05339568],[12122362.70671938,1535392.07658065],[12122361.90672086,1535382.15775165],[12122359.50673059,1535381.39208872],[12122356.30673915,1535382.3317662],[12122357.10673768,1535384.90718198]]},"properties":{"color":"#c026d3"},"id":"cee08037-06bb-48b3-acce-b7abbabdfe70"},{"type":"Feature","geometry":{"type":"LineString","coordinates":[[12122337.42587116,1535377.77078686],[12122334.48514949,1535385.34750406],[12122333.03413086,1535394.36437434],[12122337.34899974,1535398.56715278],[12122343.42036285,1535395.09030938],[12122347.77341582,1535392.60684866],[12122349.83538567,1535388.51869115],[12122353.30286334,1535383.96931865]]},"properties":{"color":"#c026d3"},"id":"b90d4659-d240-4098-a0e0-c68c038cf058"},{"type":"Feature","geometry":{"type":"LineString","coordinates":[[12122357.47674972,1535371.8109],[12122355.47722964,1535378.14023649],[12122353.30286334,1535383.96931865],[12122348.66694502,1535380.97267787],[12122337.42587116,1535377.77078686],[12122340.87204022,1535366.64626608],[12122343.82589763,1535364.06012497],[12122344.9068901,1535364.61894396]]},"properties":{"color":"#c026d3"},"id":"c5f8093c-83b6-4a57-aa14-759211ac58ea"},{"type":"Feature","geometry":{"type":"LineString","coordinates":[[12121847.35237577,1535451.77366984],[12121846.71096504,1535455.03599729],[12121847.41612892,1535462.89142906],[12121852.4643252,1535463.68880917],[12121855.87005333,1535466.77057978],[12121856.16620361,1535469.9116143],[12121862.73485158,1535462.89671997]]},"properties":{"color":"#c026d3"},"id":"eece0036-219d-4d9f-94c5-d65191cc4ced"},{"type":"Feature","geometry":{"type":"LineString","coordinates":[[12121856.16620361,1535469.9116143],[12121854.02236798,1535473.28777788],[12121852.89907077,1535476.25617697],[12121853.41751572,1535477.32249593],[12121857.27705131,1535476.19853902],[12121861.30940263,1535472.65375063],[12121865.67685917,1535471.90694873]]},"properties":{"color":"#c026d3"},"id":"9ea6163a-425b-411c-865c-805cd7178f34"},{"type":"Feature","geometry":{"type":"LineString","coordinates":[[12121853.41751572,1535477.32249593],[12121852.13635439,1535477.53267357],[12121849.69221207,1535479.84953509],[12121851.40739944,1535480.47165486],[12121854.5590572,1535479.89244009],[12121859.57597893,1535478.94853316],[12121862.10588094,1535478.43367468],[12121866.23930432,1535478.51180138]]},"properties":{"color":"#c026d3"},"id":"89c249fe-d22d-413d-a0e8-c4c43b97937f"},{"type":"Feature","geometry":{"type":"LineString","coordinates":[[12121868.15218104,1535334.20569997],[12121860.13019329,1535327.04609044],[12121852.10665233,1535323.09372303],[12121859.00724197,1535306.42456551]]},"properties":{"color":"#c026d3"},"id":"837c05ba-5cc9-4cea-856d-24575376d1bb"},{"type":"Feature","geometry":{"type":"LineString","coordinates":[[12122366.68466074,1535318.81666404],[12122375.64375289,1535319.18709175],[12122377.93842239,1535315.14578682],[12122379.69361633,1535313.39632358],[12122378.67947758,1535309.55597139],[12122375.61006363,1535305.99109567],[12122375.4859667,1535304.25271692],[12122373.29346227,1535304.16193195],[12122372.01568919,1535306.37029227],[12122367.72124552,1535311.55628016],[12122365.57402934,1535316.59409639],[12122366.68466074,1535318.81666404]]},"properties":{"color":"#c026d3"},"id":"1e418eea-50c4-4c09-bdd3-aabc0c1d75d0"},{"type":"Feature","geometry":{"type":"LineString","coordinates":[[12121863.83540978,1535334.74931328],[12121868.15218104,1535334.20569997],[12121870.24006921,1535346.12593791],[12121872.4769434,1535357.58708802],[12121872.06755343,1535359.18464326],[12121868.50844745,1535358.87968174]]},"properties":{"color":"#c026d3"},"id":"9ebb2d5b-5afa-432a-9f95-e9bc96ed1a7c"},{"type":"Feature","geometry":{"type":"LineString","coordinates":[[12122379.69361633,1535313.39632358],[12122381.50056065,1535312.26406709],[12122383.0223822,1535309.43801288],[12122384.89241767,1535309.06378632],[12122388.2330132,1535303.18816415],[12122387.70424503,1535302.1171021],[12122385.25385502,1535301.35574482],[12122380.9935411,1535301.86877531],[12122380.45187634,1535302.59141961],[12122376.5699424,1535304.20446428],[12122375.4859667,1535304.25271692]]},"properties":{"color":"#c026d3"},"id":"28fa7a7c-e816-4c19-b77f-ed4221d22216"},{"type":"Feature","geometry":{"type":"LineString","coordinates":[[12121860.74866542,1535334.42628205],[12121863.83540978,1535334.74931328],[12121864.35382459,1535339.00281058],[12121866.43888321,1535346.53763506],[12121867.50163318,1535349.00155037],[12121867.91636463,1535356.13393781],[12121863.74312582,1535355.84864176],[12121864.44298502,1535352.37322495],[12121864.59850906,1535349.05342346],[12121863.95049055,1535347.39352222],[12121861.97130526,1535346.66378896]]},"properties":{"color":"#c026d3"},"id":"f65d0d9f-7411-4c18-b041-4b285bdf466e"},{"type":"Feature","geometry":{"type":"LineString","coordinates":[[12121894.98695453,1535443.30440007],[12121905.34895207,1535449.61901781],[12121935.91201696,1535443.36168371],[12121955.51502896,1535428.76866177],[12121959.5812586,1535432.78884412],[12121969.15550027,1535436.42743502],[12121980.96854964,1535430.08500896],[12121976.20430353,1535421.08366893],[12121979.5822363,1535413.65992562],[12121988.38899567,1535411.84925641],[12121991.38310067,1535402.12857643],[12121986.72727192,1535374.63712305],[12121998.96306882,1535364.82752499],[12121993.11116772,1535355.32211016],[12121976.84743498,1535356.91902498],[12121964.23172807,1535354.8558181],[12121952.22207453,1535339.40577421],[12121938.29087434,1535338.10110278],[12121934.46792217,1535341.79182475]]},"properties":{"color":"#c026d3"},"id":"c8b35523-6f5b-4f07-ba27-4c1c93b5724b"},{"type":"Feature","geometry":{"type":"LineString","coordinates":[[12122357.19206138,1535357.76447128],[12122363.82745095,1535363.5470728],[12122370.24879896,1535353.69523318],[12122366.05351908,1535352.62438105],[12122361.77262259,1535354.50908146],[12122357.19206138,1535357.76447128]]},"properties":{"color":"#c026d3"},"id":"4a79b4f8-dc2a-4b14-816c-9e4bfd59d9f5"},{"type":"Feature","geometry":{"type":"LineString","coordinates":[[12121863.74312582,1535355.84864176],[12121862.50108131,1535360.48532916],[12121861.47242316,1535366.9490934],[12121859.37396115,1535371.3543341],[12121864.27037459,1535372.63061728],[12121867.15061743,1535364.97291112],[12121867.89125255,1535361.10288623],[12121868.50844745,1535358.87968174],[12121867.91636463,1535356.13393781]]},"properties":{"color":"#c026d3"},"id":"5d458600-c82a-4e52-b493-c0bd4a6104df"},{"type":"Feature","geometry":{"type":"LineString","coordinates":[[12122357.19206138,1535357.76447128],[12122351.12237158,1535359.61584375],[12122345.91386577,1535362.32585714],[12122344.9068901,1535364.61894396],[12122350.28901277,1535366.87728756],[12122357.47674972,1535371.8109],[12122363.82745095,1535363.5470728]]},"properties":{"color":"#c026d3"},"id":"f50de355-e9ff-41d7-b3fe-efd509386148"},{"type":"Feature","geometry":{"type":"LineString","coordinates":[[12121810.08425841,1535457.21503229],[12121807.26532776,1535457.38670584],[12121804.00020908,1535465.20673398],[12121800.37495253,1535470.73830465],[12121797.92745918,1535475.28631539],[12121797.66522735,1535479.71771113],[12121798.80156379,1535479.95094225],[12121799.60404465,1535479.27700822]]},"properties":{"color":"#c026d3"},"id":"b1f2e1ce-bd71-4083-82ba-2ddcb6019ebd"},{"type":"Feature","geometry":{"type":"LineString","coordinates":[[12121811.59400694,1535494.95599709],[12121819.27410772,1535490.01745401],[12121823.20557727,1535488.34653782],[12121825.0463873,1535486.18585819],[12121830.56682561,1535487.21206082],[12121833.54512715,1535489.23624531],[12121837.81589585,1535489.34870036],[12121840.00747582,1535485.97506169],[12121838.20925877,1535482.54519442],[12121838.15306101,1535480.01496542],[12121840.00931953,1535478.38723452]]},"properties":{"color":"#c026d3"},"id":"89e25c22-b0fa-4fd2-9bcb-a9d86723d5b3"},{"type":"Feature","geometry":{"type":"LineString","coordinates":[[12121805.11246186,1535498.20107052],[12121811.59400694,1535494.95599709],[12121809.76135006,1535489.42362977],[12121808.04689244,1535485.82533863],[12121805.78175669,1535482.83835084]]},"properties":{"color":"#c026d3"},"id":"af70f079-5042-4e38-b760-01338aef6737"},{"type":"Feature","geometry":{"type":"LineString","coordinates":[[12121848.00257096,1535481.00472239],[12121843.77634043,1535479.48305413],[12121842.89557736,1535481.6061417],[12121843.09575106,1535484.24998447],[12121843.81637761,1535488.13563339],[12121842.73543778,1535489.81807872],[12121839.45259027,1535490.89964979],[12121841.4543273,1535492.90256144],[12121845.04152541,1535494.53590859]]},"properties":{"color":"#c026d3"},"id":"2d231aad-d4bf-4c61-88a7-93352b160e75"},{"type":"Feature","geometry":{"type":"LineString","coordinates":[[12121839.45259027,1535490.89964979],[12121839.61272984,1535489.05697244],[12121841.49436143,1535484.81080035],[12121841.0539799,1535483.12835425],[12121840.53352705,1535478.92223978],[12121838.53179001,1535476.8792705],[12121839.89297181,1535474.79624055],[12121843.77634043,1535479.48305413]]},"properties":{"color":"#c026d3"},"id":"a1d6a882-3258-48a3-9599-024d9324eb48"},{"type":"Feature","geometry":{"type":"LineString","coordinates":[[12121839.89297181,1535474.79624055],[12121840.44952975,1535471.13458219],[12121840.03479699,1535467.24135128],[12121842.05567565,1535462.5332591],[12121845.61483761,1535462.08055788],[12121847.41612892,1535462.89142906]]},"properties":{"color":"#c026d3"},"id":"64740b99-9793-4a1b-8823-a376014668c9"},{"type":"Feature","geometry":{"type":"LineString","coordinates":[[12121813.21178628,1535466.32870986],[12121810.83489209,1535468.25663342],[12121807.30589446,1535473.65886706],[12121807.63768019,1535475.80165344],[12121810.17132064,1535477.03903684],[12121814.30356588,1535475.04715144],[12121816.8070444,1535472.57238464],[12121817.34403382,1535471.42914356]]},"properties":{"color":"#c026d3"},"id":"232323a6-d799-46d1-9ef7-62a3a16b659a"},{"type":"Feature","geometry":{"type":"LineString","coordinates":[[12121823.20557727,1535488.34653782],[12121826.30867116,1535489.28302534],[12121830.38270097,1535498.75221478],[12121835.22061279,1535499.17684198],[12121838.40344909,1535496.33183942],[12121846.55014484,1535496.73025224]]},"properties":{"color":"#c026d3"},"id":"59a450cd-4795-49f0-afaf-308668bc6bf1"},{"type":"Feature","geometry":{"type":"LineString","coordinates":[[12121853.4054105,1535488.53452334],[12121851.3165885,1535490.91516524],[12121848.86931294,1535492.54763845],[12121845.04152541,1535494.53590859],[12121846.55014484,1535496.73025224],[12121849.583092,1535496.85582683],[12121852.65787227,1535496.41631498],[12121853.37124511,1535493.17906444],[12121856.78069669,1535490.16526638],[12121860.25463432,1535488.54184184],[12121865.48385355,1535487.13958936],[12121867.17115715,1535486.30304175]]},"properties":{"color":"#c026d3"},"id":"d7a4d739-9ecd-419e-b930-170a2d784d47"},{"type":"Feature","geometry":{"type":"LineString","coordinates":[[12121827.50144813,1535421.49824278],[12121826.18467719,1535425.26458929],[12121817.31225389,1535433.81742249],[12121818.00999498,1535437.93217047],[12121820.85540979,1535437.36275398],[12121829.73951142,1535426.18899996],[12121834.03080617,1535417.94170399],[12121834.22049967,1535416.39614363],[12121840.79436002,1535409.63128786],[12121839.96028211,1535405.18433263]]},"properties":{"color":"#c026d3"},"id":"2a2c2515-d914-4fb3-8c9c-226adaafa37e"},{"type":"Feature","geometry":{"type":"LineString","coordinates":[[12121840.79436002,1535409.63128786],[12121843.10046386,1535412.7614111],[12121837.91075088,1535420.41389524],[12121835.62399176,1535422.84713058],[12121833.06327889,1535428.7573074],[12121829.46849721,1535426.52986122]]},"properties":{"color":"#c026d3"},"id":"858490bc-152d-4b50-98e4-5dad8dbe6e0a"},{"type":"Feature","geometry":{"type":"LineString","coordinates":[[12121820.85540979,1535437.36275398],[12121821.27807847,1535441.15311503],[12121826.43096466,1535439.08293815],[12121829.59296313,1535434.43480558],[12121833.06327889,1535428.7573074]]},"properties":{"color":"#c026d3"},"id":"e4997b02-8436-4812-bff8-278a0e79820f"},{"type":"Feature","geometry":{"type":"LineString","coordinates":[[12121823.6825872,1535467.71382726],[12121822.38388076,1535465.41142288],[12121821.95296187,1535457.93779081],[12121820.84286953,1535456.21838246],[12121819.18393859,1535455.9769432],[12121817.43451958,1535457.87828801],[12121813.21178628,1535466.32870986],[12121814.53893149,1535469.67869886],[12121817.34403382,1535471.42914356],[12121822.41131241,1535471.33860355],[12121824.4840552,1535468.44151306]]},"properties":{"color":"#c026d3"},"id":"881a2f2c-3c99-4ad6-a77b-d56aa8ec652a"},{"type":"Feature","geometry":{"type":"LineString","coordinates":[[12121897.38252104,1535439.92754617],[12121893.87174628,1535444.87642711],[12121889.35053918,1535453.47343516],[12121886.95602762,1535462.54223505],[12121888.75884771,1535468.05444367],[12121891.61136706,1535472.13251249],[12121883.74348093,1535487.05988178],[12121878.73005645,1535505.5976808],[12121871.96620613,1535505.15821184],[12121870.385043,1535493.51228513],[12121866.52711791,1535484.85836206],[12121866.3075123,1535479.80446897],[12121865.95182973,1535473.06362534],[12121863.79969401,1535464.01056535],[12121858.10736094,1535458.05627701],[12121847.35237577,1535451.77366984],[12121842.87630854,1535449.40991677],[12121834.35935461,1535447.85481575],[12121826.36410845,1535453.4886575],[12121821.67597326,1535452.08748361],[12121826.43096466,1535439.08293815]]},"properties":{"color":"#c026d3"},"id":"2b619f51-3417-4fe7-8496-f2d10f97024e"},{"type":"Feature","geometry":{"type":"LineString","coordinates":[[12121801.76637032,1535480.43227229],[12121799.60404465,1535479.27700822],[12121801.14486693,1535476.79590343],[12121802.43839489,1535473.29371314],[12121804.87854317,1535469.30138391],[12121809.13957818,1535461.32628696],[12121809.989146,1535459.74650697],[12121810.08425841,1535457.21503229],[12121813.40958958,1535452.34278984],[12121818.19612016,1535452.03844183]]},"properties":{"color":"#c026d3"},"id":"d4d292b6-6009-451f-b6ad-565374219514"},{"type":"Feature","geometry":{"type":"LineString","coordinates":[[12121826.36410845,1535453.4886575],[12121825.46605715,1535454.74514305],[12121824.86984083,1535459.9769087],[12121825.20470962,1535462.07866721],[12121823.6825872,1535467.71382726],[12121825.32647755,1535469.20638301],[12121828.70559118,1535469.29776371],[12121839.35750269,1535475.61567424]]},"properties":{"color":"#c026d3"},"id":"c64af8c3-20e8-40a1-b609-c1d9f4f84008"},{"type":"Feature","geometry":{"type":"LineString","coordinates":[[12121860.74170248,1535453.6859933],[12121854.83372248,1535454.03031964],[12121848.08014185,1535450.11019731],[12121846.25182372,1535447.08610351],[12121842.14743736,1535441.82193839],[12121832.30304737,1535441.81349289],[12121828.05104375,1535445.34645344],[12121824.24976879,1535445.04834554]]},"properties":{"color":"#c026d3"},"id":"5aa51790-5e91-4f11-b5ef-528b36c12189"},{"type":"Feature","geometry":{"type":"LineString","coordinates":[[12121821.67597326,1535452.08748361],[12121818.19612016,1535452.03844183],[12121816.62767728,1535455.05644984],[12121811.64256232,1535464.16829214],[12121808.02930042,1535468.59010112],[12121804.37965051,1535474.77701754],[12121801.54689964,1535480.90721662],[12121799.8879687,1535484.95134781],[12121800.61186629,1535487.18467362],[12121806.46336862,1535482.26532023],[12121812.13389483,1535479.54911302],[12121818.045721,1535477.949569],[12121822.60024233,1535476.50092309],[12121824.61520354,1535473.7734339],[12121824.76601545,1535470.18200391],[12121824.4840552,1535468.44151306]]},"properties":{"color":"#c026d3"},"id":"12c68a3f-f774-4485-a376-fafac452b769"},{"type":"Feature","geometry":{"type":"LineString","coordinates":[[12121873.66008032,1535313.23490445],[12121879.64042481,1535316.014446],[12121894.5439083,1535323.13164804],[12121910.91607219,1535328.87231003],[12121915.31347566,1535328.1458625],[12121925.73349924,1535332.8222888],[12121934.46792217,1535341.79182475],[12121905.76401398,1535426.38597009],[12121897.38252104,1535439.92754617],[12121889.82211366,1535440.89253829],[12121880.12935314,1535443.26511687],[12121868.59992327,1535447.46315956],[12121860.74170248,1535453.6859933],[12121851.09533236,1535446.05816039],[12121842.58294265,1535437.77958091],[12121834.66721572,1535434.79451636],[12121845.39424915,1535425.5776426],[12121846.72549551,1535419.04640723],[12121848.78606591,1535418.28504748],[12121851.66823134,1535414.55121163],[12121857.36640018,1535405.93840453],[12121858.97434603,1535402.02353337],[12121858.69896274,1535399.82927023],[12121880.67218159,1535363.89966131],[12121878.21082031,1535335.16193456],[12121874.44986318,1535326.39840548],[12121871.32710934,1535317.77206628],[12121873.66008032,1535313.23490445]]},"properties":{"color":"#c026d3"},"id":"6a5b358d-1ee1-4f05-8af4-6c88e39b7ef7"},{"type":"Feature","geometry":{"type":"LineString","coordinates":[[12121818.15820291,1535315.31937204],[12121818.9236202,1535315.80518563]]},"properties":{"color":"#c026d3"},"id":"7791cf8b-cea2-4728-8531-49ed6b9190a7"},{"type":"Feature","geometry":{"type":"LineString","coordinates":[[12121819.26019231,1535371.25035467],[12121818.26085771,1535368.51621069],[12121817.62693323,1535364.16070857],[12121818.64121305,1535360.86236562],[12121818.12337741,1535355.10006004],[12121817.59510701,1535351.42113857],[12121816.64422028,1535347.93250878],[12121816.89227062,1535344.7305639],[12121818.54588508,1535340.08614103],[12121818.34549022,1535336.84933352],[12121817.90620869,1535334.62499507],[12121817.71984637,1535333.10658426],[12121818.22168249,1535332.10616106],[12121818.04156119,1535328.10457813],[12121818.15820291,1535315.31937204]]},"properties":{"color":"#c026d3"},"id":"5f82fd1b-0035-49b9-9ade-ad236445aede"},{"type":"Feature","geometry":{"type":"LineString","coordinates":[[12121831.92243823,1535405.07841632],[12121833.62949246,1535405.26688183],[12121838.79697268,1535399.76545527],[12121848.18190102,1535385.69023889],[12121855.88377102,1535371.55722479],[12121857.4133439,1535367.79309075],[12121859.81105599,1535363.03621925],[12121861.82261335,1535351.42470373],[12121861.98797335,1535346.13009925],[12121862.44271097,1535343.73098177],[12121860.99670384,1535336.99085498],[12121860.74866542,1535334.42628205],[12121856.11860441,1535335.17083711],[12121854.34098995,1535338.52132858],[12121856.39205865,1535349.08928922],[12121854.63690102,1535358.64646055],[12121850.87497606,1535367.74656254],[12121846.55118751,1535374.28998911],[12121843.16132175,1535382.06644117],[12121837.62657737,1535391.33429219],[12121835.9729837,1535393.52659233],[12121831.92243823,1535405.07841632]]},"properties":{"color":"#c026d3"},"id":"af4185f6-e53b-4221-88d8-5cc0796c5005"},{"type":"Feature","geometry":{"type":"LineString","coordinates":[[12121852.10665233,1535323.09372303],[12121844.9950854,1535324.60281974],[12121841.77924575,1535337.48633419],[12121841.83530937,1535343.88144039],[12121840.77008341,1535355.10091595],[12121840.06031461,1535366.02536882],[12121837.0304443,1535383.1222502],[12121834.65105462,1535392.54862746],[12121831.04960849,1535404.95622414],[12121831.92243823,1535405.07841632]]},"properties":{"color":"#c026d3"},"id":"fd351a81-c9c2-48d5-bf3e-8c982d1951e6"},{"type":"Feature","geometry":{"type":"LineString","coordinates":[[12121826.56399028,1535391.68457138],[12121825.17829418,1535389.43164809],[12121823.35355884,1535386.83338693],[12121822.00026114,1535382.96306804],[12121821.06449979,1535380.4116217],[12121819.72909884,1535373.93554201],[12121819.26019231,1535371.25035467]]},"properties":{"color":"#c026d3"},"id":"5be7466c-735e-4389-a494-ca9045872b8d"},{"type":"Feature","geometry":{"type":"LineString","coordinates":[[12121831.92243823,1535405.07841632],[12121829.45999256,1535411.20985629],[12121826.80779866,1535418.23208791],[12121827.50144813,1535421.49824278],[12121828.5215227,1535420.02847328],[12121829.33758236,1535418.02795327],[12121829.94962711,1535415.41503015],[12121839.96028211,1535405.18433263],[12121845.94510054,1535395.77592293],[12121846.45419663,1535392.36912873],[12121850.07871114,1535388.18738468],[12121853.48131988,1535385.07883574],[12121855.55332693,1535381.84143987],[12121856.14508693,1535379.21397453],[12121859.37396115,1535371.3543341]]},"properties":{"color":"#c026d3"},"id":"427b05d4-0f83-4164-9b53-73275f58bb62"},{"type":"Feature","geometry":{"type":"LineString","coordinates":[[12121844.69058958,1535397.74807184],[12121853.44968584,1535395.68432694],[12121855.09366665,1535389.77338275],[12121859.85343641,1535381.26620864],[12121863.47036269,1535375.65178039]]},"properties":{"color":"#c026d3"},"id":"a6dc69ce-b0ee-47f5-bd2b-ba4a58aad497"},{"type":"Feature","geometry":{"type":"LineString","coordinates":[[12121800.80795172,1535403.72355547],[12121804.15464101,1535407.75854209],[12121804.71743985,1535413.67140421],[12121803.80050855,1535422.32580995],[12121806.36828176,1535431.37107979],[12121810.1671786,1535429.40012598],[12121817.7345641,1535421.59841219],[12121820.74301319,1535416.84646865],[12121824.00797267,1535405.86345514],[12121825.07354262,1535403.2098135]]},"properties":null,"id":"9af25e5d-3394-4cd6-8007-c2fe7135c39d"},{"type":"Feature","geometry":{"type":"LineString","coordinates":[[12121727.02524858,1535553.52980481],[12121733.65176309,1535551.50014983],[12121739.8658858,1535545.92838076],[12121750.36455535,1535533.39721709],[12121759.0155731,1535522.46138449],[12121766.24101174,1535512.31555247],[12121770.69659539,1535504.07809456],[12121775.50274519,1535494.05102227],[12121779.9396589,1535484.39553653],[12121784.67033771,1535474.93139467],[12121789.30158657,1535466.48609898],[12121793.79782499,1535460.00492864],[12121798.61906746,1535453.46120764],[12121803.27698005,1535447.54254906],[12121809.49472826,1535441.47830967],[12121812.55111031,1535438.60097525],[12121812.61737499,1535437.67273469],[12121816.25836137,1535434.30568368],[12121818.92180394,1535430.07265006],[12121823.39351978,1535422.82839825],[12121826.88710086,1535415.5465962],[12121829.91533924,1535406.681351],[12121831.73574893,1535401.17165625],[12121834.89190106,1535388.90502123],[12121836.00207031,1535382.6035557]]},"properties":{"color":"#c026d3"},"id":"cfaf83be-af1d-468a-9f61-d8d0f4b9aaeb"},{"type":"Feature","geometry":{"type":"LineString","coordinates":[[12121786.92754699,1535392.10119835],[12121792.91526937,1535398.30928052],[12121800.80795172,1535403.72355547],[12121803.64586337,1535398.92679788],[12121807.10664402,1535396.45335999],[12121814.84043349,1535396.02934314],[12121817.66556187,1535397.79608449],[12121819.92566511,1535400.83487908],[12121821.05571539,1535401.96559382],[12121823.20987793,1535402.53095051],[12121825.07354262,1535403.2098135],[12121825.50037543,1535401.30056346],[12121820.17286277,1535395.56998931],[12121815.19996123,1535390.23072373]]},"properties":null,"id":"ea388ad8-24c5-4bd9-bf2a-f08fb1d52417"},{"type":"Feature","geometry":{"type":"LineString","coordinates":[[12121601.75657473,1535411.10287859],[12121607.57228171,1535422.17811453],[12121625.92909987,1535425.62203804],[12121649.47497559,1535421.20728394],[12121658.9811831,1535417.02537883],[12121672.83074711,1535408.90755935],[12121685.13759108,1535398.6466291],[12121679.64693852,1535392.74276381],[12121668.17392795,1535392.98875767],[12121657.76626461,1535396.76067196],[12121651.55086858,1535402.15688123],[12121639.98218995,1535403.80663285],[12121629.71879523,1535402.39859844],[12121622.38800242,1535404.5681343],[12121615.05720961,1535406.78932498],[12121611.44343773,1535408.95886084],[12121601.53137535,1535408.08071514],[12121600.86024865,1535410.19859618],[12121601.75657473,1535411.10287859]]},"properties":null,"id":"ac93766f-6db4-4edd-b11c-e7b1c5ff3851"},{"type":"Feature","geometry":{"type":"LineString","coordinates":[[12121616.84913242,1535433.80961652],[12121621.34821665,1535430.40380918],[12121635.23060614,1535429.1001177],[12121664.69529121,1535418.91413029],[12121667.78242045,1535415.94365673]]},"properties":{"color":"#c026d3"},"id":"da9e8d0f-2cf4-40c3-911d-ba20d849a8c5"},{"type":"Feature","geometry":{"type":"LineString","coordinates":[[12121769.16422463,1535492.28987045],[12121776.12594462,1535481.3442329],[12121781.00634189,1535469.1504723],[12121788.55682116,1535457.81810295],[12121798.98443637,1535442.68405466],[12121807.53771673,1535433.53552768],[12121806.36828176,1535431.37107979]]},"properties":{"color":"#c026d3"},"id":"4564fa0a-12e4-4ff2-9113-5eb08c7d0cd7"},{"type":"Feature","geometry":{"type":"LineString","coordinates":[[12121759.05655311,1535592.58271742],[12121762.03768499,1535573.21724161],[12121764.1603695,1535556.86953173],[12121764.37451378,1535552.36979352],[12121769.56759425,1535548.6735819],[12121777.79123736,1535520.12358307],[12121782.31533196,1535509.30847175],[12121786.28745591,1535494.62742784],[12121788.58257442,1535479.54695858],[12121793.26085277,1535467.58159814],[12121803.54436029,1535450.44893297],[12121810.47917791,1535444.58445328],[12121817.23503523,1535442.56993942],[12121821.27807847,1535441.15311503]]},"properties":{"color":"#c026d3"},"id":"006c18d4-2e3c-42a1-b75c-bdb94d12c17d"},{"type":"Feature","geometry":{"type":"LineString","coordinates":[[12121791.62523145,1535496.31713247],[12121785.97129397,1535509.42058143],[12121780.81802299,1535522.89349467],[12121775.27944584,1535543.70247838],[12121769.46608991,1535569.63390883],[12121766.94970018,1535593.3336564],[12121767.17301989,1535599.06552636]]},"properties":{"color":"#c026d3"},"id":"455cebb5-5d97-42f4-a52b-1924c1c41311"},{"type":"Feature","geometry":{"type":"LineString","coordinates":[[12121794.90006204,1535492.01095736],[12121791.62523145,1535496.31713247],[12121792.12475817,1535498.77778607],[12121795.46774698,1535495.04835856],[12121797.27372958,1535493.93337458],[12121799.38711312,1535491.93409518],[12121801.11624511,1535492.01098941],[12121805.11246186,1535498.20107052],[12121800.82805645,1535500.66172338],[12121797.99409942,1535503.63492355],[12121795.15777834,1535504.00111533],[12121793.44988595,1535501.80396582],[12121792.12475817,1535498.77778607]]},"properties":{"color":"#c026d3"},"id":"784da908-9fe6-4650-a5bf-ad3f80ccd3a0"},{"type":"Feature","geometry":{"type":"LineString","coordinates":[[12121800.61186629,1535487.18467362],[12121797.7812991,1535489.37655835],[12121794.90006204,1535492.01095736],[12121793.5587969,1535488.18362275],[12121794.70135714,1535484.18231673],[12121797.66522735,1535479.71771113]]},"properties":{"color":"#c026d3"},"id":"acac2ff2-553d-46e0-aaaa-73cd57243c47"},{"type":"Feature","geometry":{"type":"LineString","coordinates":[[12121771.02328255,1535353.06447585],[12121764.79663832,1535352.01637413],[12121757.39947067,1535351.35552522],[12121751.27433797,1535348.45514227],[12121744.83483978,1535346.40651165],[12121738.59842627,1535344.79456841],[12121731.59753442,1535344.4971859],[12121727.10639773,1535339.30952295],[12121724.72003333,1535342.12701935],[12121719.74822768,1535337.17035669],[12121720.90180478,1535333.99098359]]},"properties":null,"id":"7b054b18-89ff-420f-9734-93e25d0bb646"},{"type":"Feature","geometry":{"type":"LineString","coordinates":[[12121771.02328255,1535353.06447585],[12121767.73811984,1535347.91964129],[12121766.18738511,1535342.1178096],[12121775.47622783,1535336.18816239],[12121780.74303062,1535334.27570133],[12121783.80117574,1535340.43807586],[12121786.86279928,1535343.7139622]]},"properties":null,"id":"12f7115b-2afd-438e-8719-74dd8261721d"},{"type":"Feature","geometry":{"type":"LineString","coordinates":[[12121771.02328255,1535353.06447585],[12121781.68182741,1535346.20530746],[12121786.86279928,1535343.7139622],[12121788.32249035,1535347.21059998],[12121790.86267445,1535350.78404336],[12121794.33342233,1535353.50187394],[12121786.26016119,1535359.13885665],[12121781.23721125,1535362.1691495],[12121771.02328255,1535353.06447585]]},"properties":null,"id":"03a99076-c87e-4e9a-8d83-b5d6f2b43017"},{"type":"Feature","geometry":{"type":"LineString","coordinates":[[12121781.23721125,1535362.1691495],[12121783.40876157,1535365.8306939],[12121785.91207018,1535370.20612641],[12121793.96068158,1535364.81610041],[12121799.82285883,1535363.54785886],[12121796.20422299,1535357.12640198],[12121794.33342233,1535353.50187394]]},"properties":null,"id":"0db2a698-6cd9-4aee-b694-b8de08461305"},{"type":"Feature","geometry":{"type":"LineString","coordinates":[[12121684.12841478,1535390.34516281],[12121685.35972951,1535393.9602416],[12121690.26782902,1535393.31085564],[12121700.58213301,1535386.59646225],[12121711.99082877,1535378.93267804],[12121730.04815084,1535366.24519949],[12121738.00802202,1535359.92801101],[12121741.82092686,1535358.50747955],[12121750.58249342,1535360.41504759],[12121761.01306154,1535366.11559124],[12121769.69943032,1535370.76742805]]},"properties":null,"id":"45964ad9-cf97-420e-a5a6-fa41d38f0406"},{"type":"Feature","geometry":{"type":"LineString","coordinates":[[12121781.23721125,1535362.1691495],[12121771.48463947,1535370.19775456],[12121762.83004596,1535372.95949957]]},"properties":{"color":"#c026d3"},"id":"71817a21-b80c-4689-bc13-f319c84ba391"},{"type":"Feature","geometry":{"type":"LineString","coordinates":[[12121785.91207018,1535370.20612641],[12121787.31457956,1535373.11609492],[12121787.79243452,1535376.48821866],[12121795.4381387,1535374.39951558],[12121802.73894663,1535372.01374898],[12121800.60903696,1535368.03130692],[12121799.82285883,1535363.54785886]]},"properties":null,"id":"bbd3bedf-5220-4ece-a73d-d03337e065b6"},{"type":"Feature","geometry":{"type":"LineString","coordinates":[[12121667.78242045,1535415.94365673],[12121683.92133042,1535405.62748524],[12121692.87345428,1535397.58972261],[12121719.43429024,1535379.38553447],[12121735.56986179,1535367.78618551],[12121743.22799844,1535365.19814334],[12121745.81452477,1535364.8936687],[12121753.26979608,1535366.56828309],[12121762.83004596,1535372.95949957],[12121766.27972161,1535381.18131507],[12121766.17489475,1535397.25055539],[12121767.45753635,1535406.72847676],[12121770.65265484,1535418.40003232],[12121772.21809338,1535425.86618112],[12121768.76939418,1535439.670257],[12121763.54665619,1535448.96300893],[12121756.20842899,1535461.37567264],[12121749.19747037,1535472.08451076],[12121744.07514081,1535480.45758462],[12121744.88659831,1535483.40084655],[12121746.41743688,1535484.71269689],[12121769.16422463,1535492.28987045]]},"properties":{"color":"#c026d3"},"id":"0e4aead0-1a2f-421e-8524-a9364d61af20"},{"type":"Feature","geometry":{"type":"LineString","coordinates":[[12121787.79243452,1535376.48821866],[12121788.01544577,1535381.26414157],[12121786.26987411,1535388.22597029],[12121786.92754699,1535392.10119835],[12121790.69088932,1535388.8109099],[12121798.94085363,1535387.45225848],[12121802.37536231,1535388.4393453],[12121803.39840561,1535391.32748655],[12121809.13476659,1535391.87586795],[12121812.05775223,1535391.47372215],[12121815.19996123,1535390.23072373],[12121809.79243669,1535386.64185275],[12121805.29834795,1535381.92577208],[12121803.54455545,1535376.07637039],[12121802.73894663,1535372.01374898]]},"properties":null,"id":"c518c46d-19a3-4b57-9f68-828145d0cc68"},{"type":"Feature","geometry":{"type":"LineString","coordinates":[[12121741.82908918,1535319.14138231],[12121738.43987301,1535317.11633815],[12121736.87735378,1535317.48114031],[12121727.48148854,1535305.09339216],[12121733.7650271,1535300.91569589],[12121739.05643032,1535300.79160462],[12121744.453957,1535301.47878686]]},"properties":null,"id":"978d83a6-9bbd-4eff-9e41-c594f22e7091"},{"type":"Feature","geometry":{"type":"LineString","coordinates":[[12121680.11499645,1535296.44604241],[12121685.84353624,1535295.35780426],[12121692.28244531,1535304.4225161],[12121696.96018307,1535317.03242507],[12121702.2011565,1535327.4456089],[12121706.3190642,1535329.61814027],[12121712.40919854,1535324.77726075]]},"properties":null,"id":"25a7c752-0cdd-42f7-95c1-b978050c1b91"},{"type":"Feature","geometry":{"type":"LineString","coordinates":[[12121755.33526239,1535324.51830658],[12121749.15349309,1535321.35283775],[12121752.69520493,1535313.95257307],[12121755.5113153,1535305.71622248],[12121761.70930904,1535306.60216603],[12121766.18853003,1535305.82044797],[12121767.86482297,1535306.42109233]]},"properties":null,"id":"2f6473e2-0797-4da6-bc25-0b6f969facbd"},{"type":"Feature","geometry":{"type":"LineString","coordinates":[[12121727.48148854,1535305.09339216],[12121719.50625007,1535313.33235314],[12121725.99648402,1535318.25459071],[12121732.85877031,1535324.08682118],[12121736.87735378,1535317.48114031]]},"properties":null,"id":"8682c647-3d6c-4031-abb7-0849601b491b"},{"type":"Feature","geometry":{"type":"LineString","coordinates":[[12121755.5113153,1535305.71622248],[12121744.453957,1535301.47878686],[12121743.99460713,1535311.45913312],[12121741.82908918,1535319.14138231],[12121749.15349309,1535321.35283775]]},"properties":null,"id":"8d12ec8c-5448-4ea9-be44-e8acbec5fa06"},{"type":"Feature","geometry":{"type":"LineString","coordinates":[[12121760.31293588,1535330.36578224],[12121758.42833443,1535328.60985173],[12121755.33526239,1535324.51830658],[12121763.88052861,1535312.08630745],[12121767.86482297,1535306.42109233],[12121773.94611478,1535310.93228167],[12121776.30523691,1535313.86980003],[12121776.35783563,1535320.1634329]]},"properties":null,"id":"f6f1a078-c657-4937-8695-728e7b9d2930"},{"type":"Feature","geometry":{"type":"LineString","coordinates":[[12121719.50625007,1535313.33235314],[12121714.77961169,1535319.05991397],[12121722.42196746,1535325.33592119],[12121727.2980734,1535329.5444962],[12121732.85877031,1535324.08682118]]},"properties":null,"id":"a4db56a8-f877-44d8-b2a1-dabc402fa552"},{"type":"Feature","geometry":{"type":"LineString","coordinates":[[12121727.2980734,1535329.5444962],[12121720.90180478,1535333.99098359],[12121718.66252712,1535330.81079376],[12121712.40919854,1535324.77726075],[12121714.77961169,1535319.05991397]]},"properties":null,"id":"92f058ce-7116-49eb-bec7-5315d5bba0fe"},{"type":"Feature","geometry":{"type":"LineString","coordinates":[[12121766.18738511,1535342.1178096],[12121760.31293588,1535330.36578224],[12121760.69520443,1535328.02832821],[12121774.23412509,1535320.33343009],[12121776.35783563,1535320.1634329],[12121776.95247522,1535326.79329888],[12121780.74303062,1535334.27570133]]},"properties":null,"id":"c15fc832-f4b8-4108-832f-19b4d8ec1cf6"},{"type":"Feature","geometry":{"type":"LineString","coordinates":[[12121593.69926377,1537188.55344528],[12121588.89573712,1537190.80827168],[12121580.71194762,1537188.13807987],[12121581.7794,1537172.47294982],[12121582.96545619,1537167.84461682],[12121583.38057404,1537161.67350692],[12121584.56663023,1537154.90901641],[12121590.31900319,1537160.8427795]]},"properties":{"color":"#c026d3"},"id":"d9936ce0-3853-47dd-8a48-106bcb068b02"},{"type":"Feature","geometry":{"type":"LineString","coordinates":[[12121590.31900319,1537160.8427795],[12121592.51320758,1537160.84277497],[12121594.94462186,1537161.25814321]]},"properties":{"color":"#c026d3"},"id":"ae07a335-452a-4d67-a375-f931a4c59b5b"},{"type":"Feature","geometry":{"type":"LineString","coordinates":[[12121580.71194762,1537188.13807987],[12121573.12118848,1537182.20431848],[12121575.1374849,1537174.07506569],[12121576.32354335,1537166.30183991],[12121578.81425953,1537155.20570445],[12121584.56663023,1537154.90901641]]},"properties":{"color":"#c026d3"},"id":"33c3015a-f10f-4c4e-9540-189e7ff334f9"},{"type":"Feature","geometry":{"type":"LineString","coordinates":[[12121601.76444494,1537188.37543064],[12121598.97721471,1537183.27239724],[12121593.69926377,1537188.55344528],[12121589.96318724,1537181.31425662],[12121587.53177069,1537166.30184218],[12121590.31900319,1537160.8427795],[12121594.70740972,1537173.89705106],[12121597.25743233,1537175.26182012],[12121598.85860638,1537174.49042714],[12121602.89119922,1537174.84645641],[12121603.24701517,1537177.51664878],[12121607.87263611,1537179.89015311],[12121612.32034681,1537185.5272259],[12121612.73546467,1537187.66338116]]},"properties":{"color":"#c026d3"},"id":"83709700-0db3-44af-99a7-79b3a894956b"},{"type":"Feature","geometry":{"type":"LineString","coordinates":[[12121598.85860638,1537174.49042714],[12121595.0632302,1537168.14130486],[12121594.94462186,1537161.25814321],[12121604.6702835,1537168.79401991],[12121612.43895062,1537170.63348486],[12121613.62500681,1537178.82207662]]},"properties":{"color":"#c026d3"},"id":"e6068a14-f6f3-43a8-9b74-ab2b947d1924"},{"type":"Feature","geometry":{"type":"LineString","coordinates":[[12121548.69334261,1537139.52202891],[12121546.77937692,1537133.06747965],[12121552.23771751,1537129.0245234],[12121558.97202983,1537123.13740906],[12121561.73663793,1537127.32222133]]},"properties":{"color":"#c026d3"},"id":"dede7dff-1b31-4d70-b099-425226db5972"},{"type":"Feature","geometry":{"type":"LineString","coordinates":[[12121549.26043935,1537141.93361922],[12121548.69334261,1537139.52202891],[12121551.59972895,1537138.81273796],[12121561.73663793,1537127.32222133],[12121563.57971721,1537129.16637943],[12121559.61001299,1537137.89066027],[12121555.92386525,1537141.15339755],[12121556.98717772,1537142.71383818]]},"properties":{"color":"#c026d3"},"id":"beca3bd0-89d5-44d4-87dd-528a71fc4c77"},{"type":"Feature","geometry":{"type":"LineString","coordinates":[[12121577.49874547,1537154.85255492],[12121576.16392128,1537141.755593],[12121581.32861522,1537138.9216813],[12121587.71506262,1537138.97724736],[12121595.54540162,1537145.81197827],[12121592.10227515,1537147.09001472],[12121589.32555466,1537153.14681065],[12121588.8677523,1537159.34576618]]},"properties":{"color":"#c026d3"},"id":"d1fc1bd4-3da3-498b-8c31-8918a52e2da5"},{"type":"Feature","geometry":{"type":"LineString","coordinates":[[12121552.66304142,1537150.8706841],[12121551.31617788,1537148.38816578],[12121556.98717772,1537142.71383818],[12121563.09901279,1537152.0608128]]},"properties":{"color":"#c026d3"},"id":"6a7d9f7d-bd2a-43f1-bb36-d9ca37699a60"},{"type":"Feature","geometry":{"type":"LineString","coordinates":[[12121547.4882519,1537151.22532958],[12121546.14138835,1537147.96258959],[12121548.26801329,1537146.47307697],[12121551.31617788,1537148.38816578]]},"properties":{"color":"#c026d3"},"id":"e1f6e466-5770-4035-b8b1-f4cb0a6707d7"},{"type":"Feature","geometry":{"type":"LineString","coordinates":[[12121577.07306347,1537150.67586929],[12121581.15302212,1537152.43873842],[12121584.34301743,1537150.21830779],[12121589.32555466,1537153.14681065]]},"properties":{"color":"#c026d3"},"id":"941e1c81-929a-4a2f-b70f-b2353f06f602"},{"type":"Feature","geometry":{"type":"LineString","coordinates":[[12121564.107161,1537159.83403857],[12121553.3719164,1537157.89266288],[12121547.4882519,1537151.22532958],[12121552.66304142,1537150.8706841],[12121563.50786805,1537155.21325032]]},"properties":{"color":"#c026d3"},"id":"8987fed1-d082-47a0-a6f2-56113799bbb1"},{"type":"Feature","geometry":{"type":"LineString","coordinates":[[12121568.19905575,1537164.2843592],[12121564.107161,1537159.83403857],[12121563.09901279,1537152.0608128],[12121565.94554719,1537151.88279816],[12121569.08859789,1537152.59485218]]},"properties":{"color":"#c026d3"},"id":"c25b4c19-adcb-4a83-93c2-1791a33c80d9"},{"type":"Feature","geometry":{"type":"LineString","coordinates":[[12121573.12118848,1537182.20431848],[12121570.57116813,1537179.35611034],[12121568.5548717,1537174.90579085],[12121568.19905575,1537164.2843592],[12121570.27465408,1537162.08886724],[12121569.08859789,1537152.59485218],[12121578.81425953,1537155.20570445]]},"properties":{"color":"#c026d3"},"id":"b39da628-85f1-4096-8b6e-3f334a0eef0f"},{"type":"Feature","geometry":{"type":"LineString","coordinates":[[12121559.80233412,1537090.52810187],[12121557.01441173,1537093.45383401],[12121556.38151984,1537096.23045819],[12121562.66177763,1537098.8122335],[12121567.91966502,1537101.9298481],[12121569.34442936,1537104.36251731]]},"properties":{"color":"#c026d3"},"id":"a0c5aed8-8438-4259-b585-67fe6be7b55e"},{"type":"Feature","geometry":{"type":"LineString","coordinates":[[12121588.33125299,1537108.84408987],[12121590.91151512,1537108.6492382],[12121592.17730633,1537107.96725922],[12121590.52204033,1537099.15025193],[12121583.17073615,1537087.80018968],[12121580.44442004,1537087.84890167],[12121580.7852077,1537089.06671994]]},"properties":{"color":"#c026d3"},"id":"e9a33772-7dae-4be2-8330-8a6b7db7aa02"},{"type":"Feature","geometry":{"type":"LineString","coordinates":[[12121572.65495393,1537095.5455128],[12121568.66285033,1537091.94077182],[12121559.80233412,1537090.52810187],[12121559.65628014,1537085.41326511],[12121566.41045671,1537084.29583908],[12121571.424927,1537081.51921397],[12121575.17360608,1537085.12395402],[12121575.47863317,1537087.70276199]]},"properties":{"color":"#c026d3"},"id":"25e1368f-af08-47b7-8acf-f59c46c80650"},{"type":"Feature","geometry":{"type":"LineString","coordinates":[[12121571.424927,1537081.51921397],[12121573.87997108,1537070.53924144],[12121575.43885616,1537062.26027285],[12121579.03724552,1537058.39875839]]},"properties":{"color":"#c026d3"},"id":"6a9752f8-f5f9-4160-8b55-3524057dcd2b"},{"type":"Feature","geometry":{"type":"LineString","coordinates":[[12121573.77468746,1537095.44808883],[12121575.81942454,1537091.64849618],[12121575.47863317,1537087.70276199],[12121580.7852077,1537089.06671994],[12121582.34310315,1537096.32491761],[12121585.84836512,1537101.78074386],[12121588.33125299,1537108.84408987],[12121583.70625749,1537111.37714947]]},"properties":{"color":"#c026d3"},"id":"ef603964-f866-4fb3-b106-6b8861fd48c7"},{"type":"Feature","geometry":{"type":"LineString","coordinates":[[12121571.42936952,1537105.80386787],[12121571.97337491,1537102.51143483],[12121570.2694292,1537097.54273589],[12121572.65495393,1537095.5455128],[12121573.77468746,1537095.44808883],[12121578.54573693,1537101.92688169],[12121583.70625749,1537111.37714947],[12121582.19704917,1537111.47457716],[12121577.23126602,1537116.24842443]]},"properties":{"color":"#c026d3"},"id":"1fdbbc7e-113a-4e7e-93fd-50b6b53c6ce1"},{"type":"Feature","geometry":{"type":"LineString","coordinates":[[12121564.93144036,1537122.02544436],[12121568.12732527,1537116.68683976],[12121568.17601241,1537113.1308089],[12121569.49048333,1537111.66942697],[12121569.34442936,1537104.36251731],[12121572.02205833,1537106.21360258],[12121577.23126602,1537116.24842443],[12121570.75627454,1537123.21434553],[12121563.57971721,1537129.16637943]]},"properties":{"color":"#c026d3"},"id":"e8eb548d-7da1-4481-b5aa-52dc7ff361c3"},{"type":"Feature","geometry":{"type":"LineString","coordinates":[[12121560.7823629,1537125.87772659],[12121564.93144036,1537122.02544436],[12121558.97688944,1537112.16629908],[12121552.10079888,1537104.6478161],[12121549.12352612,1537106.77568894],[12121545.65003763,1537106.5628995],[12121546.99690118,1537109.25820727],[12121549.54885003,1537109.25820727],[12121555.07807705,1537115.99647129]]},"properties":{"color":"#c026d3"},"id":"d0df97dc-9bc2-413c-989f-babfd2081f89"},{"type":"Feature","geometry":{"type":"LineString","coordinates":[[12121667.14879056,1537185.91073401],[12121661.18696382,1537195.48880231],[12121654.07857698,1537203.15703161],[12121641.86102544,1537201.26775996],[12121628.31064501,1537191.48798204],[12121624.42324225,1537191.26571778],[12121618.64767582,1537163.14885653],[12121616.2041689,1537158.25897075],[12121608.98470662,1537152.48000674],[12121597.43356529,1537147.1455882],[12121585.1049468,1537129.47530401],[12121595.21219229,1537117.13945107],[12121606.13011727,1537111.55238803]]},"properties":{"color":"#c026d3"},"id":"b96c1ca8-fef9-484c-85b7-82d9eca5e71d"},{"type":"Feature","geometry":{"type":"LineString","coordinates":[[12121544.81984495,1537155.59933249],[12121566.59416622,1537181.36746519],[12121569.86504013,1537197.24318122],[12121569.06930188,1537208.02815714],[12121577.38838963,1537205.13286151],[12121592.07339995,1537202.9613898],[12121607.40946532,1537208.1005398],[12121622.96255825,1537220.26078225],[12121648.13686008,1537239.22496637],[12121667.59629991,1537248.85182376],[12121681.41323314,1537262.60447866],[12121695.01313882,1537267.74362797],[12121706.44285177,1537267.09218811],[12121711.7236697,1537262.31494868],[12121711.28962564,1537247.83847057],[12121705.86413003,1537233.81439565],[12121696.17058229,1537221.94368249],[12121694.86846114,1537217.6731231],[12121691.32380842,1537202.68996771],[12121690.51459385,1537193.43850374]]},"properties":{"color":"#c026d3"},"id":"f377a444-aab5-4f47-a176-ea7a3a710b0c"},{"type":"Feature","geometry":{"type":"LineString","coordinates":[[12121540.36433462,1537220.65675985],[12121543.90216062,1537217.41777896],[12121553.81689729,1537214.36989975],[12121562.05926296,1537210.12677115],[12121569.06930188,1537208.02815714]]},"properties":{"color":"#c026d3"},"id":"ce1bb8f0-bad6-408e-bf39-f9a5649772e8"},{"type":"Feature","geometry":{"type":"LineString","coordinates":[[12121513.04947149,1537258.16438613],[12121512.40734685,1537254.77197835],[12121512.71556785,1537251.66227179],[12121514.79605129,1537249.78616681],[12121517.08201539,1537249.60626719],[12121519.34229294,1537251.12257],[12121521.14024192,1537254.18087624],[12121519.59914279,1537256.49388141],[12121515.92618908,1537258.26718577],[12121513.04947149,1537258.16438613]]},"properties":{"color":"#c026d3"},"id":"906717e6-f2e5-45db-af97-d58c92eef32c"},{"type":"Feature","geometry":{"type":"LineString","coordinates":[[12121709.37757561,1537342.70706127],[12121698.08635205,1537338.84411994],[12121688.12068798,1537333.92353751],[12121676.15577833,1537326.38099555],[12121668.6326791,1537319.21193433],[12121659.9930078,1537311.09228772],[12121647.54318437,1537299.54218489],[12121637.03618971,1537288.91618166],[12121629.38281986,1537281.94263855],[12121595.06973788,1537251.48295322],[12121578.35703895,1537237.32572751],[12121569.09371198,1537230.86513025],[12121559.04675832,1537226.44939234],[12121513.91944534,1537212.45731381]]},"properties":{"color":"#c026d3"},"id":"6b4bbb7b-479f-4f3d-b1e6-cf5d10497f95"},{"type":"Feature","geometry":{"type":"LineString","coordinates":[[12121513.04947149,1537258.16438613],[12121512.76062551,1537262.78507124],[12121511.68998917,1537266.8082653],[12121514.23572556,1537267.5224417],[12121519.04169243,1537266.49878859],[12121525.15621664,1537265.6655828],[12121524.49004218,1537260.690154],[12121522.89598435,1537256.42890205],[12121521.14024192,1537254.18087624]]},"properties":{"color":"#c026d3"},"id":"76a01c67-7ec2-4e1b-ad20-27ce769ce4ca"},{"type":"Feature","geometry":{"type":"LineString","coordinates":[[12121518.93733318,1537334.01029007],[12121519.52442496,1537338.57789799],[12121524.09899486,1537339.65285832],[12121527.87647719,1537340.48508661],[12121530.26773198,1537340.51976223],[12121535.26237504,1537345.15621063],[12121539.35176028,1537346.85534217],[12121541.39645687,1537346.71663768],[12121538.55467535,1537339.67737815],[12121535.38229408,1537331.527243],[12121533.02569987,1537328.78782345],[12121531.43153265,1537328.30235938],[12121528.19608994,1537332.16690575]]},"properties":{"color":"#c026d3"},"id":"96eec2a4-d1f4-41c3-9c50-55343879254f"},{"type":"Feature","geometry":{"type":"LineString","coordinates":[[12121513.04947149,1537258.16438613],[12121513.04947149,1537258.16438613]]},"properties":{"color":"#c026d3"},"id":"2f79ca36-e6b0-4945-8668-3a12bdd5b314"},{"type":"Feature","geometry":{"type":"LineString","coordinates":[[12121512.31313632,1537346.45242585],[12121513.31460103,1537347.83364366],[12121514.63258801,1537348.54797132],[12121515.17145046,1537351.21639923],[12121517.18990949,1537350.9060429],[12121520.7319966,1537351.89511265],[12121525.95703398,1537353.84557288],[12121531.74428499,1537357.15924517],[12121534.90176869,1537360.37630722],[12121537.38672151,1537362.38192046],[12121540.83270693,1537364.63480154],[12121542.90201051,1537358.6020969]]},"properties":{"color":"#c026d3"},"id":"363b8d5c-edfc-4283-af45-a57bd808f04b"},{"type":"Feature","geometry":{"type":"LineString","coordinates":[[12121540.83270693,1537364.63480154],[12121539.85881366,1537367.96838724],[12121536.9176032,1537371.11428474],[12121535.68026669,1537368.33371712],[12121533.73298283,1537364.72100918],[12121531.09603552,1537362.40725201],[12121525.42160699,1537358.74932253],[12121520.47795912,1537356.40203105],[12121514.55496884,1537354.8392302],[12121515.17145046,1537351.21639923]]},"properties":{"color":"#c026d3"},"id":"536f5ba7-dacb-4257-b3cb-0ed53f0619b0"},{"type":"Feature","geometry":{"type":"LineString","coordinates":[[12121514.24025053,1537115.86048876],[12121515.05150164,1537111.80185853],[12121516.094535,1537108.72889303],[12121522.58453946,1537109.59859974],[12121525.88748504,1537111.22205405],[12121527.97355617,1537113.13540838]]},"properties":{"color":"#c026d3"},"id":"350ed22c-ca44-49e2-87ed-5f78149a7cfe"},{"type":"Feature","geometry":{"type":"LineString","coordinates":[[12121538.53060329,1537117.24447391],[12121535.21686176,1537114.58491958],[12121529.24838061,1537114.23703556],[12121527.97355617,1537113.13540838],[12121527.22025504,1537115.68654565],[12121525.19212948,1537116.90413749]]},"properties":{"color":"#c026d3"},"id":"34fb2ea2-3205-4caa-97ed-3031b22d134a"},{"type":"Feature","geometry":{"type":"LineString","coordinates":[[12121542.24257866,1537127.1094373],[12121538.41951499,1537122.66380729],[12121542.7436567,1537120.25221698],[12121545.15382731,1537125.0753976],[12121546.77937692,1537133.06747965]]},"properties":{"color":"#c026d3"},"id":"13d757e2-a99e-4f3c-92b5-9ebc754e21c1"},{"type":"Feature","geometry":{"type":"LineString","coordinates":[[12121546.77937692,1537133.06747965],[12121545.36162695,1537134.06048265],[12121543.73121504,1537129.30823816],[12121542.24257866,1537127.1094373],[12121538.05188228,1537131.0647775],[12121532.38087972,1537135.88795001],[12121538.34376626,1537141.29525628]]},"properties":{"color":"#c026d3"},"id":"0a887af1-52d7-4858-9284-b234d52412b2"},{"type":"Feature","geometry":{"type":"LineString","coordinates":[[12121518.89656043,1537126.99104237],[12121522.46864834,1537128.55820992],[12121532.38087972,1537135.88795001]]},"properties":{"color":"#c026d3"},"id":"2430fe33-90f4-42bd-b0a1-604f73941a27"},{"type":"Feature","geometry":{"type":"LineString","coordinates":[[12121545.15382731,1537125.0753976],[12121551.32104289,1537118.19527215],[12121555.07807705,1537115.99647129],[12121558.97202983,1537123.13740906]]},"properties":{"color":"#c026d3"},"id":"c1cefe4a-a264-4daa-8bec-71eff74be390"},{"type":"Feature","geometry":{"type":"LineString","coordinates":[[12121551.31617788,1537148.38816578],[12121549.26043935,1537141.93361922],[12121547.9135758,1537143.21033968],[12121545.36162695,1537140.79874937],[12121543.87299057,1537136.47207566],[12121538.34376626,1537141.29525628],[12121546.14138835,1537147.96258959]]},"properties":{"color":"#c026d3"},"id":"1a8d54c4-183a-4237-aa09-69840eb37594"},{"type":"Feature","geometry":{"type":"LineString","coordinates":[[12121513.91944534,1537212.45731381],[12121523.20743819,1537201.52767281],[12121525.67416019,1537194.02822893],[12121520.83558872,1537181.59243887],[12121522.54331599,1537164.78989718],[12121527.38591465,1537152.48689025]]},"properties":{"color":"#c026d3"},"id":"dbe7612a-0707-4049-abd8-854d8986c9e8"},{"type":"Feature","geometry":{"type":"LineString","coordinates":[[12121527.38591465,1537152.48689025],[12121544.81984495,1537155.59933249]]},"properties":{"color":"#c026d3"},"id":"cacbb377-af6f-4ddd-8d07-5d64ffec10f7"},{"type":"Feature","geometry":{"type":"LineString","coordinates":[[12121518.96300298,1536848.33176513],[12121518.31649249,1536845.02544316],[12121519.32217486,1536842.50976739],[12121525.42809685,1536842.22226018],[12121535.55674283,1536845.74420845],[12121533.97638874,1536849.26615398],[12121531.17484697,1536851.8537134]]},"properties":{"color":"#c026d3"},"id":"5b14e81a-9ff8-4bb3-94de-0b09f77d3e1a"},{"type":"Feature","geometry":{"type":"LineString","coordinates":[[12121519.32217486,1536842.50976739],[12121516.59246636,1536840.13783975],[12121518.10098717,1536836.68776417],[12121523.775904,1536834.96273186],[12121533.04253966,1536837.90966845],[12121538.93295633,1536839.2753236],[12121535.55674283,1536845.74420845]]},"properties":{"color":"#c026d3"},"id":"a7a6c57b-86a9-4e60-b2d0-d3d9fef7e901"},{"type":"Feature","geometry":{"type":"LineString","coordinates":[[12121519.60951346,1536830.29622838],[12121517.81365405,1536827.99617891],[12121520.3996905,1536825.04924232],[12121531.74952417,1536825.62425401],[12121532.97070637,1536828.93057598],[12121531.46284245,1536831.80046092]]},"properties":{"color":"#c026d3"},"id":"f1dd5d5c-b180-4c2c-8c0f-8b3901ab199f"},{"type":"Feature","geometry":{"type":"LineString","coordinates":[[12121518.10098717,1536836.68776417],[12121517.95732061,1536833.31504314],[12121519.60951346,1536830.29622838],[12121534.33556062,1536832.16501978],[12121541.01615982,1536836.62136237],[12121538.93295633,1536839.2753236]]},"properties":{"color":"#c026d3"},"id":"a0146701-754f-4f44-ab0f-d1c06906189b"},{"type":"Feature","geometry":{"type":"LineString","coordinates":[[12121517.09531029,1536857.02882403],[12121526.57744578,1536861.62892297],[12121531.17484697,1536851.8537134],[12121518.96300298,1536848.33176513],[12121518.6038311,1536852.35684965],[12121517.09531029,1536857.02882403]]},"properties":{"color":"#c026d3"},"id":"0a7316f6-6507-4801-a2fa-475d439f032a"},{"type":"Feature","geometry":{"type":"LineString","coordinates":[[12121516.93580565,1536898.55414172],[12121526.57744578,1536861.62892297]]},"properties":{"color":"#c026d3"},"id":"a5bc2d92-92b0-4722-bb84-3b775e7d9e45"},{"type":"Feature","geometry":{"type":"LineString","coordinates":[[12121559.65628014,1537085.41326511],[12121557.57157005,1537078.69822227],[12121545.06951793,1537070.68752214]]},"properties":{"color":"#c026d3"},"id":"1f36838a-924e-4fe0-b781-ae33c3be20e4"},{"type":"Feature","geometry":{"type":"LineString","coordinates":[[12121519.62926724,1537103.51065273],[12121525.19212948,1537106.11977288],[12121526.23516283,1537109.83052242],[12121531.5662384,1537112.32368123],[12121534.1662651,1537111.17329067]]},"properties":{"color":"#c026d3"},"id":"c12613e3-18ad-4d74-8427-ba357669fa35"},{"type":"Feature","geometry":{"type":"LineString","coordinates":[[12121542.7436567,1537120.25221698],[12121540.47525351,1537117.27319445],[12121534.1662651,1537111.17329067],[12121538.27773675,1537107.48497989],[12121545.65003763,1537106.5628995]]},"properties":{"color":"#c026d3"},"id":"4c42179f-225a-4232-a480-92824b6207fd"},{"type":"Feature","geometry":{"type":"LineString","coordinates":[[12121508.16245034,1537292.86223748],[12121507.16410991,1537298.48303492],[12121517.47413981,1537299.20794821],[12121516.9168409,1537296.02947994],[12121517.84132958,1537294.06547121]]},"properties":{"color":"#c026d3"},"id":"64a4d3f7-f5c1-4c05-9230-f9e4b7e12c8c"},{"type":"Feature","geometry":{"type":"LineString","coordinates":[[12121507.16410991,1537298.48303492],[12121505.77086263,1537305.56488474],[12121511.67823451,1537306.62437275],[12121516.97257419,1537304.72844584],[12121521.16624723,1537301.98910821],[12121521.8907354,1537300.39987408],[12121518.82559137,1537300.20470478],[12121517.97014421,1537299.23075155],[12121517.47413981,1537299.20794821]]},"properties":{"color":"#c026d3"},"id":"d0935f23-1755-45ea-913d-1b547ef1d31a"},{"type":"Feature","geometry":{"type":"LineString","coordinates":[[12121503.55621546,1537313.84549327],[12121502.2366989,1537321.16947554],[12121502.67580991,1537328.81448957],[12121513.21447414,1537324.37686657],[12121517.60558424,1537324.15718223],[12121522.43580535,1537321.82852856],[12121521.38412178,1537316.87713616]]},"properties":{"color":"#c026d3"},"id":"01da028a-1e41-4a05-aa05-0c6e5143cbe8"},{"type":"Feature","geometry":{"type":"LineString","coordinates":[[12121505.77086263,1537305.56488474],[12121503.55621546,1537313.84549327],[12121510.23070147,1537314.81210303],[12121517.82732327,1537315.38328365],[12121521.38412178,1537316.87713616],[12121523.05274496,1537311.47289837],[12121525.59958681,1537308.0897592],[12121525.64350059,1537301.32348085],[12121521.8907354,1537300.39987408]]},"properties":{"color":"#c026d3"},"id":"92f9f191-7b49-4798-beae-1224e8043161"},{"type":"Feature","geometry":{"type":"LineString","coordinates":[[12121502.67580991,1537328.81448957],[12121502.8075412,1537332.37337605],[12121505.83740784,1537336.06407363],[12121512.42407299,1537331.9779444],[12121524.45571867,1537328.11150035],[12121522.43580535,1537321.82852856]]},"properties":{"color":"#c026d3"},"id":"8af151e3-23a6-4c86-bb6b-4449a9b96bf6"},{"type":"Feature","geometry":{"type":"LineString","coordinates":[[12121508.89875426,1537340.83600055],[12121510.6320868,1537344.77039072],[12121512.31313632,1537346.45242585],[12121514.34349262,1537345.79708755],[12121516.28652472,1537346.43058157],[12121519.10282544,1537347.30436596],[12121521.85363344,1537347.45727798],[12121529.86842723,1537351.32783991],[12121535.06439604,1537354.64822244],[12121536.35247251,1537356.37394612],[12121538.81946478,1537358.03413696],[12121542.90201051,1537358.6020969],[12121544.4957325,1537354.56084367],[12121543.72052178,1537352.45535476]]},"properties":{"color":"#c026d3"},"id":"d66c72f2-b887-4aab-9f1e-1ed215e500f1"},{"type":"Feature","geometry":{"type":"LineString","coordinates":[[12121508.90074997,1537339.59004073],[12121508.89875426,1537340.83600055],[12121511.33777294,1537340.80778164],[12121514.33596475,1537341.68850133],[12121517.30665063,1537341.24814096],[12121522.01023696,1537343.83525485],[12121526.93387068,1537345.2389011],[12121531.61772876,1537346.53802128],[12121534.45088083,1537347.69396476],[12121539.64958217,1537351.43702318],[12121543.72052178,1537352.45535476],[12121543.28041861,1537348.93247653],[12121542.34520463,1537346.56554334],[12121541.39645687,1537346.71663768]]},"properties":{"color":"#c026d3"},"id":"68c88dfa-20bc-471e-9409-423a8c009c79"},{"type":"Feature","geometry":{"type":"LineString","coordinates":[[12121508.90074997,1537339.59004073],[12121495.32102523,1537338.41098712],[12121495.81773093,1537344.81651266],[12121495.96456219,1537349.44439398],[12121495.30464709,1537352.96393825],[12121493.39584908,1537360.54852186],[12121492.25474194,1537368.67830832],[12121491.75874325,1537372.09081447],[12121498.9273031,1537374.03440313],[12121510.29803519,1537365.37931142],[12121513.53296645,1537357.06480629],[12121514.55496884,1537354.8392302]]},"properties":{"color":"#c026d3"},"id":"4c9b5435-9db0-4e36-9bb0-55ff44bdb342"},{"type":"Feature","geometry":{"type":"LineString","coordinates":[[12121505.83740784,1537336.06407363],[12121508.90074997,1537339.59004073],[12121515.44099085,1537334.70639892],[12121528.19608994,1537332.16690575],[12121524.45571867,1537328.11150035]]},"properties":{"color":"#c026d3"},"id":"940c945c-8591-4cb0-983c-6589a967d6a0"},{"type":"Feature","geometry":{"type":"LineString","coordinates":[[12121479.90045902,1537207.96572853],[12121500.32043575,1537216.15046075],[12121552.22415238,1537229.97165525],[12121568.33941086,1537238.55754263],[12121604.33715497,1537268.08463452],[12121670.4725245,1537329.6517515],[12121687.21565684,1537341.79764788],[12121698.6174371,1537346.76842992]]},"properties":{"color":"#c026d3"},"id":"6c44c1bf-602c-47a4-ab6c-7cc175df24b1"},{"type":"Feature","geometry":{"type":"LineString","coordinates":[[12121480.48460929,1537209.82893407],[12121489.92717942,1537214.64991458],[12121503.76064136,1537219.01376007],[12121518.88260229,1537222.26379704],[12121532.92049648,1537226.0139755],[12121542.05793759,1537228.96046445],[12121553.84704586,1537232.0287918],[12121558.80460196,1537234.31521756],[12121565.00580966,1537237.92902917],[12121571.02703887,1537242.57785279],[12121574.36615091,1537246.05529367],[12121580.53328398,1537251.37373303],[12121588.14228322,1537258.29504572],[12121599.84228139,1537267.24237386],[12121608.01969609,1537274.74273597],[12121617.18019336,1537282.6800042]]},"properties":{"color":"#c026d3"},"id":"ec9051c3-49c9-4495-8b22-46f138d3e07d"},{"type":"Feature","geometry":{"type":"LineString","coordinates":[[12121511.68998917,1537266.8082653],[12121508.92696331,1537270.96839087],[12121512.03040405,1537273.11818763],[12121516.87313552,1537273.49354849],[12121521.51124762,1537273.0158166],[12121523.0800196,1537273.86891065],[12121525.05803554,1537269.97880124],[12121525.15621664,1537265.6655828]]},"properties":{"color":"#c026d3"},"id":"4906318b-7007-483e-8a08-756d95fb6bdd"},{"type":"Feature","geometry":{"type":"LineString","coordinates":[[12121521.35523161,1537245.55258775],[12121525.29919675,1537257.47991181],[12121529.12910904,1537273.4658611],[12121532.48699653,1537283.60473105],[12121533.59312403,1537289.08591458],[12121535.16629803,1537302.18582206],[12121537.48317094,1537317.82804731],[12121541.69613586,1537329.33535004],[12121544.4553583,1537339.91857814],[12121549.71358986,1537350.45686177],[12121552.55642385,1537362.16952723],[12121550.50713647,1537376.10001316],[12121541.94164374,1537388.64908978],[12121533.62139073,1537395.50043848],[12121526.23066508,1537398.35133963],[12121518.73158306,1537401.9038714],[12121506.21294077,1537403.99747008],[12121503.19339769,1537402.66942045],[12121494.18708576,1537394.04196467],[12121488.60954191,1537385.54463139],[12121491.75874325,1537372.09081447]]},"properties":{"color":"#c026d3"},"id":"c104f494-abe2-4405-841f-c8e3d76c3a5f"},{"type":"Feature","geometry":{"type":"LineString","coordinates":[[12121450.59496526,1537237.81302274],[12121459.85405536,1537232.53516856],[12121470.77080354,1537224.35741961],[12121479.54293095,1537215.459079],[12121482.68836478,1537210.95407925]]},"properties":{"color":"#c026d3"},"id":"73f002fe-c2d1-4423-a935-2995354b2e2e"},{"type":"Feature","geometry":{"type":"LineString","coordinates":[[12121495.32102523,1537338.41098712],[12121494.53944954,1537320.76321844],[12121495.51009792,1537316.74885039],[12121498.13879005,1537313.41661366],[12121499.23379204,1537307.02216485],[12121501.74322707,1537299.47613152],[12121503.05239207,1537294.17700953],[12121503.18437886,1537290.65747859],[12121502.09517881,1537276.28773134],[12121505.00888226,1537263.64802137],[12121508.39750909,1537252.10378557],[12121514.97305574,1537247.46186956],[12121518.96679439,1537245.52437885],[12121521.35523161,1537245.55258775]]},"properties":{"color":"#c026d3"},"id":"d3f2e9d4-b787-4995-893d-7e740f0182d9"},{"type":"Feature","geometry":{"type":"LineString","coordinates":[[12121508.92696331,1537270.96839087],[12121507.44604056,1537273.41464512],[12121507.25334148,1537280.0024108],[12121514.06205892,1537279.9381409],[12121518.87954837,1537279.35970196],[12121523.0800196,1537273.86891065]]},"properties":{"color":"#c026d3"},"id":"adf1956b-14aa-4792-bab1-f7a764922e95"},{"type":"Feature","geometry":{"type":"LineString","coordinates":[[12121507.25334148,1537280.0024108],[12121506.64312566,1537282.63751794],[12121506.72912004,1537286.24192272],[12121509.5553815,1537285.79202604],[12121512.99185633,1537286.17765159],[12121520.02539141,1537284.28166],[12121518.6764929,1537281.13238689],[12121518.87954837,1537279.35970196]]},"properties":{"color":"#c026d3"},"id":"3e7d3a85-7c2f-48f0-9054-c34f1b36f53d"},{"type":"Feature","geometry":{"type":"LineString","coordinates":[[12121506.72912004,1537286.24192272],[12121508.16245034,1537292.86223748],[12121512.67925886,1537292.86223748],[12121517.84132958,1537294.06547121],[12121517.72400938,1537291.0720619],[12121519.63045529,1537287.60909867],[12121520.02539141,1537284.28166]]},"properties":{"color":"#c026d3"},"id":"a082abde-2236-4ad1-8c38-4d7219626bbb"},{"type":"Feature","geometry":{"type":"LineString","coordinates":[[12121472.2444064,1536912.97281146],[12121483.39336732,1536923.51120022],[12121487.26464043,1536918.42601149],[12121487.41407458,1536916.54203536],[12121487.02554487,1536914.89729509],[12121481.16119851,1536908.43712828],[12121473.77914989,1536907.30076478],[12121470.46171212,1536911.03881085],[12121472.2444064,1536912.97281146]]},"properties":{"color":"#c026d3"},"id":"ab426ea2-160c-43db-9fcc-bc3f65da66ca"},{"type":"Feature","geometry":{"type":"LineString","coordinates":[[12121462.61066732,1536983.97878028],[12121471.45196983,1536966.97327188],[12121481.04877748,1536942.0665169],[12121498.21327336,1536921.1241265],[12121505.32185803,1536910.57759105],[12121514.39733656,1536906.85213087],[12121516.93580565,1536898.55414172]]},"properties":{"color":"#c8c8c8"},"id":"991ad3b3-cab1-4940-a9ef-e435cebe57a8"},{"type":"Feature","geometry":{"type":"LineString","coordinates":[[12121472.2444064,1536912.97281146],[12121470.46171212,1536911.03881085],[12121467.1596166,1536914.04743401],[12121468.01143251,1536925.52161914],[12121469.01490143,1536930.50926741],[12121472.7507553,1536934.09779164],[12121473.766908,1536934.24731349],[12121474.93249487,1536933.52960818],[12121483.39336732,1536923.51120022]]},"properties":{"color":"#c026d3"},"id":"f285a5a6-792a-4f83-8978-1d755235a47e"},{"type":"Feature","geometry":{"type":"LineString","coordinates":[[12121462.61066732,1536983.97878028],[12121457.81585823,1536994.58102548],[12121464.25118574,1537015.79217735],[12121464.25118574,1537015.79217735],[12121464.25118574,1537015.79217735]]},"properties":{"color":"#c026d3"},"id":"b88eff77-66d6-4b8d-9671-7105384345a1"},{"type":"Feature","geometry":{"type":"LineString","coordinates":[[12121516.094535,1537108.72889303],[12121508.97091251,1537108.35908131]]},"properties":{"color":"#c026d3"},"id":"958da37b-7afd-4293-8aa4-82458c899024"},{"type":"Feature","geometry":{"type":"LineString","coordinates":[[12121484.82828276,1537018.20794518],[12121490.57619951,1537034.55735865],[12121500.52716844,1537048.65244498],[12121507.82613662,1537067.71213671],[12121509.87340297,1537074.57006459],[12121518.59655791,1537079.37951969],[12121521.05905782,1537082.61069182]]},"properties":{"color":"#c026d3"},"id":"9018515e-38cf-43b7-94d2-4d3a776852bc"},{"type":"Feature","geometry":{"type":"LineString","coordinates":[[12121690.51459385,1537193.43850374],[12121683.42527738,1537189.0955603],[12121667.14879056,1537185.91073401],[12121663.96585968,1537178.83596171],[12121617.91736119,1537137.91265455],[12121608.35629746,1537122.55876186],[12121605.8552537,1537110.1934454],[12121605.26678338,1537096.35606458],[12121598.05790971,1537081.48823394],[12121567.69604909,1537044.63150636],[12121552.24846746,1537056.62880743],[12121547.24639116,1537063.84190987],[12121543.64195433,1537075.17678072],[12121534.07916009,1537082.53708987],[12121521.05905782,1537082.61069182],[12121510.4664293,1537102.11550596],[12121508.33319071,1537111.02148143],[12121512.86464424,1537123.53169997],[12121518.89656043,1537126.99104237],[12121527.38591465,1537152.48689025]]},"properties":{"color":"#c026d3"},"id":"baded971-037e-4a90-88c7-ada194b911b9"},{"type":"Feature","geometry":{"type":"LineString","coordinates":[[12121516.094535,1537108.72889303],[12121515.97864387,1537106.87352047],[12121519.62926724,1537103.51065273],[12121510.91466461,1537101.29014459]]},"properties":{"color":"#c026d3"},"id":"f7e9082f-b871-4c1b-91ad-8cc9dd968982"},{"type":"Feature","geometry":{"type":"LineString","coordinates":[[12121538.41951499,1537122.66380729],[12121535.97016952,1537123.91977299],[12121531.85596841,1537127.10869762],[12121522.29480503,1537121.36863351],[12121511.39628546,1537119.47792581],[12121514.24025053,1537115.86048876],[12121523.56962725,1537115.91846943],[12121525.19212948,1537116.90413749],[12121526.87257283,1537120.38296435],[12121537.24498733,1537118.81749182],[12121539.37587039,1537116.21024571]]},"properties":{"color":"#c026d3"},"id":"5e02cd2b-c767-44db-abb2-fef11ba80265"},{"type":"Feature","geometry":{"type":"LineString","coordinates":[[12121573.34612762,1536630.63374797],[12121574.70429393,1536633.07433845],[12121576.89399378,1536632.35325383],[12121579.52717664,1536629.91266441],[12121583.43537604,1536628.47049729],[12121584.40549604,1536626.08537551],[12121584.26690747,1536620.76045133]]},"properties":{"color":"#c026d3"},"id":"6e914660-2e83-46b2-aa76-64079ed1cd33"},{"type":"Feature","geometry":{"type":"LineString","coordinates":[[12121574.70429393,1536633.07433845],[12121576.00702566,1536636.23601195],[12121577.83639438,1536638.81527179],[12121578.86195107,1536638.31606038],[12121580.41414265,1536636.29147959],[12121582.18807679,1536635.34852335],[12121585.59735649,1536635.34852335],[12121586.65063048,1536634.51650451],[12121585.62507167,1536633.85088965],[12121583.98972822,1536630.1900042],[12121583.43537604,1536628.47049729]]},"properties":{"color":"#c026d3"},"id":"4ee33ef5-2998-4a63-8212-46c75eadc22c"},{"type":"Feature","geometry":{"type":"LineString","coordinates":[[12121585.62507167,1536633.85088965],[12121589.33881663,1536632.7679634],[12121590.10956298,1536631.41836684],[12121592.75211653,1536632.29973596],[12121595.0368273,1536638.24897618],[12121594.21102853,1536639.57102933],[12121593.41409478,1536639.98972112]]},"properties":{"color":"#c026d3"},"id":"6fb697f7-5204-4896-a412-282823166cda"},{"type":"Feature","geometry":{"type":"LineString","coordinates":[[12121577.83639438,1536638.81527179],[12121579.85978625,1536642.80370596],[12121580.24783468,1536645.77124035],[12121581.30110867,1536647.86535992],[12121581.91089753,1536651.83131845],[12121585.56963497,1536652.33052986],[12121589.22837241,1536653.71722881],[12121592.30504038,1536648.53097452],[12121593.41374895,1536643.47458059]]},"properties":{"color":"#c026d3"},"id":"3ec4b340-2dcc-4e83-8dd9-2e563c7c6cfa"},{"type":"Feature","geometry":{"type":"LineString","coordinates":[[12121579.79291784,1536637.10176605],[12121586.15170866,1536640.42384289],[12121593.41374895,1536643.47458059],[12121594.07897663,1536642.08788164],[12121592.99798324,1536638.67660242],[12121591.00230866,1536636.76295745],[12121589.3392458,1536637.06803185],[12121586.65063048,1536634.51650451]]},"properties":{"color":"#c026d3"},"id":"f86e6815-13e7-498e-bee9-6481e77145eb"},{"type":"Feature","geometry":{"type":"LineString","coordinates":[[12121582.38518086,1536545.47379718],[12121582.08028431,1536551.71394246],[12121577.3405556,1536554.29320283]]},"properties":{"color":"#c026d3"},"id":"390516c0-aed1-4eea-b35e-1f2abee05fbe"},{"type":"Feature","geometry":{"type":"LineString","coordinates":[[12121582.08028431,1536551.71394246],[12121584.55530367,1536552.37352823],[12121591.26299179,1536554.81411818],[12121592.84290066,1536549.96067079]]},"properties":{"color":"#c026d3"},"id":"523f2dcc-7aca-4966-ac1c-00106d36c754"},{"type":"Feature","geometry":{"type":"LineString","coordinates":[[12121577.3405556,1536554.29320283],[12121579.31665736,1536559.91717022],[12121582.5041945,1536559.27928891],[12121589.82167149,1536561.63667713],[12121589.98797736,1536557.58751555],[12121591.26299179,1536554.81411818]]},"properties":{"color":"#c026d3"},"id":"deb4ee49-ec51-4d95-a3ec-499c1204f335"},{"type":"Feature","geometry":{"type":"LineString","coordinates":[[12121579.31665736,1536559.91717022],[12121580.95200293,1536562.30229305],[12121581.97755751,1536565.32529666],[12121582.22701736,1536569.98460493],[12121581.86668623,1536571.53770786],[12121585.58086036,1536571.48196488],[12121590.04341194,1536572.31398425],[12121589.54449435,1536566.82265661],[12121589.82167149,1536561.63667713]]},"properties":{"color":"#c026d3"},"id":"5c42547b-093c-4022-a73c-7b9289275be7"},{"type":"Feature","geometry":{"type":"LineString","coordinates":[[12121581.86668623,1536571.53770786],[12121582.03299209,1536574.69162062],[12121580.92428352,1536577.88102821],[12121583.80692623,1536578.38023962],[12121589.04557465,1536577.65915659],[12121590.04341194,1536572.31398425]]},"properties":{"color":"#c026d3"},"id":"dd2f65d9-b3f0-4761-8ca3-1517e1ba267a"},{"type":"Feature","geometry":{"type":"LineString","coordinates":[[12121580.92428352,1536577.88102821],[12121579.85649986,1536581.51548664],[12121579.49617084,1536585.64784994],[12121580.29998498,1536589.28100104],[12121584.34677084,1536588.47671522],[12121588.97562828,1536588.55991774],[12121589.55770197,1536582.87445204],[12121589.04557465,1536577.65915659]]},"properties":{"color":"#c026d3"},"id":"11741298-5b69-442f-b636-c7467da600a7"},{"type":"Feature","geometry":{"type":"LineString","coordinates":[[12121580.29998498,1536589.28100104],[12121581.32553956,1536591.99893051],[12121581.1592337,1536594.02351024],[12121582.96088513,1536598.04493773],[12121586.23157414,1536599.20976506],[12121588.53214527,1536599.37616957],[12121589.44683069,1536595.71528412],[12121588.97562828,1536588.55991774]]},"properties":{"color":"#c026d3"},"id":"65c564e3-a274-4f10-a74a-637418f35028"},{"type":"Feature","geometry":{"type":"LineString","coordinates":[[12121582.96088513,1536598.04493773],[12121579.88421715,1536605.69951658],[12121578.52605084,1536609.49907192],[12121575.94830257,1536612.43887328],[12121572.42815371,1536613.40956254],[12121571.13835081,1536617.84886152],[12121570.77801968,1536620.56679178],[12121571.38781066,1536621.53748105],[12121572.38564795,1536620.1507821],[12121573.77153367,1536619.51290026],[12121575.40687923,1536615.40827158],[12121577.56885968,1536612.91221346],[12121584.77546539,1536615.46373975],[12121585.6624314,1536614.43758231],[12121585.30210449,1536611.47004422],[12121587.21462509,1536603.0943834],[12121588.53214527,1536599.37616957]]},"properties":{"color":"#c026d3"},"id":"aea749a5-1e74-45af-a5cf-56ba0875d8cb"},{"type":"Feature","geometry":{"type":"LineString","coordinates":[[12121571.38781066,1536621.53748105],[12121572.20970176,1536626.86192698],[12121573.34612762,1536630.63374797],[12121577.61465393,1536624.31040043],[12121578.11357363,1536620.92685478],[12121579.33315348,1536619.9006984],[12121584.26690747,1536620.76045133],[12121584.6272386,1536617.51557662],[12121584.77546539,1536615.46373975]]},"properties":{"color":"#c026d3"},"id":"339b5d87-a3b9-4e9b-af0e-d2b9bbfbae6a"},{"type":"Feature","geometry":{"type":"LineString","coordinates":[[12121601.40597919,1536223.95169016],[12121599.70061384,1536209.06996104]]},"properties":{"color":"#c026d3"},"id":"952d6335-ad96-42af-b968-25530f87a6ec"},{"type":"Feature","geometry":{"type":"LineString","coordinates":[[12121570.96547708,1536509.66923118],[12121574.54106265,1536514.35627301],[12121576.64761062,1536520.51321657],[12121587.54067106,1536519.23745237],[12121587.56839047,1536513.80159343],[12121586.20712035,1536510.55951526]]},"properties":{"color":"#c026d3"},"id":"83c485ca-74b4-4fcb-8434-294cf0f34c8b"},{"type":"Feature","geometry":{"type":"LineString","coordinates":[[12121564.70313805,1536506.53435884],[12121567.0295625,1536506.11928208],[12121568.55403679,1536509.33642322],[12121570.96547708,1536509.66923118],[12121571.93559708,1536508.17159589],[12121574.3193222,1536507.8942561],[12121581.08244279,1536509.47509312],[12121583.10583678,1536510.9449938],[12121587.56839047,1536510.39031422],[12121584.43628791,1536503.84509453],[12121580.77755048,1536503.23494783],[12121575.42802866,1536503.26268139],[12121570.12463983,1536500.01018587]]},"properties":{"color":"#c026d3"},"id":"76cc0a72-c6d0-47fc-9e77-0c80a973f1ba"},{"type":"Feature","geometry":{"type":"LineString","coordinates":[[12121676.5392793,1536484.12358081],[12121665.80454497,1536483.64224903],[12121654.53572697,1536480.52351779],[12121645.1850294,1536482.44273631],[12121632.23788576,1536504.51377218],[12121619.05098393,1536511.47094961],[12121607.54240774,1536506.91279762],[12121597.47241729,1536479.56390395],[12121590.35663142,1536477.31363074]]},"properties":{"color":"#c026d3"},"id":"ad328b81-84c9-4db6-9472-f7a88208f5da"},{"type":"Feature","geometry":{"type":"LineString","coordinates":[[12121576.64761062,1536520.51321657],[12121577.53457875,1536522.73193383],[12121577.14653033,1536526.03227776],[12121577.97806176,1536526.00454262],[12121582.96725244,1536530.19237462],[12121586.59827047,1536526.97523189],[12121586.29337816,1536523.5639532],[12121587.54067106,1536519.23745237]]},"properties":{"color":"#c026d3"},"id":"0526c966-81cb-4004-aec2-07793498752b"},{"type":"Feature","geometry":{"type":"LineString","coordinates":[[12121577.14653033,1536526.03227776],[12121576.01010658,1536530.77478776],[12121574.62422087,1536538.5680365],[12121578.2829583,1536538.95631263],[12121582.82866387,1536540.62035138],[12121583.52160672,1536535.98877666],[12121582.82866387,1536532.82710369],[12121582.96725244,1536530.19237462]]},"properties":{"color":"#c026d3"},"id":"1a20b5fc-d7a7-4184-a140-9eae489cbf58"},{"type":"Feature","geometry":{"type":"LineString","coordinates":[[12121583.41087357,1536536.72890822],[12121585.40641002,1536536.50001563],[12121587.12490746,1536537.19336511],[12121590.53418717,1536529.89932883],[12121589.34232461,1536526.54351779],[12121586.59827047,1536526.97523189]]},"properties":{"color":"#c026d3"},"id":"457feb59-bd03-4ac3-9b77-a24fdd78237c"},{"type":"Feature","geometry":{"type":"LineString","coordinates":[[12121587.12490746,1536537.19336511],[12121586.4596819,1536539.27341353],[12121587.48523859,1536542.3796194],[12121591.22713002,1536545.01434741],[12121593.86031076,1536545.0975494],[12121596.0304378,1536546.18885059],[12121592.84290066,1536549.96067079],[12121586.91130939,1536547.65875127],[12121582.36412835,1536545.9046671]]},"properties":{"color":"#c026d3"},"id":"777ee884-b62f-4cde-aed8-54097d5342bc"},{"type":"Feature","geometry":{"type":"LineString","coordinates":[[12121574.62422087,1536538.5680365],[12121573.98671259,1536544.17030101],[12121573.79268944,1536547.8311854],[12121577.3405556,1536554.29320283],[12121577.25740372,1536547.55384561],[12121578.11665244,1536546.13941098],[12121582.38518086,1536545.47379718],[12121582.38518086,1536542.42306054],[12121582.82866387,1536540.62035138]]},"properties":{"color":"#c026d3"},"id":"3e051924-3494-48d4-a494-a80c33ca3a64"},{"type":"Feature","geometry":{"type":"LineString","coordinates":[[12121541.0879931,1536784.94213566],[12121547.84042557,1536779.91077864],[12121555.72172297,1536778.77788313],[12121560.31911867,1536781.22168621],[12121560.84245209,1536788.895342]]},"properties":{"color":"#c026d3"},"id":"e881b9b9-9b6b-43da-816e-c5bcbf6774bb"},{"type":"Feature","geometry":{"type":"LineString","coordinates":[[12121538.57378992,1536795.14860056],[12121540.15414401,1536790.40475075],[12121541.0879931,1536784.94213566],[12121560.84245209,1536788.895342],[12121559.11842048,1536793.56731638],[12121559.11842048,1536799.67682133]]},"properties":{"color":"#c026d3"},"id":"561d8764-3082-4afc-9eb9-21acb3309984"},{"type":"Feature","geometry":{"type":"LineString","coordinates":[[12121533.04254513,1536800.68309383],[12121538.57378992,1536795.14860056],[12121545.9008996,1536796.44237753],[12121559.11842048,1536799.67682133],[12121563.64398838,1536803.63003042],[12121564.07499902,1536807.22385686]]},"properties":{"color":"#c026d3"},"id":"fd5466ec-ae9b-49d4-9f9c-cfede173511c"},{"type":"Feature","geometry":{"type":"LineString","coordinates":[[12121530.02549804,1536806.86448107],[12121533.04254513,1536800.68309383],[12121535.55674831,1536800.25183576],[12121558.54374327,1536808.51763657],[12121564.07499902,1536807.22385686],[12121565.00883715,1536815.34590544],[12121560.77061333,1536820.37726247]]},"properties":{"color":"#c026d3"},"id":"1930cf62-5543-4d83-b509-ebee36ad2bec"},{"type":"Feature","geometry":{"type":"LineString","coordinates":[[12121537.70997877,1536826.17038783],[12121540.58514918,1536820.30539252],[12121550.49829531,1536826.63052651],[12121549.63628499,1536829.50558766],[12121545.3262224,1536830.29622838]]},"properties":{"color":"#c026d3"},"id":"ee2f72ad-27b1-4f22-a432-370e84ce188a"},{"type":"Feature","geometry":{"type":"LineString","coordinates":[[12121520.3996905,1536825.04924232],[12121520.61519583,1536821.02415781],[12121525.35626357,1536816.99907054],[12121536.05958675,1536824.6898542],[12121532.39280504,1536827.36592178]]},"properties":{"color":"#c026d3"},"id":"92a1b44b-2c4e-47ac-b427-be48358a2d8c"},{"type":"Feature","geometry":{"type":"LineString","coordinates":[[12121536.05958675,1536824.6898542],[12121540.22597729,1536828.42743973],[12121545.3262224,1536830.29622838],[12121543.45852423,1536835.1838318],[12121541.01615982,1536836.62136237]]},"properties":{"color":"#c026d3"},"id":"661f8e4a-929d-4c68-9d0a-68db663cc21b"},{"type":"Feature","geometry":{"type":"LineString","coordinates":[[12121525.64360217,1536811.60833088],[12121530.02549804,1536806.86448107],[12121560.77061333,1536820.37726247],[12121557.25072231,1536824.04296982],[12121550.49829531,1536826.63052651]]},"properties":{"color":"#c026d3"},"id":"e4fb84f7-6188-4fe7-855b-9fffe91e7f62"},{"type":"Feature","geometry":{"type":"LineString","coordinates":[[12121525.35626357,1536816.99907054],[12121525.64360217,1536811.60833088],[12121540.58514918,1536820.30539252]]},"properties":{"color":"#c026d3"},"id":"41335550-833e-48c3-ac2e-99a1086d1441"},{"type":"Feature","geometry":{"type":"LineString","coordinates":[[12121601.40597919,1536223.95169016],[12121604.35378019,1536235.39228137],[12121594.79576354,1536243.16831306],[12121581.12870295,1536245.67094308],[12121557.57591294,1536246.70631738],[12121540.60374112,1536247.24259385],[12121514.64940668,1536250.24700588]]},"properties":{"color":"#c026d3"},"id":"1eaa4265-3dfa-4a3d-88ab-3e6ce2820575"},{"type":"Feature","geometry":{"type":"LineString","coordinates":[[12121521.95414495,1536263.03879038],[12121539.93481881,1536264.86270923],[12121551.43222793,1536269.31187401],[12121559.6287272,1536271.22906415],[12121571.0049657,1536266.83798756],[12121581.58876745,1536258.94840527],[12121587.76275248,1536257.98980919],[12121592.60614118,1536255.91285371],[12121601.28165334,1536256.65842799],[12121605.61832432,1536258.0127624]]},"properties":{"color":"#c026d3"},"id":"af453e9b-8d0e-4fda-91f8-2a8a4692e6a7"},{"type":"Feature","geometry":{"type":"LineString","coordinates":[[12121603.71871143,1536284.83966831],[12121586.24500818,1536316.94313321],[12121572.39105209,1536338.73532611],[12121567.08661054,1536351.03636516],[12121555.04241558,1536386.44087664],[12121547.07563697,1536397.01379097]]},"properties":{"color":"#c026d3"},"id":"69b8e3d3-ba8b-471a-a467-c2cb02500ee0"},{"type":"Feature","geometry":{"type":"LineString","coordinates":[[12121590.35663142,1536477.31363074],[12121553.83574934,1536455.8135576],[12121548.32123773,1536471.40722295],[12121534.21974917,1536489.63050763]]},"properties":{"color":"#c026d3"},"id":"282015f4-aaf6-4d82-883f-4cd361c52b04"},{"type":"Feature","geometry":{"type":"LineString","coordinates":[[12121547.48990088,1536497.11209074],[12121547.48990088,1536497.11209074],[12121547.76707802,1536484.18805799],[12121552.47908945,1536479.25141099],[12121556.47044284,1536473.92648574],[12121561.07158087,1536477.25456323],[12121559.83121358,1536478.33618883],[12121558.14043343,1536484.79820574],[12121552.984939,1536490.87195022],[12121551.59905329,1536494.3386976],[12121553.42842201,1536500.66204461],[12121549.90827314,1536500.05189739],[12121547.48990088,1536497.11209074]]},"properties":{"color":"#c026d3"},"id":"46ce11c4-d877-45fa-92d7-b7255bb5843f"},{"type":"Feature","geometry":{"type":"LineString","coordinates":[[12121553.42842201,1536500.66204461],[12121556.22791073,1536501.29992618],[12121556.83770382,1536498.69293199],[12121556.47737269,1536493.72854985],[12121558.86109358,1536487.87668069],[12121564.23833269,1536484.32673159],[12121561.8546118,1536480.22210237],[12121561.07158087,1536477.25456323]]},"properties":{"color":"#c026d3"},"id":"3027a383-b73a-4a59-92dd-a4060b663ccb"},{"type":"Feature","geometry":{"type":"LineString","coordinates":[[12121556.22791073,1536501.29992618],[12121558.35931067,1536502.91829742],[12121561.60228239,1536497.64884194],[12121564.54036179,1536493.15593712],[12121566.64690554,1536492.01884334],[12121564.9284081,1536490.29933643],[12121564.01503137,1536486.82874772],[12121564.23833269,1536484.32673159]]},"properties":{"color":"#c026d3"},"id":"573d3789-aa8e-47a6-b850-1df9c5aeb9fd"},{"type":"Feature","geometry":{"type":"LineString","coordinates":[[12121526.66070277,1536568.89785446],[12121536.19855362,1536566.84121208],[12121536.59299039,1536559.79042643],[12121538.08630155,1536553.75141988],[12121543.03103472,1536541.55559705],[12121546.13024552,1536532.37548269],[12121546.5483782,1536518.38628678],[12121541.76635012,1536510.11087607],[12121532.628108,1536503.90400128],[12121530.53061818,1536501.09761583],[12121530.52332577,1536495.86990169],[12121534.21974917,1536489.63050763]]},"properties":{"color":"#c026d3"},"id":"8d511582-22d1-49e3-98bd-beb9eb76f6f0"},{"type":"Feature","geometry":{"type":"LineString","coordinates":[[12121558.35931067,1536502.91829742],[12121564.62482447,1536506.6448872],[12121567.25800309,1536502.92853412],[12121570.74373453,1536499.37992327],[12121571.82472792,1536498.29829872],[12121569.21926024,1536495.33076275],[12121566.64690554,1536492.01884334]]},"properties":{"color":"#c026d3"},"id":"6980f28b-a787-4da9-8ff1-4708d9fd6a6c"},{"type":"Feature","geometry":{"type":"LineString","coordinates":[[12121517.29334521,1536057.69597137],[12121518.82232906,1536060.26137862],[12121518.56072646,1536062.99792358],[12121541.10692032,1536064.6808772],[12121550.66731888,1536064.87124627],[12121548.95312082,1536059.64299712],[12121543.13669716,1536051.85618761],[12121537.64064158,1536046.41129277]]},"properties":{"color":"#c026d3"},"id":"b03efca9-c131-4d86-9607-ac608d2bdc42"},{"type":"Feature","geometry":{"type":"LineString","coordinates":[[12121505.37603668,1536089.96832159],[12121506.92091352,1536084.66468891],[12121510.58637453,1536073.36398609],[12121511.67049834,1536069.67138998]]},"properties":{"color":"#c026d3"},"id":"087525e1-5af8-458a-be55-e63689da2b54"},{"type":"Feature","geometry":{"type":"LineString","coordinates":[[12121506.31525417,1536050.68825957],[12121508.66071275,1536050.45478718],[12121511.45210158,1536050.50651011],[12121513.49395207,1536052.21336115],[12121515.38072574,1536055.96325936],[12121517.29334521,1536057.69597137],[12121537.64064158,1536046.41129277],[12121526.81779054,1536038.24578296]]},"properties":{"color":"#c026d3"},"id":"4bd80569-526c-42e7-b331-d2aa845f0d09"},{"type":"Feature","geometry":{"type":"LineString","coordinates":[[12121518.56072646,1536062.99792358],[12121517.24979765,1536064.78900259],[12121513.65635064,1536067.05988129],[12121511.67049834,1536069.67138998],[12121534.52660097,1536074.86262554],[12121551.21036887,1536077.87751523],[12121550.66731888,1536064.87124627]]},"properties":{"color":"#c026d3"},"id":"206fc55b-1ee1-4fb7-be28-75b01a12617c"},{"type":"Feature","geometry":{"type":"LineString","coordinates":[[12121552.58754485,1536096.14340991],[12121551.21036887,1536077.87751523]]},"properties":{"color":"#c026d3"},"id":"4a953e78-21a6-44f1-87d4-049b719bcb22"},{"type":"Feature","geometry":{"type":"LineString","coordinates":[[12121529.11002666,1536137.53248378],[12121540.89594779,1536136.39718696],[12121551.21337373,1536136.90058851],[12121552.45527618,1536143.39064967],[12121556.03831681,1536151.59460713],[12121562.11368639,1536158.80325413],[12121570.68647086,1536167.44092346],[12121577.19195253,1536175.18752708],[12121584.06556659,1536185.36831047],[12121588.08844189,1536194.92343517],[12121591.31430098,1536204.06873256],[12121594.59392356,1536209.93248186],[12121599.90302018,1536210.83624319]]},"properties":{"color":"#c026d3"},"id":"20a06629-e329-4131-9ebb-60007ab12ae2"},{"type":"Feature","geometry":{"type":"LineString","coordinates":[[12121505.37603668,1536089.96832159],[12121528.51670119,1536094.270748],[12121543.86032563,1536095.36736383],[12121552.58754485,1536096.14340991]]},"properties":{"color":"#c026d3"},"id":"5eac21d0-20b5-49da-928e-36ea1eec9623"},{"type":"Feature","geometry":{"type":"LineString","coordinates":[[12121551.21337373,1536136.90058851],[12121549.78622566,1536128.96333745],[12121551.30349238,1536113.0988819],[12121552.58754485,1536096.14340991]]},"properties":{"color":"#c026d3"},"id":"0dd8446b-e2e6-476c-b8ad-b3393ca78173"},{"type":"Feature","geometry":{"type":"LineString","coordinates":[[12121551.27694753,1536395.42815828],[12121556.93834633,1536387.75126978],[12121562.33203533,1536370.7258848],[12121569.13414744,1536351.75454628],[12121574.75004008,1536337.46491429],[12121586.8428019,1536317.95745844],[12121597.40424744,1536300.20860534],[12121618.67226998,1536259.36914401],[12121628.5307327,1536243.37867779],[12121637.08002714,1536232.56256585],[12121651.56471001,1536222.54554351]]},"properties":{"color":"#c026d3"},"id":"baa38086-faa1-4d9e-b28d-908fecbcd7be"},{"type":"Feature","geometry":{"type":"LineString","coordinates":[[12121526.66070277,1536568.89785446],[12121522.77863163,1536585.15519027],[12121521.60085027,1536593.67379999],[12121516.82215201,1536605.77198742],[12121509.75671981,1536617.67839301],[12121505.99418116,1536627.746894],[12121503.8344502,1536640.98600158]]},"properties":{"color":"#c8c8c8"},"id":"4d1a2b98-1139-4252-90cc-48ccc92be64c"},{"type":"Feature","geometry":{"type":"LineString","coordinates":[[12121459.32788098,1536693.33159173],[12121460.94468561,1536683.54083559],[12121463.98068331,1536671.51711133],[12121469.17696418,1536660.60561313],[12121480.48066204,1536651.88099475],[12121483.54172731,1536650.34535548]]},"properties":{"color":"#c026d3"},"id":"9589eca4-51b5-46b9-b9be-fd61646f3d60"},{"type":"Feature","geometry":{"type":"LineString","coordinates":[[12121467.65561569,1536672.56609959,707.97632811],[12121472.81527409,1536661.8427246,707.65213664],[12121503.8344502,1536640.98600158,702.9798069],[12121501.94328714,1536648.11252455,0],[12121493.54630286,1536679.75511673,703.86153201],[12121490.39613368,1536679.15628077,0],[12121467.65561569,1536672.56609959,707.97632811]]},"properties":{"name":"Nhóm 32","color":"#2563eb"},"id":"b307a160-401a-4c33-929a-2ae02993bf50"},{"type":"Feature","geometry":{"type":"LineString","coordinates":[[12121467.65561569,1536672.56609959,707.97632811],[12121459.94562776,1536706.34017603,706.9686328],[12121479.58166476,1536713.05793466,0],[12121485.30532096,1536714.3208544,703.10846099],[12121487.35960929,1536702.75291095,0],[12121493.54630286,1536679.75511673,703.86153201]]},"properties":{"name":"Nhóm 33","color":"#2563eb"},"id":"8aff93f2-55b1-49de-b2de-c218b46a9ab2"},{"type":"Feature","geometry":{"type":"LineString","coordinates":[[12121457.83869498,1536819.91802359],[12121463.37709241,1536828.05214468],[12121465.0903731,1536831.80792019],[12121465.77152555,1536831.95796995],[12121470.13637563,1536826.70792428],[12121473.60684999,1536822.92674611],[12121477.37886847,1536814.98825485],[12121479.55087179,1536809.66580829],[12121478.88442602,1536808.67646741],[12121474.91614992,1536800.90951195],[12121466.93125459,1536796.84580491],[12121468.44358277,1536792.37750423]]},"properties":{"color":"#2563eb"},"id":"8d90731b-c270-49c0-b1b5-52e3d200da99"},{"type":"Feature","geometry":{"type":"LineString","coordinates":[[12121736.33142849,1536807.56250645],[12121738.77869586,1536819.26644298],[12121732.30433971,1536859.21511053],[12121726.13828175,1536881.88866882],[12121730.15807838,1536917.03985891],[12121720.1382342,1536972.25845977],[12121708.42273819,1536991.38445836],[12121693.93248788,1537000.48472429],[12121668.18920061,1536994.932021],[12121653.39066386,1536970.25331618],[12121641.82930519,1536960.69031689],[12121615.77771972,1536948.19672493],[12121585.56403808,1536947.57976084],[12121572.46116492,1536939.86766558],[12121556.89187093,1536938.78797107],[12121537.46877895,1536953.90367659],[12121519.43306413,1536958.37669419],[12121508.85610201,1536973.7988169],[12121487.73734645,1536989.68573195],[12121484.82828276,1537018.20794518]]},"properties":{"color":"#c026d3"},"id":"28f3bb39-1eff-4287-a786-1f69231caeee"},{"type":"Feature","geometry":{"type":"LineString","coordinates":[[12121459.94562776,1536706.34017603,706.9686328],[12121451.53210065,1536738.37288731,705.7118782],[12121461.90707719,1536742.06650425,704.75694792],[12121476.67694723,1536742.01036676,701.28930956],[12121485.30532096,1536714.3208544,703.10846099]]},"properties":{"name":"Nhóm 34","color":"#2563eb"},"id":"631c7859-78a4-4b15-9e31-b6f8aff436da"},{"type":"Feature","geometry":{"type":"LineString","coordinates":[[12121479.10816491,1536734.21069488,701.80175161],[12121520.83646635,1536750.58178534,694.53636728],[12121512.54948941,1536799.89358596,689.35136319],[12121460.55490185,1536791.03319516,699.11075808]]},"properties":{"name":"Nhóm 44","color":"#2563eb"},"id":"bf3a37ce-bb12-494e-b84a-4a54a5c927b5"},{"type":"Feature","geometry":{"type":"LineString","coordinates":[[12121429.20684378,1536841.74582345,694.34527716],[12121434.02533419,1536847.36270504,0],[12121437.42235519,1536851.8384183,691.706765],[12121438.66883185,1536855.07036048,0],[12121439.41274768,1536858.10751192,690.88085489],[12121448.53709026,1536853.20813439,0],[12121457.47659275,1536849.20243553,693.74286129],[12121454.73848077,1536838.70034366,0],[12121454.507061,1536832.44083688,0],[12121453.1463422,1536828.52647407,695.25778867],[12121451.70370015,1536821.61857057,695.8412308]]},"properties":{"name":"Nhóm 42","color":"#2563eb"},"id":"40a59eb0-7f49-424a-8d95-9cab33df1235"},{"type":"Feature","geometry":{"type":"LineString","coordinates":[[12121444.23511545,1536518.13761414],[12121454.20417611,1536499.59487493],[12121462.21147994,1536488.15545737],[12121475.09000506,1536466.55256626],[12121488.72247328,1536448.85506911],[12121505.28538134,1536433.1413038],[12121521.69893513,1536420.11919753],[12121539.32487811,1536407.76576958],[12121551.27694753,1536395.42815828]]},"properties":{"color":"#c026d3"},"id":"433c0fc1-f990-4c3c-a8ca-fc35a85ea651"},{"type":"Feature","geometry":{"type":"LineString","coordinates":[[12121460.94558678,1536480.95644519],[12121476.71516907,1536455.95100732],[12121484.58070098,1536445.81726753],[12121496.2140315,1536436.00040609],[12121507.96778731,1536427.76520909],[12121538.83874942,1536404.89927944],[12121547.07563697,1536397.01379097]]},"properties":{"color":"#c026d3"},"id":"54912b26-8b3d-429b-acbb-9ebfbebfcd79"},{"type":"Feature","geometry":{"type":"LineString","coordinates":[[12121455.97782891,1536482.96568549],[12121455.97782891,1536482.96568549]]},"properties":{"color":"#c026d3"},"id":"eae31478-2076-4436-a9ad-74afc15040d3"},{"type":"Feature","geometry":{"type":"LineString","coordinates":[[12121457.81242302,1536486.26441645],[12121460.94558678,1536480.95644519]]},"properties":{"color":"#c026d3"},"id":"c4f862d2-239e-4599-a1f4-8e3c7ecc2376"},{"type":"Feature","geometry":{"type":"LineString","coordinates":[[12121455.97782891,1536482.96568549],[12121455.97782891,1536482.96568549]]},"properties":{"color":"#c026d3"},"id":"17fa8c89-ccbd-4651-9673-744e43ff78ba"},{"type":"Feature","geometry":{"type":"LineString","coordinates":[[12121432.38123189,1536502.41807754],[12121437.61769188,1536495.88669551],[12121444.16933685,1536490.32446224],[12121449.5297764,1536487.74199382],[12121452.02451723,1536489.06033878]]},"properties":{"color":"#c026d3"},"id":"12700704-d2ff-4cc6-afb3-19beaba7ce29"},{"type":"Feature","geometry":{"type":"LineString","coordinates":[[12121460.63979477,1536518.37182081],[12121462.14555303,1536527.92815917],[12121468.53543621,1536530.94229964],[12121479.398239,1536532.58637942],[12121491.35644756,1536534.41313164],[12121509.00082201,1536542.34584377],[12121519.01630076,1536549.76003506],[12121521.54653244,1536556.43456854],[12121524.99514792,1536567.80208811],[12121526.66070277,1536568.89785446]]},"properties":{"color":"#c026d3"},"id":"4920273b-cb9d-4aa0-bfaa-a84b61c1127c"},{"type":"Feature","geometry":{"type":"LineString","coordinates":[[12121444.23511545,1536518.13761414],[12121451.6287534,1536520.38602111],[12121455.98244226,1536519.17864128],[12121468.16021636,1536517.06901409],[12121482.43635885,1536512.9681909],[12121491.08803033,1536510.38571507],[12121494.61413018,1536510.0219862],[12121497.59495667,1536509.69463104],[12121501.92079519,1536508.13059717],[12121509.83645483,1536502.16313822],[12121525.78251217,1536488.61394457],[12121532.66221738,1536492.25955024]]},"properties":{"color":"#c026d3"},"id":"77dde3ae-93a8-4533-bada-4579ca489ed8"},{"type":"Feature","geometry":{"type":"LineString","coordinates":[[12121483.54172731,1536650.34535548],[12121492.64954756,1536644.52281239],[12121498.22351902,1536639.13624494],[12121500.65319879,1536634.2740321],[12121503.91304116,1536623.86697498],[12121506.81912887,1536615.71561949],[12121512.12628938,1536606.84856652],[12121516.06280514,1536599.1210405],[12121519.16360698,1536586.88105929],[12121520.64047087,1536577.25197147],[12121520.80228521,1536565.31278441],[12121519.03957729,1536558.01946242],[12121514.12699727,1536549.94987937],[12121504.20212713,1536543.81385371],[12121495.43622029,1536539.38065853],[12121482.29194463,1536536.3415025],[12121466.23699482,1536534.95910803],[12121456.47063203,1536532.71867643],[12121457.17795466,1536518.97153566]]},"properties":{"color":"#c026d3"},"id":"63b4136c-c04c-4a59-b5f1-2b72a0232393"},{"type":"Feature","geometry":{"type":"LineString","coordinates":[[12121506.92091352,1536084.66468891],[12121494.53739203,1536078.29440983],[12121485.580233,1536082.69339462],[12121479.49922343,1536075.95102526],[12121489.94384051,1536064.77500452],[12121491.05737239,1536061.10746789],[12121489.54126501,1536051.7304451],[12121488.69531,1536044.58066636]]},"properties":{"color":"#c026d3"},"id":"868dc43a-4e3a-4611-9f69-2f778acf94ff"},{"type":"Feature","geometry":{"type":"LineString","coordinates":[[12121529.11002666,1536137.53248378],[12121521.73707627,1536113.44060463],[12121514.11257772,1536096.47054309],[12121505.37603668,1536089.96832159]]},"properties":{"color":"#c026d3"},"id":"84221e4d-a1b0-4f3b-b20a-929f4fbeaccf"},{"type":"Feature","geometry":{"type":"LineString","coordinates":[[12121529.11002666,1536137.53248378],[12121538.88913404,1536168.99007942],[12121538.04579582,1536191.86369472],[12121529.32258602,1536206.81095825],[12121511.00385043,1536207.68379028],[12121491.91198591,1536208.39035126],[12121487.98654316,1536220.28269647],[12121491.58487053,1536234.79354191],[12121507.09805382,1536239.3646287],[12121530.21456478,1536234.78225536],[12121552.70859043,1536235.3277759],[12121562.30412454,1536237.72806709],[12121582.91270935,1536233.47300524],[12121601.40597919,1536223.95169016]]},"properties":{"color":"#c026d3"},"id":"5e22c9f4-6afb-493e-80c5-d545d4a9fc9b"},{"type":"Feature","geometry":{"type":"LineString","coordinates":[[12121447.2479304,1536473.81092171],[12121454.14078823,1536476.75391457],[12121457.15861191,1536475.80590189],[12121459.04353279,1536473.63452721],[12121466.61614065,1536460.99977338],[12121475.4897788,1536446.16153324],[12121485.86427865,1536435.83190597],[12121499.20006676,1536424.86408453],[12121515.1227916,1536414.89970457],[12121528.17659635,1536405.05991505],[12121535.31643869,1536399.20529397],[12121541.82609955,1536390.5692593]]},"properties":{"color":"#c026d3"},"id":"add94300-e254-45b7-a817-3a16c2c7bd52"},{"type":"Feature","geometry":{"type":"LineString","coordinates":[[12121462.36635732,1536199.81383643],[12121462.36635732,1536199.81383643],[12121475.00996076,1536208.01991721],[12121478.25629666,1536241.35709591],[12121496.88001382,1536253.15333214],[12121514.64940668,1536250.24700588],[12121514.64940668,1536250.24700588],[12121514.64940668,1536250.24700588]]},"properties":{"color":"#c026d3"},"id":"c4d67316-e01d-4af5-a365-871f560324ee"},{"type":"Feature","geometry":{"type":"LineString","coordinates":[[12121475.00996076,1536208.01991721],[12121481.81204673,1536193.20313487],[12121501.47495937,1536192.41615598],[12121527.00852226,1536193.73484303],[12121527.08601263,1536176.3262913],[12121514.18091226,1536137.95928053]]},"properties":{"color":"#c026d3"},"id":"8e7e5019-4a4c-43f2-811c-11301c42e1d4"},{"type":"Feature","geometry":{"type":"LineString","coordinates":[[12121442.31477851,1536482.41553058],[12121453.68706138,1536462.57952141],[12121462.85250219,1536442.96482937],[12121472.81830402,1536431.03310163],[12121477.26509528,1536425.27076914],[12121479.75319407,1536411.81821217],[12121503.64510873,1536400.11219352],[12121532.9170459,1536386.84731802],[12121541.82609955,1536390.5692593],[12121545.72182671,1536385.73652978],[12121550.66540268,1536375.77689327],[12121554.23123909,1536364.96075548],[12121561.9885159,1536342.8279604],[12121566.92947584,1536330.74374361],[12121578.73449944,1536313.6965965],[12121589.46050495,1536297.41687397],[12121597.01781431,1536283.54944654],[12121604.09968,1536263.75309013],[12121605.61832432,1536258.0127624]]},"properties":{"color":"#c026d3"},"id":"f2577d18-f5b3-49e1-8280-45070486ce6d"},{"type":"Feature","geometry":{"type":"LineString","coordinates":[[12121462.36635732,1536199.81383643],[12121457.66267652,1536206.85595016],[12121455.02817573,1536213.66599641],[12121452.70102619,1536224.27367634],[12121458.69947496,1536242.69255955],[12121462.04578404,1536251.67283077],[12121466.10480663,1536260.08703406],[12121472.77596942,1536265.52023598],[12121479.86084926,1536273.90288978],[12121484.06692602,1536283.61218294],[12121477.99803891,1536292.89907429],[12121473.18553514,1536300.06606822],[12121472.7938217,1536310.25663982],[12121475.00848397,1536316.33771177],[12121493.88177973,1536321.97642444],[12121502.81337327,1536327.45555231],[12121509.08674396,1536325.3809305],[12121514.02815762,1536323.8394738],[12121521.09899963,1536312.13648355],[12121521.95168034,1536298.70029374],[12121520.83523267,1536286.3057595],[12121519.72124961,1536276.55042336],[12121521.95414495,1536263.03879038],[12121521.12254327,1536249.49769098]]},"properties":{"color":"#c026d3"},"id":"e51cbdbf-c620-45b0-9496-bf30118d7bdc"},{"type":"Feature","geometry":{"type":"LineString","coordinates":[[12121455.97782891,1536482.96568549],[12121461.02783686,1536474.64112595],[12121468.97829848,1536460.99022711],[12121474.08597692,1536451.53972992],[12121479.48468456,1536445.29265879],[12121487.57412023,1536437.09564268],[12121497.75361747,1536429.48541018],[12121513.33955887,1536417.85176598],[12121526.086341,1536408.80994857],[12121537.00234791,1536399.75947141],[12121546.90422003,1536388.70230731],[12121552.75101959,1536378.99451797],[12121556.81885068,1536366.6385134],[12121561.60442046,1536352.29608017],[12121567.75280012,1536335.84123592],[12121573.93372357,1536326.66406047],[12121583.06006454,1536312.52801833],[12121590.25647628,1536301.21525708],[12121593.90850191,1536295.73827081],[12121598.92571886,1536286.29877597],[12121605.11325956,1536272.14429493],[12121610.20035921,1536259.09039741],[12121614.35071774,1536247.7590484],[12121614.93833174,1536241.62222218],[12121614.64962491,1536230.97181922]]},"properties":{"color":"#c026d3"},"id":"3280897e-af2d-4bd9-a434-90cadc5f5e5c"},{"type":"Feature","geometry":{"type":"LineString","coordinates":[[12121597.06543003,1535875.20731227],[12121597.26386751,1535866.77378336]]},"properties":{"color":"#c026d3"},"id":"9ee82ff9-03a5-4bd6-9b69-ae104d8e26a8"},{"type":"Feature","geometry":{"type":"LineString","coordinates":[[12121640.03932827,1535962.55757593],[12121638.70289328,1535953.50327052],[12121636.77872582,1535942.78588776],[12121633.56869746,1535933.17438536],[12121629.49192472,1535926.03584838],[12121621.1834453,1535915.61951264],[12121611.47579611,1535902.61448625],[12121603.99366947,1535892.52215979],[12121601.24153097,1535887.60759524],[12121598.65906313,1535881.17717077],[12121597.84088062,1535875.13350296]]},"properties":{"color":"#c026d3"},"id":"ee0afcaa-17f3-4f53-9672-cbcbce45b7eb"},{"type":"Feature","geometry":{"type":"LineString","coordinates":[[12121597.93974046,1535867.87377117],[12121597.84088062,1535875.13350296]]},"properties":{"color":"#c026d3"},"id":"c599d367-59cc-4909-ad5e-b5b85240af97"},{"type":"Feature","geometry":{"type":"LineString","coordinates":[[12121557.88160248,1536141.2124667],[12121558.99117217,1536147.84348836],[12121562.64423107,1536153.80472623],[12121573.2543152,1536163.1399193],[12121590.05890764,1536184.93032641],[12121599.70061384,1536209.06996104],[12121609.56361908,1536206.21673525],[12121608.05001143,1536199.22479212],[12121600.61290469,1536164.04444249],[12121600.67902728,1536151.98075691],[12121602.67390836,1536144.14523198],[12121605.93205374,1536137.10363515],[12121610.51131738,1536128.35817615],[12121615.70331737,1536118.07725625],[12121621.40802111,1536106.6820433],[12121626.3207519,1536096.36765274],[12121630.63663908,1536085.13279538],[12121633.35058382,1536076.76278048],[12121634.83771102,1536066.18534447],[12121636.01514405,1536055.0796961],[12121636.7107434,1536045.00118874],[12121637.57864478,1536033.10831531],[12121638.78683659,1536017.11297154],[12121639.48676789,1536004.19292878],[12121639.89503696,1535987.8635166],[12121639.84879047,1535975.6190235],[12121638.60645805,1535961.76081603],[12121637.02905133,1535949.8045219],[12121634.20540219,1535938.40456029],[12121630.24831935,1535930.32863011],[12121623.55491959,1535920.85584184],[12121611.96436687,1535905.31176707],[12121604.40694919,1535894.86988055],[12121600.60392306,1535888.40213001],[12121597.62040786,1535881.61457907],[12121597.06543003,1535875.20731227]]},"properties":{"color":"#c026d3"},"id":"ea50a596-7234-4022-a8b6-56109176ae10"},{"type":"Feature","geometry":{"type":"LineString","coordinates":[[12121532.84150328,1536027.84165779],[12121539.61391607,1536033.67006233],[12121541.1651854,1536038.06790066],[12121538.67669096,1536039.65241745],[12121537.12855566,1536039.20838245]]},"properties":{"color":"#c026d3"},"id":"d50c1f1a-67d0-48b3-9506-4166535d8de4"},{"type":"Feature","geometry":{"type":"LineString","coordinates":[[12121581.89874224,1535526.34794155],[12121578.27715727,1535524.96013713],[12121576.37646669,1535522.49293037],[12121573.92400919,1535518.0601741],[12121571.25276854,1535517.26347218],[12121568.42741826,1535518.03447442],[12121566.24419304,1535521.24698373],[12121564.00959763,1535521.01568267],[12121562.23733304,1535518.29147516],[12121565.98734302,1535516.05556652],[12121568.19625284,1535513.8196618],[12121568.88040682,1535510.78084714]]},"properties":null,"id":"2c9032a1-dedc-46ef-bf32-be97fbf88b61"},{"type":"Feature","geometry":{"type":"LineString","coordinates":[[12121559.66475536,1535517.00559774],[12121561.26462537,1535518.11984951],[12121562.23733304,1535518.29147516]]},"properties":null,"id":"b436c86a-3c66-476c-af35-1269de6a377c"},{"type":"Feature","geometry":{"type":"LineString","coordinates":[[12121546.24915097,1535517.58821416],[12121554.86471241,1535521.56936305],[12121570.98359238,1535527.36756865],[12121581.01600084,1535532.7165953]]},"properties":{"color":"#c026d3"},"id":"806a202d-b2c0-4682-836f-3201d01fe814"},{"type":"Feature","geometry":{"type":"LineString","coordinates":[[12121579.33330352,1535598.0967174],[12121600.64064407,1535611.07814074],[12121605.70072906,1535615.29734872],[12121612.36106561,1535629.04707219],[12121616.70511046,1535649.05362917],[12121625.65865463,1535685.03600072],[12121623.8810384,1535720.01399052],[12121629.38757141,1535737.75784832],[12121634.08522282,1535745.0543054],[12121647.79327598,1535733.90055485],[12121659.24175956,1535733.74982791],[12121664.81537142,1535731.26284344],[12121668.05660863,1535726.51345794],[12121676.14357216,1535697.39162444],[12121676.76039692,1535689.08336129],[12121675.64990194,1535675.96236439],[12121675.89880585,1535672.38182492],[12121674.56560776,1535666.49561969],[12121673.99612506,1535663.74151568],[12121666.02339986,1535653.05748828],[12121662.89125769,1535652.82006549],[12121659.07508949,1535650.73890792],[12121652.74859181,1535643.5790181],[12121644.86601473,1535630.07516905],[12121636.32605072,1535611.72242264],[12121631.5455269,1535604.06067733],[12121624.38857717,1535597.51605039],[12121615.47765861,1535593.30046467],[12121605.11728469,1535592.64286132],[12121592.0357071,1535595.0141031],[12121579.33330352,1535598.0967174]]},"properties":{"color":"#c026d3"},"id":"25bb53d4-569d-4887-96a3-c4f2dce3f48a"},{"type":"Feature","geometry":{"type":"LineString","coordinates":[[12121597.93974046,1535867.87377117],[12121598.5058674,1535859.84039699],[12121600.91927017,1535851.9307679],[12121604.42078474,1535846.83761748],[12121611.53204544,1535838.11859286],[12121620.95987226,1535828.13530881],[12121629.64350023,1535817.7961818],[12121637.19951699,1535808.3706614],[12121642.96533551,1535800.97662202],[12121645.61353688,1535797.51168793],[12121650.51955995,1535792.45979995],[12121655.81692147,1535787.22465233],[12121660.55215566,1535783.65574608],[12121676.39048147,1535771.15278186],[12121682.96989146,1535764.87268675],[12121685.94468871,1535761.88858714],[12121690.79267467,1535754.56902817],[12121696.00151015,1535742.7806435],[12121699.61214076,1535731.478837],[12121702.29941728,1535715.3115686],[12121704.36343576,1535697.18258599],[12121705.58861891,1535685.23825113],[12121705.50204902,1535676.05631863],[12121703.94782316,1535667.11422021],[12121700.60261664,1535658.28398943],[12121693.78788013,1535647.5405405],[12121684.28561717,1535633.0495347],[12121681.5586263,1535628.32863495],[12121678.01876135,1535620.07846804],[12121677.58590534,1535611.28633604],[12121677.84433959,1535606.73134833]]},"properties":{"color":"#c026d3"},"id":"9590aabd-366b-43ce-a99c-4ceaeba6628d"},{"type":"Feature","geometry":{"type":"LineString","coordinates":[[12121566.24419304,1535521.24698373],[12121568.98511299,1535523.50147137],[12121573.04472261,1535524.37404785],[12121576.1106068,1535528.31807381],[12121581.04228117,1535529.16056076],[12121581.89874224,1535526.34794155]]},"properties":null,"id":"d60914f0-6215-428b-8f74-469f187fd181"},{"type":"Feature","geometry":{"type":"LineString","coordinates":[[12121583.52417699,1535520.02754281],[12121581.89874224,1535526.34794155],[12121586.88163313,1535528.01844639],[12121588.55115829,1535526.73344267],[12121588.29430827,1535522.80133146],[12121587.44113639,1535519.0040419]]},"properties":null,"id":"a5817a16-1f02-41bc-a6e1-7616bb4f81da"},{"type":"Feature","geometry":{"type":"LineString","coordinates":[[12121563.89421771,1535830.60830545],[12121562.99459224,1535827.35267051],[12121565.34873725,1535813.93331944],[12121567.16961723,1535806.74176814],[12121569.50649122,1535790.50894032],[12121575.2181507,1535769.85286332],[12121576.16049292,1535766.60734635],[12121576.4342349,1535750.07774395],[12121576.90527592,1535741.36124478],[12121578.21987594,1535732.61037703],[12121582.62398514,1535725.01107733],[12121591.26555092,1535711.06685761],[12121602.35114231,1535698.95120256],[12121620.73930781,1535684.16485937],[12121621.27858879,1535690.81987042],[12121619.88544881,1535710.86828045],[12121620.51932392,1535722.8238857],[12121624.11692128,1535734.1063896],[12121625.82463926,1535740.1318703],[12121626.02622445,1535747.80678193],[12121622.8804307,1535759.45304697],[12121617.77832432,1535773.07780091],[12121613.68878969,1535781.12676943],[12121608.6136116,1535797.60570042],[12121603.48130079,1535807.32383773],[12121594.01317299,1535816.11175193],[12121587.17288545,1535821.24198219],[12121582.7783774,1535822.10829983],[12121575.13859256,1535825.88546645],[12121563.89421771,1535830.60830545]]},"properties":{"color":"#c026d3"},"id":"beed6bd6-9d18-4d46-a9b7-ead040802f1b"},{"type":"Feature","geometry":{"type":"LineString","coordinates":[[12121597.26386751,1535866.77378336],[12121596.11361628,1535869.59877894],[12121591.82632676,1535872.6330322],[12121583.19945851,1535868.6047985],[12121577.36467086,1535861.47016614],[12121570.9337326,1535853.98915983],[12121564.44699958,1535845.53496187],[12121563.29675234,1535841.50672817],[12121568.24349122,1535834.07780475],[12121583.81330621,1535826.56025615],[12121595.99166098,1535820.46022073],[12121607.24925431,1535808.78631492],[12121612.09354906,1535798.99582707],[12121624.48179631,1535766.87702425],[12121630.06413607,1535752.65435664],[12121638.32501566,1535747.47519973],[12121648.20669963,1535741.82520856],[12121654.58535066,1535739.20947265],[12121662.53252283,1535736.90762625],[12121663.15993767,1535739.57567608],[12121658.45437425,1535750.56176691],[12121651.76201181,1535763.48515367],[12121648.01174373,1535769.63275102],[12121648.37773039,1535776.27672064],[12121651.79969724,1535785.55060238],[12121655.30273018,1535786.64921266],[12121648.76722543,1535791.93299841],[12121639.04379893,1535803.523425],[12121630.44243898,1535814.70945174],[12121617.25854952,1535830.21306462],[12121605.53707299,1535843.67308698],[12121600.31906638,1535851.39996194],[12121597.86792972,1535859.34712395],[12121597.26386751,1535866.77378336]]},"properties":{"color":"#c026d3"},"id":"8f0da864-4154-4963-ad43-f213cbd25d8b"},{"type":"Feature","geometry":{"type":"LineString","coordinates":[[12121544.76173367,1535486.00288306],[12121554.9241575,1535476.8742804],[12121564.31574885,1535474.34172823],[12121576.97108609,1535475.8079409],[12121585.46718617,1535481.72222625],[12121597.7228822,1535500.783019],[12121610.8201206,1535506.69016461],[12121614.87519717,1535509.41034644],[12121621.40775755,1535515.2489886],[12121628.32738497,1535523.76040286]]},"properties":{"color":"#c026d3"},"id":"812d5150-98b3-45b4-b3f6-76cffd863a48"},{"type":"Feature","geometry":{"type":"LineString","coordinates":[[12121549.92666168,1535513.38928825],[12121553.05872621,1535513.84342728],[12121554.51497502,1535514.94974783],[12121556.17809666,1535506.77902414],[12121556.62447756,1535498.07516934],[12121557.4065384,1535494.40542387],[12121559.12180994,1535490.57178045],[12121562.81637045,1535487.11790218],[12121570.82065082,1535485.55695539],[12121574.02979574,1535485.69187252],[12121578.23471544,1535489.25210568],[12121580.74270316,1535490.14255852],[12121583.68953324,1535488.17618139],[12121582.19454261,1535485.45642252],[12121578.1852499,1535483.45060113],[12121569.86225082,1535480.00997714],[12121564.49701352,1535479.67000728],[12121560.35181469,1535481.60783574],[12121555.63434123,1535485.62702342],[12121552.61530452,1535490.76632355],[12121552.1499059,1535499.38531607],[12121550.27348093,1535505.33988068],[12121549.92666168,1535513.38928825]]},"properties":null,"id":"8cc7bd7d-e569-4a6d-9652-7553d16c0c54"},{"type":"Feature","geometry":{"type":"LineString","coordinates":[[12121554.51497502,1535514.94974783],[12121554.65540293,1535515.84252417],[12121556.67574839,1535516.47944508],[12121559.66475536,1535517.00559774],[12121561.30975321,1535511.58420494],[12121562.91880806,1535508.0225645],[12121563.78808504,1535500.35873771],[12121566.60183554,1535495.72331621],[12121569.45246049,1535492.64947883],[12121571.86027224,1535490.96025366],[12121570.82065082,1535485.55695539]]},"properties":null,"id":"5577ac72-c5b1-4117-a00d-44aa877fcc30"},{"type":"Feature","geometry":{"type":"LineString","coordinates":[[12121571.86027224,1535490.96025366],[12121575.37512119,1535493.84024526],[12121578.8237226,1535496.95238035],[12121581.92343392,1535494.04469695],[12121583.05814879,1535493.98931335],[12121580.74270316,1535490.14255852]]},"properties":null,"id":"03d75da0-971b-4b91-92aa-217747caba90"},{"type":"Feature","geometry":{"type":"LineString","coordinates":[[12121580.76243593,1535499.88963408],[12121578.07381349,1535501.96846825],[12121577.54238195,1535505.48224124],[12121578.81643625,1535507.46038111],[12121580.57375161,1535509.65831429],[12121583.42938906,1535514.80147661],[12121585.45030105,1535509.79018995],[12121587.56687139,1535504.96006721]]},"properties":null,"id":"45bfe27c-e976-4599-8820-5060d6a2c0fc"},{"type":"Feature","geometry":{"type":"LineString","coordinates":[[12121577.41277257,1535495.67909111],[12121574.60979631,1535498.75860027],[12121572.10081829,1535502.67807244],[12121568.88040682,1535510.78084714],[12121572.50199179,1535512.01445052],[12121575.76730505,1535515.40153038],[12121576.71765131,1535517.97153685],[12121580.00533046,1535520.90134574],[12121583.52417699,1535520.02754281],[12121585.47466274,1535517.11094117]]},"properties":null,"id":"250ae642-7e47-486d-ab12-2b026ddf6642"},{"type":"Feature","geometry":{"type":"LineString","coordinates":[[12121581.92343392,1535494.04469695],[12121585.10677168,1535496.38641434],[12121588.86428357,1535500.24090675],[12121591.16138886,1535503.25935842],[12121590.41413817,1535504.81012353],[12121587.25907573,1535504.97627645],[12121584.62985738,1535501.87474727],[12121580.76243593,1535499.88963408],[12121578.8237226,1535496.95238035]]},"properties":null,"id":"baa847d8-4d65-4e7d-9d41-23359a50efde"},{"type":"Feature","geometry":{"type":"LineString","coordinates":[[12121591.16138886,1535503.25935842],[12121596.5577475,1535506.99300605],[12121599.34000036,1535508.34628286],[12121606.98838313,1535511.13095623],[12121614.45297798,1535515.02017851],[12121600.86002264,1535539.15495441],[12121586.86017039,1535535.53006437],[12121581.01600084,1535532.7165953],[12121581.04228117,1535529.16056076]]},"properties":null,"id":"7e2957a0-c21b-46be-bb86-eaaee36d039a"},{"type":"Feature","geometry":{"type":"LineString","coordinates":[[12121583.42938906,1535514.80147661],[12121585.69455543,1535517.35923772],[12121587.44113639,1535519.0040419],[12121589.77151866,1535514.12500935],[12121592.10805729,1535508.90688995],[12121591.10634375,1535506.41398253],[12121590.41413817,1535504.81012353]]},"properties":null,"id":"af5ef936-266c-491b-9c16-29859ec030cc"},{"type":"Feature","geometry":{"type":"LineString","coordinates":[[12121489.33031666,1536030.46668907],[12121490.06573264,1536029.51684468],[12121490.44062335,1536027.00360412],[12121492.57783465,1536026.57858954],[12121494.18376657,1536026.4131768],[12121496.70669096,1536023.85484883],[12121494.93626253,1536021.33906703],[12121493.08864182,1536022.05496093],[12121490.39634504,1536023.33100975],[12121488.55439995,1536022.09459373],[12121487.21542064,1536019.89142469],[12121485.4896253,1536018.10507131],[12121482.90026985,1536017.18667266]]},"properties":{"color":"#c026d3"},"id":"5ec15618-c062-40ff-aa9c-aaa61387186b"},{"type":"Feature","geometry":{"type":"LineString","coordinates":[[12121472.64634303,1536018.21266647],[12121473.31193234,1536024.5840529],[12121475.24948247,1536031.71759647],[12121481.46877268,1536029.03694501],[12121483.57376455,1536028.63006019],[12121483.4780846,1536027.05039079],[12121483.81296809,1536026.38022713],[12121482.68815879,1536022.9816827],[12121481.91310022,1536020.79226238],[12121482.226631,1536018.77142552]]},"properties":{"color":"#c026d3"},"id":"35c3eeb7-40e3-4959-812c-e847147f611d"},{"type":"Feature","geometry":{"type":"LineString","coordinates":[[12121494.93626253,1536021.33906703],[12121498.0865446,1536019.50044283],[12121504.04395099,1536018.75973961],[12121510.77687661,1536019.88843132],[12121516.38177378,1536022.9570601],[12121518.77883757,1536023.76830815],[12121520.9291406,1536026.90748041],[12121523.14994977,1536025.32025807],[12121519.89698315,1536021.73381341]]},"properties":{"color":"#c026d3"},"id":"73959036-e5f5-4dfa-bf8e-1e4a401e06fb"},{"type":"Feature","geometry":{"type":"LineString","coordinates":[[12121496.70669096,1536023.85484883],[12121499.31373668,1536022.05181011],[12121504.30625633,1536022.01663008],[12121512.48367845,1536024.6286395],[12121519.16381181,1536028.07620355],[12121520.9291406,1536026.90748041]]},"properties":{"color":"#c026d3"},"id":"27042dd4-6228-4db7-a76a-e5ad92391c27"},{"type":"Feature","geometry":{"type":"LineString","coordinates":[[12121523.86001311,1536030.48266076],[12121526.19944387,1536030.79541464],[12121532.84150328,1536027.84165779],[12121531.30871834,1536026.87600479],[12121526.6819856,1536028.29607942],[12121524.24088823,1536027.41563508],[12121523.14994977,1536025.32025807]]},"properties":{"color":"#c026d3"},"id":"16b9eb78-3a89-4c12-8cf3-dbc9f85bba32"},{"type":"Feature","geometry":{"type":"LineString","coordinates":[[12121486.58773125,1536043.26008964],[12121490.21548208,1536045.53318301],[12121493.42092708,1536048.66163953],[12121495.13005144,1536050.2600077],[12121497.53004278,1536051.17088343],[12121500.9893409,1536051.31993544],[12121506.31525417,1536050.68825957],[12121507.63993958,1536041.87104136],[12121509.02086655,1536038.44433349],[12121520.32483922,1536030.17867898],[12121519.16381181,1536028.07620355]]},"properties":{"color":"#c026d3"},"id":"3ce977ca-1b01-47dc-ad72-e932fd25826b"},{"type":"Feature","geometry":{"type":"LineString","coordinates":[[12121475.24948247,1536031.71759647],[12121476.96447837,1536035.13143545],[12121480.71338553,1536039.89534166],[12121486.58773125,1536043.26008964],[12121490.60255924,1536036.45450769],[12121489.33031666,1536030.46668907],[12121488.19671745,1536032.09719258],[12121485.81143765,1536031.76636621],[12121484.25274008,1536030.4903192],[12121483.57376455,1536028.63006019]]},"properties":{"color":"#c026d3"},"id":"309c587f-d418-42de-8809-95b16833a72c"},{"type":"Feature","geometry":{"type":"LineString","coordinates":[[12121520.32483922,1536030.17867898],[12121522.31337743,1536034.01990804],[12121523.74954064,1536036.92155638],[12121526.34568166,1536039.71266636],[12121527.91993757,1536034.8213161],[12121526.51139459,1536033.27377074],[12121524.19143474,1536031.91966566],[12121523.86001311,1536030.48266076],[12121520.9291406,1536026.90748041]]},"properties":{"color":"#c026d3"},"id":"2201650b-2db2-427b-ba46-2726148eb784"},{"type":"Feature","geometry":{"type":"LineString","coordinates":[[12121537.64064158,1536046.41129277],[12121537.12855566,1536039.20838245],[12121533.3237192,1536036.62300373],[12121527.91993757,1536034.8213161]]},"properties":{"color":"#c026d3"},"id":"8a380046-3a3b-4d8d-af79-f8fe92b1f54c"},{"type":"Feature","geometry":{"type":"LineString","coordinates":[[12121499.73994017,1535979.27721335],[12121499.80006417,1535977.60323445],[12121505.18387571,1535976.09249672],[12121506.07786661,1535979.94885269],[12121502.50866937,1535987.13697793],[12121499.79017365,1535993.23419393],[12121498.86405788,1535995.98912901],[12121499.1586668,1535999.71383955],[12121501.63665467,1536005.19866524],[12121502.91868994,1536007.37761889],[12121511.80440266,1536011.6102004],[12121514.53269421,1536014.0645974],[12121513.33124496,1536014.81594333],[12121508.97599384,1536013.03775834],[12121501.7673022,1536011.13434855],[12121497.16174931,1536009.83201541],[12121494.69881941,1536006.75405526],[12121494.14815628,1536001.29427406],[12121494.64875982,1535999.7915822],[12121495.92900437,1535998.00279575],[12121495.56340661,1535996.34112558]]},"properties":{"color":"#c026d3"},"id":"cc14f4de-9514-4f7c-b182-51c4ed5c555c"},{"type":"Feature","geometry":{"type":"LineString","coordinates":[[12121473.92351013,1536026.83571946],[12121460.64466236,1536027.30237291],[12121463.06645787,1536012.36597849],[12121466.50803982,1536000.66774942],[12121470.0758566,1535989.06538822],[12121474.61169142,1535984.69076993],[12121485.90109609,1535980.45902638],[12121499.80006417,1535977.60323445]]},"properties":{"color":"#c026d3"},"id":"5788af2e-dcad-43dd-99d6-97d2c3ceb7df"},{"type":"Feature","geometry":{"type":"LineString","coordinates":[[12121487.52871848,1535984.5644145],[12121490.20235864,1535986.86125401],[12121491.12561686,1535988.1443101],[12121493.51070241,1535990.14587741],[12121494.61348236,1535986.98955962],[12121494.40831496,1535983.52530621],[12121493.92103918,1535981.39543525],[12121489.79202186,1535983.03774744],[12121488.45842491,1535983.24303622],[12121487.52871848,1535984.5644145]]},"properties":{"color":"#c026d3"},"id":"c7839f76-9e26-48ac-aa06-b7a98f1d719f"},{"type":"Feature","geometry":{"type":"LineString","coordinates":[[12121478.62364224,1535998.58754614],[12121475.6692341,1536000.74697458],[12121472.96976025,1536002.41177857],[12121472.72017628,1536009.52252845],[12121476.67052474,1536009.08555088],[12121479.68787701,1536008.52939623],[12121481.31565806,1536009.165001],[12121481.61342299,1536007.67530268],[12121482.61357759,1536005.89506106],[12121483.66568097,1536004.08755997],[12121484.42999128,1536003.87773089]]},"properties":{"color":"#c026d3"},"id":"a91ace16-b90c-41e0-b550-36611593aaf2"},{"type":"Feature","geometry":{"type":"LineString","coordinates":[[12121480.87314059,1535991.39785385],[12121480.34666355,1535991.83311407],[12121479.85099993,1535996.27309045],[12121478.62364224,1535998.58754614],[12121481.38519794,1536000.21711146],[12121484.42999128,1536003.87773089],[12121486.36544216,1536002.31901562],[12121486.8138986,1536000.68944939],[12121488.39530198,1535998.39861114],[12121488.74983102,1535997.13346901]]},"properties":{"color":"#c026d3"},"id":"67d33205-5d6f-4ae7-bd14-d3fa3b79174f"},{"type":"Feature","geometry":{"type":"LineString","coordinates":[[12121487.52871848,1535984.5644145],[12121484.86509628,1535986.80936273],[12121480.87314059,1535991.39785385],[12121484.89808715,1535992.38817583],[12121487.40543356,1535994.30279809],[12121488.74983102,1535997.13346901],[12121490.25093952,1535997.36454439],[12121491.85102064,1535993.51879381],[12121493.51070241,1535990.14587741]]},"properties":{"color":"#c026d3"},"id":"65ce336e-2467-43f2-a891-d8c109a235c5"},{"type":"Feature","geometry":{"type":"LineString","coordinates":[[12121490.25093952,1535997.36454439],[12121489.89823619,1535997.76340197],[12121490.3514492,1535998.46423436],[12121492.08189999,1535998.9177141],[12121492.92652666,1535997.66033843],[12121495.56340661,1535996.34112558],[12121496.14022459,1535992.94002874],[12121497.40358869,1535992.29251538],[12121501.36934177,1535984.65141273],[12121499.73994017,1535979.27721335],[12121493.92103918,1535981.39543525]]},"properties":{"color":"#c026d3"},"id":"397ca35b-47a1-4532-84ce-a901001fb751"},{"type":"Feature","geometry":{"type":"LineString","coordinates":[[12121492.08189999,1535998.9177141],[12121490.70834089,1536002.02911097],[12121490.73987594,1536006.44667585],[12121492.80256025,1536011.77709839],[12121495.04158238,1536013.71767021],[12121497.18599817,1536014.23831287],[12121501.66404364,1536014.38030627],[12121508.1016474,1536014.99652657],[12121514.17125111,1536018.11271235],[12121517.43517916,1536019.99017707],[12121519.5937185,1536022.10468784],[12121521.86397807,1536019.32829697],[12121514.53269421,1536014.0645974]]},"properties":{"color":"#c026d3"},"id":"7c8c80b6-f865-4c81-bce5-51da2a533d3e"},{"type":"Feature","geometry":{"type":"LineString","coordinates":[[12121472.72017628,1536009.52252845],[12121472.3962473,1536016.58609079],[12121472.64634303,1536018.21266647],[12121480.42432175,1536018.03749702],[12121482.57514464,1536018.91334572],[12121482.90026985,1536017.18667266],[12121482.7252036,1536015.03458719],[12121481.54035806,1536010.81910534],[12121481.12350603,1536009.66712346],[12121481.31565806,1536009.165001]]},"properties":{"color":"#c026d3"},"id":"7ee4544d-63cc-400e-9601-76387022bd98"},{"type":"Feature","geometry":{"type":"LineString","coordinates":[[12121464.93440292,1535378.71784134],[12121471.91564229,1535365.71676851],[12121478.0975482,1535354.72026058],[12121488.2344809,1535346.39835569]]},"properties":{"color":"#c026d3"},"id":"60354ef7-18ab-4d50-b116-a74e6e9f1a6f"},{"type":"Feature","geometry":{"type":"LineString","coordinates":[[12121470.63175493,1535502.31209091],[12121487.42857938,1535504.88243059],[12121495.0566515,1535503.74701053],[12121511.95188485,1535501.28693412],[12121530.66564763,1535492.76387833],[12121540.24802091,1535483.4912719],[12121550.16523829,1535473.72758225],[12121556.91072248,1535469.3120579],[12121565.23225963,1535468.61819075],[12121576.07546903,1535470.32131965],[12121588.5104465,1535474.84616898],[12121597.02110655,1535486.4526911],[12121601.26500449,1535495.77348515],[12121617.90807398,1535506.68613771],[12121627.28452206,1535514.03816801],[12121632.0757075,1535519.84142906],[12121642.92412636,1535526.18163509],[12121657.9911477,1535531.54334323],[12121670.03215947,1535535.58039503],[12121666.06051619,1535529.02018646],[12121661.20628498,1535521.63995242],[12121654.36904073,1535516.06132246],[12121647.81624311,1535513.67708872],[12121631.26156228,1535506.91805505],[12121624.70876466,1535503.18275946],[12121614.85376779,1535496.2672239],[12121610.4129628,1535491.5383606],[12121606.99756586,1535490.42571849],[12121599.90386179,1535474.81619806],[12121596.14961118,1535466.73186178],[12121590.39542402,1535461.67521772],[12121580.58440996,1535456.00157477],[12121569.89589144,1535451.93067754],[12121556.76995194,1535450.59713687],[12121548.14490347,1535451.06529832],[12121527.5388101,1535454.50722235],[12121522.11023763,1535457.88982421],[12121511.23112773,1535469.17008892],[12121501.15826195,1535480.69624924],[12121492.53114063,1535487.82733682],[12121482.68164275,1535495.09608495],[12121473.34581216,1535499.96678672],[12121469.08190857,1535501.48785251],[12121470.63175493,1535502.31209091]]},"properties":null,"id":"e6b9e8f3-af24-4c87-8c49-eea404b0d74a"},{"type":"Feature","geometry":{"type":"LineString","coordinates":[[12121468.88961925,1535821.95393025],[12121490.15613955,1535808.61363191],[12121498.00839195,1535810.82337479],[12121511.90761622,1535811.23214309],[12121527.85750645,1535813.60556809],[12121536.11873039,1535816.06083726],[12121556.076543,1535833.49324777],[12121558.12140072,1535828.74639466],[12121561.62383601,1535809.02671487],[12121565.63882013,1535785.44838465],[12121567.40594509,1535777.16775011],[12121570.84671692,1535768.33342238],[12121572.15023167,1535762.47587597],[12121573.49725353,1535734.18949953],[12121577.60047432,1535724.66570658],[12121585.57282794,1535711.51352654],[12121604.43714842,1535690.49166181],[12121611.253452,1535686.97248016],[12121618.15809567,1535679.70288248],[12121618.57031473,1535673.51599382],[12121615.08030694,1535661.07385325],[12121608.17066102,1535630.30154003],[12121602.26077781,1535619.37745773],[12121597.23485168,1535614.72817646],[12121580.22720764,1535603.56608303],[12121570.29084817,1535600.45533415],[12121565.17026791,1535606.12787554],[12121561.93444159,1535621.77656568],[12121558.87870887,1535639.07533176],[12121547.0731596,1535646.04663201],[12121526.91367567,1535652.01152501],[12121519.11846016,1535659.2855265],[12121505.47433243,1535655.41257494],[12121495.21705083,1535655.41257494],[12121488.41222424,1535657.89874487],[12121481.42306673,1535663.50871731],[12121474.51027591,1535685.22861612],[12121471.95975379,1535698.08889428],[12121472.7898091,1535703.61760402],[12121476.79334562,1535711.91551708],[12121482.41736676,1535749.4744982],[12121482.05370616,1535769.05668017],[12121475.568386,1535787.56272823],[12121471.69911654,1535806.58896703],[12121468.88961925,1535821.95393025]]},"properties":{"color":"#c026d3"},"id":"4a915cf3-394c-4d56-b4ff-04f5ea201735"},{"type":"Feature","geometry":{"type":"LineString","coordinates":[[12121514.53465579,1535526.94625547],[12121528.26429095,1535521.18729599],[12121541.58074166,1535518.20082048],[12121546.24915097,1535517.58821416],[12121544.71852458,1535508.01618422],[12121543.99642048,1535494.73258004],[12121544.76173367,1535486.00288306],[12121535.88410181,1535495.80464548],[12121527.0830001,1535500.32264409],[12121514.2115874,1535506.25674343],[12121501.553113,1535509.12171814]]},"properties":null,"id":"6529de24-6bfc-41c8-b246-cb803e226b4a"},{"type":"Feature","geometry":{"type":"LineString","coordinates":[[12121464.93440292,1535378.71784134],[12121468.44615217,1535387.78346939],[12121478.13857688,1535395.6544042],[12121486.77748217,1535395.72467799],[12121490.49178302,1535402.81954381],[12121501.09726467,1535406.26307863],[12121503.70184825,1535401.58739331],[12121511.09628947,1535394.69299689],[12121520.91873762,1535389.02627964],[12121532.89703205,1535383.38311565],[12121555.45658339,1535380.59635167],[12121541.67018942,1535367.63790023],[12121535.89104325,1535358.99893348],[12121532.52855608,1535342.73664552],[12121531.90190085,1535327.33977426],[12121530.16119481,1535312.01257237],[12121522.01469266,1535318.56146879],[12121511.73222413,1535334.69025547],[12121503.45673116,1535345.21495842],[12121493.56951767,1535351.27617061],[12121483.77505707,1535358.49086344],[12121478.20479774,1535366.15446438],[12121473.58144408,1535375.198122],[12121464.93440292,1535378.71784134]]},"properties":null,"id":"1a57b697-baa3-411f-b69e-5b604c416cd5"},{"type":"Feature","geometry":{"type":"LineString","coordinates":[[12121467.58086534,1535829.55379029],[12121465.69984829,1535836.29437748],[12121462.58112421,1535853.64167761],[12121463.57891561,1535865.34993356],[12121466.62441048,1535874.60507777],[12121483.22405003,1535896.11559266],[12121491.67108929,1535906.74587315],[12121501.46760309,1535925.98734646],[12121516.03288803,1535945.55441007],[12121528.64136195,1535954.72133668],[12121539.61708818,1535953.81372004],[12121566.19754076,1535926.86427666],[12121571.8209132,1535919.0710345],[12121576.80967664,1535896.53139373],[12121583.22289819,1535877.51824271],[12121582.36575718,1535873.97331602],[12121558.16950247,1535844.75062459],[12121554.14623174,1535837.03056377],[12121533.18047925,1535820.41787981],[12121520.02698717,1535817.14232085],[12121494.19192369,1535815.88843135],[12121480.93303941,1535821.35452333],[12121467.58086534,1535829.55379029]]},"properties":{"color":"#c026d3"},"id":"30d936aa-e820-4417-a307-ed0f77cb63d3"},{"type":"Feature","geometry":{"type":"LineString","coordinates":[[12121511.66734129,1535969.40236955],[12121518.55926025,1535967.44930245],[12121523.21306753,1535965.82492839],[12121526.56813684,1535962.46788413],[12121522.34724359,1535957.48647408],[12121511.52569902,1535945.92143201],[12121503.96205502,1535935.58862865],[12121491.83796054,1535921.49821909],[12121491.83796054,1535921.49821909],[12121478.41059778,1535901.68969887]]},"properties":{"color":"#c026d3"},"id":"ed9b9a79-9162-4e2b-ae80-fb6a21574051"},{"type":"Feature","geometry":{"type":"LineString","coordinates":[[12121597.06543003,1535875.20731227],[12121590.76837349,1535878.57495418],[12121585.55701649,1535885.09297607],[12121582.31196234,1535891.64929842],[12121579.38057273,1535905.71735764],[12121574.71973032,1535923.82904308],[12121565.32843172,1535934.42082424],[12121549.99016463,1535949.87402735],[12121533.27913166,1535964.18974927],[12121527.47064075,1535969.18689821],[12121524.75639188,1535977.17147289],[12121525.56061368,1535984.26091954],[12121527.92158944,1535999.48157128],[12121540.6430133,1536014.40038064],[12121547.61928979,1536026.30805772],[12121559.1389456,1536053.34791787],[12121564.30521084,1536088.2964393],[12121565.63529582,1536111.74293668],[12121558.22450255,1536133.64347735],[12121557.88160248,1536141.2124667]]},"properties":{"color":"#c026d3"},"id":"7d0bc42c-0f30-4536-858e-46d71dee5267"},{"type":"Feature","geometry":{"type":"LineString","coordinates":[[12121471.27490793,1535953.80973531],[12121473.74615071,1535955.79360855],[12121478.00114418,1535961.57483205],[12121484.98204937,1535966.74570967],[12121486.68404641,1535968.87445567],[12121487.26630833,1535975.93292601],[12121491.99159021,1535975.68643964],[12121495.97784793,1535974.83494175],[12121511.66734129,1535969.40236955],[12121509.36291506,1535962.80282576],[12121507.4297605,1535959.28437047],[12121505.48142207,1535953.83926292],[12121497.68397533,1535942.23786107],[12121491.29408226,1535935.29684748],[12121489.95096016,1535936.41881522]]},"properties":{"color":"#c026d3"},"id":"0ea84cc2-41b6-4c29-8185-45c5a31129de"},{"type":"Feature","geometry":{"type":"LineString","coordinates":[[12121440.61551639,1535840.76800131],[12121440.54053895,1535838.73274495],[12121441.54949595,1535833.60487239],[12121442.6705601,1535833.17220868],[12121448.96084697,1535834.15527984]]},"properties":{"color":"#c026d3"},"id":"c58a6d30-bccf-4a2b-963f-baadb0a62696"},{"type":"Feature","geometry":{"type":"LineString","coordinates":[[12121433.07748327,1535848.25214008],[12121437.61431932,1535848.70622159],[12121446.63368942,1535848.58508511],[12121447.62238861,1535846.16235713],[12121447.27937071,1535843.8809551],[12121449.43586964,1535841.23859183]]},"properties":{"color":"#c026d3"},"id":"ef4de1ad-7cbd-4c8b-8e93-2be60d87e706"},{"type":"Feature","geometry":{"type":"LineString","coordinates":[[12121436.69991584,1535855.70345177],[12121439.00179731,1535856.23496644],[12121443.48751683,1535856.31370974],[12121446.26157955,1535855.62470847],[12121446.63368942,1535848.58508511]]},"properties":{"color":"#c026d3"},"id":"5cf7ce27-07f0-4f58-a807-d6c9e3b08392"},{"type":"Feature","geometry":{"type":"LineString","coordinates":[[12121458.64411971,1535934.38304023],[12121460.7034999,1535934.8755155],[12121461.84224387,1535939.33821705],[12121461.84224387,1535943.61101396],[12121465.23323404,1535947.85946697],[12121468.52294072,1535952.29051866],[12121471.27490793,1535953.80973531],[12121472.6983385,1535948.23927385],[12121476.44418421,1535944.48965618],[12121481.60016701,1535944.10985171],[12121486.88267504,1535939.96365609],[12121489.95096016,1535936.41881522],[12121481.75607653,1535932.70552215],[12121477.64637583,1535927.85535926],[12121474.57809313,1535921.65189076],[12121471.63633566,1535919.84781925],[12121468.97926719,1535918.80335908],[12121467.98858013,1535919.34050454]]},"properties":{"color":"#c026d3"},"id":"a4c895b3-de9b-4f71-8043-80901aa188fc"},{"type":"Feature","geometry":{"type":"LineString","coordinates":[[12121445.37840486,1535920.11416285],[12121447.40051795,1535921.10273871],[12121447.88176454,1535922.06579667],[12121446.85510613,1535927.17000316],[12121450.19174962,1535930.95803152],[12121453.91338941,1535933.3977788],[12121454.17005523,1535925.30809133],[12121454.81171735,1535919.33713243],[12121459.39960001,1535915.61330879],[12121463.62673185,1535913.61134273],[12121465.71213373,1535913.96446595],[12121466.70670952,1535915.12013624],[12121468.02211637,1535913.54714107],[12121470.55668221,1535911.6852268],[12121466.94910572,1535907.94149274],[12121464.60638178,1535906.31081584],[12121460.5575453,1535904.34890894],[12121454.3306395,1535901.80985722]]},"properties":{"color":"#c026d3"},"id":"b411f9c6-00d9-4205-b8de-895c21fb0405"},{"type":"Feature","geometry":{"type":"LineString","coordinates":[[12121453.91338941,1535933.3977788],[12121458.64411971,1535934.38304023],[12121458.33638493,1535930.63672564],[12121461.51631748,1535925.55611053],[12121467.98858013,1535919.34050454],[12121465.98829821,1535917.54432903],[12121465.4946383,1535915.64899138],[12121465.96200979,1535914.25481521]]},"properties":{"color":"#c026d3"},"id":"60fdc7a7-b0aa-4126-b7e9-c0e690e915fa"},{"type":"Feature","geometry":{"type":"LineString","coordinates":[[12121442.22432347,1535920.99554771],[12121443.56022788,1535920.29352516],[12121445.37840486,1535920.11416285],[12121448.7728232,1535912.58611157],[12121454.3306395,1535901.80985722],[12121449.77239123,1535900.1187301],[12121447.08353835,1535901.19490297],[12121444.91955911,1535901.99298662]]},"properties":{"color":"#c026d3"},"id":"b6731ff5-f487-4e8d-ae9c-af4e4d38151e"},{"type":"Feature","geometry":{"type":"LineString","coordinates":[[12121431.01972234,1535862.55694454],[12121433.66167425,1535868.80253096],[12121437.05667175,1535868.35555869],[12121443.04258713,1535869.48788821],[12121446.19934059,1535869.51768704],[12121446.29708524,1535862.78277054]]},"properties":{"color":"#c026d3"},"id":"8690afa9-0cec-457c-a7c8-15d9b419b8a0"},{"type":"Feature","geometry":{"type":"LineString","coordinates":[[12121452.5022128,1536100.9467308],[12121451.23516136,1536094.89514452],[12121452.9053879,1536072.48137362],[12121459.58627158,1536057.14563041],[12121460.77960587,1536043.79538475],[12121460.64466236,1536027.30237291]]},"properties":{"color":"#c026d3"},"id":"625eec01-b0ec-4498-b023-a5fac0a59e61"},{"type":"Feature","geometry":{"type":"LineString","coordinates":[[12121443.75100974,1535775.43258186],[12121444.06675644,1535780.67585347],[12121446.14027642,1535780.58661802],[12121449.32859002,1535780.87663472],[12121455.28159807,1535780.09582008],[12121454.85825399,1535775.33759268]]},"properties":{"color":"#c026d3"},"id":"13f33edf-8257-4d14-906c-2820ac8ecc76"},{"type":"Feature","geometry":{"type":"LineString","coordinates":[[12121444.06675644,1535780.67585347],[12121444.39745291,1535787.20533576],[12121449.06057421,1535787.12101221],[12121454.90351795,1535787.06479793],[12121456.13952598,1535782.73623292],[12121455.28159807,1535780.09582008]]},"properties":{"color":"#c026d3"},"id":"14c9e12e-3a42-4323-9869-1fa99ebc7d82"},{"type":"Feature","geometry":{"type":"LineString","coordinates":[[12121444.39745291,1535787.20533576],[12121445.24655128,1535796.50564418],[12121450.49754025,1535795.47359509],[12121455.74852684,1535795.81761106],[12121455.34220181,1535790.46971957],[12121454.90351795,1535787.06479793]]},"properties":{"color":"#c026d3"},"id":"13045dcf-f92d-43b8-aabe-319b0bb0cbbf"},{"type":"Feature","geometry":{"type":"LineString","coordinates":[[12121445.24655128,1535796.50564418],[12121444.96492885,1535802.52049304],[12121449.84271451,1535802.45453852],[12121453.05062661,1535802.82828192],[12121456.34642705,1535801.37727827],[12121455.74852684,1535795.81761106]]},"properties":{"color":"#c026d3"},"id":"37a722eb-3534-4c5e-ba31-0e72f121f52d"},{"type":"Feature","geometry":{"type":"LineString","coordinates":[[12121444.96492885,1535802.52049304],[12121444.93449266,1535809.64966282],[12121447.64742634,1535808.95718095],[12121457.66866932,1535809.40036984],[12121458.16695973,1535806.07646193],[12121456.34642705,1535801.37727827]]},"properties":{"color":"#c026d3"},"id":"40ad27dd-9ad0-4e2b-98f3-16acfc9d22f9"},{"type":"Feature","geometry":{"type":"LineString","coordinates":[[12121443.64222806,1535813.95042464],[12121441.40525444,1535817.54412303],[12121445.34846016,1535819.20502343],[12121451.40003402,1535821.84443638],[12121452.53054937,1535820.4249206],[12121454.53665675,1535818.93806556]]},"properties":{"color":"#c026d3"},"id":"6837423f-b0d8-4156-94ef-aeb36dd0ee05"},{"type":"Feature","geometry":{"type":"LineString","coordinates":[[12121441.40525444,1535817.54412303],[12121438.61112794,1535819.70271873],[12121437.74456616,1535828.64631862],[12121440.287866,1535827.91923512],[12121447.77243629,1535829.15527693],[12121449.8434079,1535827.91923512],[12121451.40003402,1535821.84443638]]},"properties":{"color":"#c026d3"},"id":"37c4c92e-b6c2-4240-b905-18c675b6c856"},{"type":"Feature","geometry":{"type":"LineString","coordinates":[[12121444.93449266,1535809.64966282],[12121443.64222806,1535813.95042464],[12121449.47485857,1535814.56745227],[12121452.01860565,1535815.33873692],[12121454.53665675,1535818.93806556],[12121458.23665233,1535815.51870354],[12121457.61998803,1535811.66228027],[12121457.66866932,1535809.40036984]]},"properties":{"color":"#c026d3"},"id":"cd066d25-1d3f-480a-9247-0d44f6b5f438"},{"type":"Feature","geometry":{"type":"LineString","coordinates":[[12121437.74456616,1535828.64631862],[12121433.88831628,1535838.52801635],[12121429.1517303,1535847.94472839],[12121433.07748327,1535848.25214008],[12121434.54546352,1535845.08350701],[12121435.68656731,1535842.19954462],[12121438.56193747,1535840.6375384],[12121443.13987938,1535840.92837291],[12121449.43586964,1535841.23859183],[12121449.61826142,1535836.84710337],[12121448.74032317,1535833.25233168],[12121449.8434079,1535827.91923512]]},"properties":{"color":"#c026d3"},"id":"55f1f261-4e60-47f9-9f9d-ed4f7d59f3ea"},{"type":"Feature","geometry":{"type":"LineString","coordinates":[[12121444.51093241,1535531.46719193],[12121449.09655968,1535533.53845234],[12121480.17578961,1535530.30979761],[12121498.0238374,1535530.41069169],[12121514.53465579,1535526.94625547],[12121503.3681721,1535513.86380904],[12121501.553113,1535509.12171814],[12121491.06612112,1535510.63515239],[12121485.3761164,1535508.78822662]]},"properties":null,"id":"dfcaaba2-1159-4d4c-9ef6-0fa10caac04b"},{"type":"Feature","geometry":{"type":"LineString","coordinates":[[12121457.77085593,1535496.12096589],[12121455.07624853,1535493.24339493],[12121456.37415472,1535486.6057729],[12121463.15209893,1535475.92785346],[12121485.72421546,1535460.66367581],[12121508.93688896,1535447.16547234],[12121533.00347944,1535437.51859266],[12121549.45844881,1535431.74561261],[12121559.8171492,1535432.94815524],[12121569.03124608,1535433.23447513],[12121580.32052361,1535431.19647052],[12121593.94135469,1535427.07346596],[12121604.25844581,1535428.31227564],[12121616.84913242,1535433.80961652]]},"properties":{"color":"#c026d3"},"id":"12d811e0-1acc-45ab-bb94-0c2f1368c501"},{"type":"Feature","geometry":{"type":"LineString","coordinates":[[12121454.47852009,1535766.85186994],[12121474.69916449,1535766.73517742],[12121471.94412704,1535780.96719598],[12121468.23862376,1535803.39241622],[12121462.8475845,1535825.12458125],[12121459.76916618,1535845.73583043],[12121458.29554547,1535857.25164781],[12121460.60208584,1535873.05637084],[12121470.69695089,1535887.68685426],[12121478.41059778,1535901.68969887],[12121470.05624496,1535902.17530411],[12121463.32883271,1535901.40600535],[12121443.82228641,1535895.52351807],[12121446.97215395,1535877.7373776],[12121455.85154766,1535876.15548536],[12121460.86888361,1535873.44304073]]},"properties":{"color":"#c026d3"},"id":"3b9392e6-05dd-47c8-bac7-09ee067fb24d"},{"type":"Feature","geometry":{"type":"LineString","coordinates":[[12121440.08687339,1535625.20147161],[12121443.82389658,1535621.90631874],[12121448.95869836,1535620.8845941],[12121454.38525026,1535621.05974645],[12121462.25434555,1535623.26302653],[12121470.63964493,1535626.62785516],[12121478.76290432,1535623.13192966],[12121506.51816318,1535609.81277064],[12121517.43537007,1535601.78751822],[12121527.61501133,1535600.52119898],[12121539.66550641,1535599.91556658],[12121557.32855458,1535601.62234651],[12121551.77102574,1535604.37521534],[12121546.65369089,1535606.46739524],[12121536.74917507,1535610.65175712],[12121522.43894857,1535619.1383518],[12121514.40528658,1535625.41489357],[12121507.8337884,1535627.41794779],[12121493.58228981,1535630.11576429],[12121481.91039644,1535633.17362894],[12121473.49156052,1535636.80741075],[12121467.10865116,1535640.05580102],[12121461.17414367,1535640.93525774]]},"properties":{"color":"#c026d3"},"id":"f56e061a-934d-43d9-b165-f52e24c6a5e1"},{"type":"Feature","geometry":{"type":"LineString","coordinates":[[12121501.09726467,1535406.26307863],[12121491.00779608,1535418.7401006],[12121482.6857888,1535427.06699124],[12121475.75078274,1535431.50800064],[12121465.59099779,1535436.83374058],[12121459.21100674,1535442.84882606],[12121447.51858213,1535459.55536779],[12121440.15750008,1535478.52393042],[12121440.55125713,1535490.45770122],[12121445.89120968,1535495.17627205]]},"properties":null,"id":"a4e0d44f-b4cc-4950-aed9-ae820ae41d07"},{"type":"Feature","geometry":{"type":"LineString","coordinates":[[12121457.77085593,1535496.12096589],[12121463.7809077,1535498.52639499],[12121472.996325,1535495.92051251],[12121486.71927349,1535487.00036958],[12121502.19757491,1535473.64806952],[12121520.69953648,1535453.51416621],[12121531.71796472,1535448.60307942],[12121549.14711638,1535447.50058774],[12121566.86424817,1535447.55069822],[12121583.10990393,1535451.89161691],[12121594.56372116,1535458.05096329],[12121603.58645241,1535470.84658851],[12121610.06908124,1535483.50145213],[12121617.60023325,1535493.16170309],[12121628.42756519,1535501.60452282],[12121645.36257854,1535508.5690281],[12121659.64989261,1535513.50875656],[12121667.10515525,1535520.43742502],[12121675.50207312,1535534.55252237],[12121680.548959,1535542.76599885],[12121689.75197894,1535548.41203984],[12121700.83591565,1535549.82354881],[12121713.6967746,1535548.27760981],[12121724.04177331,1535546.79888454],[12121736.42558782,1535534.87646803],[12121757.37715333,1535514.33123432],[12121769.16422463,1535492.28987045]]},"properties":null,"id":"9296eee0-3cfb-4de1-b9a6-48e0028ef67c"},{"type":"Feature","geometry":{"type":"LineString","coordinates":[[12121438.28338139,1535574.21300587],[12121454.26811731,1535568.79718213],[12121476.21787265,1535565.28254971],[12121497.32725924,1535558.9844232],[12121526.41247306,1535553.56718732],[12121547.21085755,1535548.95880035],[12121555.57785195,1535549.03559977],[12121583.1351978,1535558.48279832],[12121605.02964962,1535563.08263755],[12121626.82989004,1535568.3822808],[12121637.42296052,1535570.45605552],[12121650.41722134,1535581.90354246],[12121644.62929236,1535581.23296656],[12121638.65858018,1535580.01374017],[12121635.06397537,1535579.89181939],[12121624.78278929,1535582.70059435]]},"properties":{"color":"#c026d3"},"id":"087d0560-36c4-4584-bfb2-c73e386fd701"},{"type":"Feature","geometry":{"type":"LineString","coordinates":[[12121443.75100974,1535775.43258186],[12121449.47867677,1535774.64100334],[12121454.85825399,1535775.33759268],[12121454.47852009,1535766.85186994],[12121442.45358277,1535766.4085879],[12121443.75100974,1535775.43258186]]},"properties":{"color":"#c026d3"},"id":"ebb18aa0-4815-4b21-9fe0-289a97e4cf31"},{"type":"Feature","geometry":{"type":"LineString","coordinates":[[12121454.26811731,1535568.79718213],[12121453.87938688,1535563.91771143],[12121468.68399714,1535560.53315186],[12121491.81561387,1535555.56801126],[12121505.36098701,1535553.25606383],[12121530.58902104,1535545.84870113],[12121549.25482743,1535542.43182951],[12121558.33952433,1535543.95956508],[12121569.48545238,1535549.84134469],[12121596.59916897,1535557.12861455],[12121616.750207,1535561.38326472],[12121638.64412395,1535565.21744269],[12121651.08786335,1535579.11983696],[12121659.18011799,1535579.65454499],[12121669.48627959,1535574.84217853],[12121675.8030721,1535565.8179405]]},"properties":{"color":"#c026d3"},"id":"dd99689d-f87e-4f85-89e4-99b768e8027a"},{"type":"Feature","geometry":{"type":"LineString","coordinates":[[12121381.85985154,1537122.83029897],[12121382.90957718,1537135.31758188],[12121383.00144009,1537142.56217054],[12121386.73550449,1537150.96873958],[12121392.41439285,1537158.59692551],[12121400.34927227,1537164.90185155],[12121411.19389348,1537173.73895988]]},"properties":{"color":"#c026d3"},"id":"890ba03d-2f67-476d-9a18-6b497b824975"},{"type":"Feature","geometry":{"type":"LineString","coordinates":[[12121411.19389348,1537173.73895988],[12121425.33683204,1537181.39813307],[12121443.28793499,1537190.99730442],[12121460.14187469,1537199.94471912],[12121480.48460929,1537209.82893407]]},"properties":{"color":"#c026d3"},"id":"1094a283-d34b-491f-80fb-3be166ad6fce"},{"type":"Feature","geometry":{"type":"LineString","coordinates":[[12121420.1700032,1537226.04026959],[12121424.12281389,1537225.70331331],[12121440.36263358,1537221.8865978],[12121441.76579851,1537217.00535238],[12121451.62922706,1537195.42552717]]},"properties":{"color":"#c026d3"},"id":"e092662e-5807-41d7-99cc-8f6fa32048f0"},{"type":"Feature","geometry":{"type":"LineString","coordinates":[[12121441.58271303,1537217.6422591],[12121443.94087888,1537222.15397381],[12121447.74982514,1537230.64691502],[12121450.59496526,1537237.81302274],[12121448.91066298,1537240.49724382],[12121445.28065913,1537243.41767581],[12121443.3184914,1537244.93924875],[12121439.07530698,1537247.07435645],[12121427.25652324,1537248.48982181]]},"properties":{"color":"#c026d3"},"id":"124e35d3-2239-4c39-8237-94bb8cd56537"},{"type":"Feature","geometry":{"type":"LineString","coordinates":[[12121362.30957873,1537254.40095162],[12121367.7245104,1537258.91701457],[12121373.39500662,1537262.8053776],[12121383.30070304,1537260.00104263],[12121393.00750057,1537257.10991634],[12121402.24366912,1537254.01910877],[12121409.01464153,1537251.76079356],[12121416.11601581,1537250.42294114],[12121427.25652324,1537248.48982181],[12121420.22382892,1537230.83363773],[12121420.1700032,1537226.04026959]]},"properties":{"color":"#c026d3"},"id":"6d4d7ac9-cba7-4d40-8486-d32f7f84efa6"},{"type":"Feature","geometry":{"type":"LineString","coordinates":[[12121415.59594263,1537019.00443568,691.89708501],[12121421.55153539,1537030.98475825,691.67132626],[12121449.70757419,1537038.31593465,685.8337398],[12121452.58406984,1537029.35102551,683.94658758],[12121446.89119108,1537002.91343988,683.71369463],[12121414.69091517,1537009.14247001,692.02530093]]},"properties":{"name":"Nhóm 54","color":"#2563eb"},"id":"614c0703-97dd-4a87-912a-e6c27017f161"},{"type":"Feature","geometry":{"type":"LineString","coordinates":[[12121389.39553911,1537116.47902655],[12121402.04677319,1537114.17592971],[12121416.25800948,1537115.77363522],[12121427.11604038,1537120.08744134],[12121432.38537532,1537131.27137997],[12121438.1337396,1537139.41967719],[12121453.30304067,1537128.55527937],[12121455.61836235,1537119.20870148],[12121453.46271509,1537110.66097939],[12121446.74510379,1537101.6282593],[12121443.15237459,1537094.51846853],[12121449.85880365,1537087.48856486],[12121455.17368162,1537076.54798591],[12121461.5192007,1537059.80510487],[12121464.21786784,1537040.38906804],[12121464.25118574,1537015.79217735]]},"properties":{"color":"#c026d3"},"id":"974e2c7f-6df0-4622-823e-fafb9f76ea2a"},{"type":"Feature","geometry":{"type":"LineString","coordinates":[[12121388.42438889,1537026.09921381],[12121392.32484371,1537024.41923064],[12121394.67008014,1537023.88146498],[12121398.36854703,1537018.73073128],[12121412.96446631,1537018.38172246]]},"properties":{"color":"#c026d3"},"id":"0310670d-6674-423a-b8ea-7f648a7b6592"},{"type":"Feature","geometry":{"type":"LineString","coordinates":[[12121388.24345766,1537109.26848078],[12121398.84989215,1537105.96626643],[12121415.42000753,1537100.06912847],[12121429.61954997,1537094.10105788],[12121434.39594224,1537088.33157936],[12121439.67530337,1537078.33758119],[12121441.6977387,1537070.41531017],[12121446.13998997,1537048.06584476],[12121449.70757419,1537038.31593465]]},"properties":{"color":"#c026d3"},"id":"9c12526e-a8b9-4629-85c6-94b9aedaeeaa"},{"type":"Feature","geometry":{"type":"LineString","coordinates":[[12121363.00271804,1537042.47873665],[12121374.95631107,1537059.25597697],[12121377.12041425,1537061.98274199],[12121378.96390842,1537065.15060232],[12121383.21196405,1537069.24075061],[12121385.45556285,1537072.96858665],[12121386.53761291,1537077.37953056],[12121387.01852642,1537086.00092093],[12121386.57768827,1537090.77276086],[12121385.8399124,1537096.20805767],[12121388.24345766,1537109.26848078]]},"properties":{"color":"#c026d3"},"id":"d6b03229-3cab-4bb6-9028-d209a5d5df5f"},{"type":"Feature","geometry":{"type":"LineString","coordinates":[[12121388.24345766,1537109.26848078],[12121391.79482233,1537131.4954487],[12121395.30501155,1537146.22695076],[12121406.42627357,1537156.56343013],[12121412.62320267,1537161.49039504],[12121434.2661796,1537174.92580149],[12121451.11480856,1537185.30785943],[12121472.08116213,1537197.46522246],[12121478.60563433,1537201.27339917],[12121487.70035603,1537204.93320292],[12121497.13901618,1537208.23850998],[12121513.91944534,1537212.45731381]]},"properties":{"color":"#c026d3"},"id":"77438116-b026-4246-bcd8-119a7df5d9c4"},{"type":"Feature","geometry":{"type":"LineString","coordinates":[[12121382.62337793,1537116.20752453],[12121382.44984957,1537111.02652695]]},"properties":{"color":"#c026d3"},"id":"a676e869-a444-4987-8e81-bd38ab09aca8"},{"type":"Feature","geometry":{"type":"LineString","coordinates":[[12121849.47784479,1537404.23317736],[12121848.41834206,1537393.7900758],[12121837.47620718,1537360.01259457],[12121834.37922846,1537355.09442577],[12121830.52274893,1537351.29550665],[12121824.28607887,1537348.32237874],[12121817.97819494,1537347.15578298],[12121780.68450348,1537348.46186591],[12121773.33971636,1537348.70683567],[12121773.33971636,1537348.70683567],[12121758.9038977,1537349.08159361],[12121734.98774753,1537348.13992242],[12121709.03965153,1537344.09538707],[12121692.53942426,1537337.87816875],[12121692.53942426,1537337.87816875],[12121677.48468692,1537328.83051933],[12121642.14832984,1537295.82187685],[12121608.64704467,1537265.33514104],[12121608.64704467,1537265.33514104],[12121569.91048039,1537232.72056757],[12121559.92717618,1537228.03556125],[12121549.14842296,1537224.68615999],[12121514.49411684,1537214.67019607],[12121496.61998461,1537209.36895922],[12121488.94088285,1537206.81278022],[12121476.54992107,1537201.75376837],[12121434.37277219,1537178.42864181],[12121431.79101848,1537176.85124861],[12121419.00837459,1537169.03950872],[12121406.16069951,1537160.84911668],[12121397.68705588,1537152.7625024],[12121394.51627412,1537148.89665964],[12121392.92263429,1537146.61409774],[12121391.28082982,1537142.91393945],[12121389.84764325,1537135.4273355],[12121388.55066864,1537122.50058889],[12121386.49450046,1537109.89149247]]},"properties":{"color":"#c026d3"},"id":"f9a4ffe9-8c78-41ff-bdef-fd6055986622"},{"type":"Feature","geometry":{"type":"LineString","coordinates":[[12121382.62337793,1537116.20752453],[12121384.74206965,1537131.08161493],[12121386.00390838,1537141.62419294],[12121389.34779087,1537150.84105511],[12121400.70438754,1537161.63614847],[12121411.22675041,1537169.14525987],[12121428.83126856,1537179.87943174],[12121467.03215672,1537201.72852731],[12121479.90045902,1537207.96572853]]},"properties":{"color":"#c026d3"},"id":"0f90067e-22e7-4dfd-915f-476c4b7494f4"},{"type":"Feature","geometry":{"type":"LineString","coordinates":[[12121438.43945868,1536930.33120332],[12121438.4200251,1536923.41581176],[12121436.74929143,1536916.41906303],[12121431.08311375,1536910.96269791],[12121420.79843112,1536907.38454483],[12121406.05788764,1536907.49538882]]},"properties":{"color":"#c026d3"},"id":"8dbf1840-34be-4f52-bf98-585cfe5fd960"},{"type":"Feature","geometry":{"type":"LineString","coordinates":[[12121393.58362652,1536898.60575434,692.46456222],[12121391.78915633,1536915.35773966,693.28681631],[12121387.39092325,1536934.207459,695.64505553],[12121391.9706071,1536934.32660879,695.3088189],[12121397.25706599,1536933.02617263,0],[12121410.16466468,1536931.61365985,692.56021562],[12121410.83258162,1536930.68337505,692.01037268],[12121403.35525142,1536894.37021436,689.29144301],[12121393.58362652,1536898.60575434,692.46456222]]},"properties":{"name":"Nhóm 50","color":"#2563eb"},"id":"96297f21-3805-411a-a95c-d20bca3cd568"},{"type":"Feature","geometry":{"type":"LineString","coordinates":[[12121412.85748316,1536930.77502873,690.98219023],[12121436.83856035,1536929.60519029,0],[12121438.43945868,1536930.33120332,685.07955673],[12121441.30851862,1536954.57291543,690.13084335],[12121444.49670883,1536972.97584981,684.03063512]]},"properties":{"name":"Nhóm 56","color":"#2563eb"},"id":"dfcdfc67-b6b5-4ddc-81ea-e270e34ca62a"},{"type":"Feature","geometry":{"type":"LineString","coordinates":[[12121385.42056826,1536969.40249688,695.98712488],[12121388.71562519,1536990.12886701,694.83729006],[12121409.24850527,1536987.35748311,692.59231596],[12121412.76508798,1536988.17320252,692.29795644],[12121416.68242086,1536983.00392486,692.25537854],[12121425.35643558,1536978.91616344,691.25679529],[12121429.44854006,1536967.17530953,688.85307808],[12121421.93113485,1536956.39567952,690.39386156]]},"properties":{"name":"Nhóm 52","color":"#2563eb"},"id":"e4da26ef-51ba-42d5-b374-c38f3ee1dc93"},{"type":"Feature","geometry":{"type":"LineString","coordinates":[[12121387.39092325,1536934.207459,695.64505553],[12121383.65281475,1536944.27790949,695.89853623],[12121383.05502908,1536954.20744609,696.04662708],[12121385.42056826,1536969.40249688,695.98712488],[12121421.93113485,1536956.39567952,690.39386156],[12121412.85748316,1536930.77502873,690.98219023],[12121410.83258162,1536930.68337505,692.01037268]]},"properties":{"name":"Nhóm 51","color":"#2563eb"},"id":"b664bfcb-435d-44c1-b8f4-7a0d74027fd3"},{"type":"Feature","geometry":{"type":"LineString","coordinates":[[12121385.20046666,1536970.39758473],[12121387.60728973,1536984.26560125],[12121388.21727879,1536994.91274803],[12121388.99777336,1537008.91789073],[12121385.69367093,1537009.03656924],[12121385.02059559,1536999.61515628],[12121384.24246295,1536988.45286056],[12121383.33117381,1536978.50330679],[12121382.26340411,1536973.30879644],[12121380.2948011,1536971.56927095]]},"properties":{"name":"Đối tượng 409"},"id":"019fdb81-67fc-7924-8db9-e330fccd6995"},{"type":"Feature","geometry":{"type":"LineString","coordinates":[[12121428.30423681,1536970.45848506,689.60464736],[12121444.49670883,1536972.97584981,684.03063512],[12121448.98065792,1536977.44053671,683.25823087],[12121446.89119108,1537002.91343988,683.71369463]]},"properties":{"name":"Nhóm 55","color":"#2563eb"},"id":"1d89b190-a0d9-4650-ab98-eff02a775abf"},{"type":"Feature","geometry":{"type":"LineString","coordinates":[[12121388.71562519,1536990.12886701,694.83729006],[12121390.55128359,1537013.07786131,694.10165529],[12121415.59594263,1537019.00443568,691.89708501],[12121412.76508798,1536988.17320252,692.29795644]]},"properties":{"name":"Nhóm 53","color":"#2563eb"},"id":"b0b3100d-ad99-4543-b1fe-115af33aedcf"},{"type":"Feature","geometry":{"type":"LineString","coordinates":[[12121383.71404047,1536992.68028186,694.76410136],[12121385.09328896,1537009.37275053,694.92990062],[12121386.81428828,1537020.16614981,695.95469837],[12121372.05777658,1537022.29595917,694.44008533],[12121364.72850131,1536999.39851235,696.26099707]]},"properties":{"name":"Nhóm 29","color":"#2563eb"},"id":"35eb830f-38be-4d22-a8c5-f1ef3220f9f1"},{"type":"Feature","geometry":{"type":"LineString","coordinates":[[12121372.05777658,1537022.29595917,694.44008533],[12121351.87332652,1537030.44629093,692.52138015],[12121344.51622137,1537013.96003062,694.31866679],[12121342.26534126,1537006.34129663,694.51257236]]},"properties":{"name":"Nhóm 30","color":"#2563eb"},"id":"1a286744-d1da-416a-bfc5-e3ea1550f67d"},{"type":"Feature","geometry":{"type":"LineString","coordinates":[[12121332.9668242,1537008.31758457,693.55146744],[12121343.23493403,1537034.73226199,692.82935607],[12121336.03924214,1537039.8156239,692.9081586],[12121334.6488617,1537033.27954571,694.92491029],[12121314.03805799,1537038.60922758,695.64005893]]},"properties":{"name":"Nhóm 13","color":"#2563eb"},"id":"b0661524-435b-4f34-8fb3-ba473eb27577"},{"type":"Feature","geometry":{"type":"LineString","coordinates":[[12121292.91852419,1537043.23661129,695.49682033],[12121292.05468494,1537042.4541148,695.75585322],[12121288.02046659,1537021.20183976,697.52010667],[12121308.55223348,1537015.00144871,695.42040799],[12121313.74083495,1537037.15307407,695.84550826]]},"properties":{"name":"Nhóm 10","color":"#2563eb"},"id":"aa8321c8-a62a-4f42-97cd-85f5422653ef"},{"type":"Feature","geometry":{"type":"LineString","coordinates":[[12121291.31552352,1537045.04105056,695.44320955],[12121292.91852419,1537043.23661129,695.49682033],[12121305.56998432,1537039.72053283,695.43845627],[12121313.74083495,1537037.15307407,695.84550826],[12121318.06559716,1537058.32745568,692.85892704],[12121320.22853487,1537078.92557828,691.2682678],[12121299.41958245,1537077.92654777,694.95212682]]},"properties":{"name":"Nhóm 9","color":"#2563eb"},"id":"e3f9ddcf-b281-4d21-ba62-388a5d3a212b"},{"type":"Feature","geometry":{"type":"LineString","coordinates":[[12121355.91861501,1537125.1028526],[12121382.62337793,1537116.20752453]]},"properties":{"color":"#c026d3"},"id":"2e4835be-d704-4da3-b5bc-c09e30460979"},{"type":"Feature","geometry":{"type":"LineString","coordinates":[[12121351.87332652,1537030.44629093,692.52138015],[12121362.71250533,1537042.53316643,692.01774846],[12121391.4229152,1537037.14849136,691.76916951],[12121386.81428828,1537020.16614981,695.95469837]]},"properties":{"name":"Nhóm 31","color":"#2563eb"},"id":"a7739a18-f929-4ba4-86cb-cbed5b6c922a"},{"type":"Feature","geometry":{"type":"LineString","coordinates":[[12121379.62994995,1537117.2046322],[12121380.97242825,1537108.78860264],[12121379.69170619,1537103.4692461],[12121379.45250249,1537096.76765598],[12121376.85094595,1537083.0254601],[12121375.00567181,1537076.63159723],[12121372.23135317,1537070.8463959],[12121366.31964481,1537061.75138079],[12121364.36170875,1537060.06446751],[12121356.22143744,1537059.06057299],[12121351.23575076,1537059.30845414],[12121351.42155229,1537060.20702343],[12121355.78789896,1537063.02667483],[12121352.3464872,1537072.03511443],[12121349.12592099,1537083.40667235],[12121350.22101595,1537094.9916271],[12121357.34133501,1537124.62894608]]},"properties":{"color":"#c026d3"},"id":"9e131481-994e-4e81-8fc9-cbebe26838aa"},{"type":"Feature","geometry":{"type":"LineString","coordinates":[[12121383.54490063,1537122.67699428],[12121368.87830514,1537124.01135174],[12121361.85624971,1537125.53509308],[12121356.10324319,1537132.13800884],[12121356.74648248,1537143.43413254],[12121358.69235513,1537150.71426273],[12121358.60774692,1537159.94140417],[12121355.98505377,1537164.42799941],[12121352.18044636,1537179.10332418],[12121353.65774317,1537187.3003662],[12121353.42383912,1537193.23433685],[12121353.42383912,1537193.23433685]]},"properties":{"color":"#c026d3"},"id":"551bdb5f-64c0-41c4-9868-e3b7c8c95f4a"},{"type":"Feature","geometry":{"type":"LineString","coordinates":[[12121353.42383912,1537193.23433685],[12121371.39571156,1537199.34051921],[12121386.90043212,1537184.65067763],[12121411.19389348,1537173.73895988]]},"properties":{"color":"#c026d3"},"id":"2bdf8360-8030-40e7-8bea-21d98941de3d"},{"type":"Feature","geometry":{"type":"LineString","coordinates":[[12121323.37331048,1536962.33255248,696.98779444],[12121318.72572174,1536938.73629707,698.71087578],[12121297.25775794,1536943.43240394,700.6502791],[12121300.40475995,1536966.50165413,700.48457075],[12121301.56025626,1536966.55320939,699.08024149],[12121301.56025626,1536966.55320939,699.08024149]]},"properties":{"name":"Nhóm 15","color":"#2563eb"},"id":"7d884c16-8485-476e-ba5d-e751dac0f2ed"},{"type":"Feature","geometry":{"type":"LineString","coordinates":[[12121331.44731315,1536957.74986386,697.95462138],[12121336.2885978,1536976.99486996,697.0004272],[12121338.37806465,1536978.04086932,696.87395038],[12121340.73469827,1536978.20126353,697.07798379],[12121376.31352072,1536968.96255862,696.54150141],[12121377.65492058,1536967.0183524,696.69105011],[12121378.12914161,1536945.16465923,697.41898298],[12121353.2102736,1536952.39613886,699.30678322]]},"properties":{"name":"Nhóm 26","color":"#2563eb"},"id":"dd63dbd8-3694-40ed-9d9d-084aa93c4460"},{"type":"Feature","geometry":{"type":"LineString","coordinates":[[12121328.52406332,1536986.83391041,694.8664364],[12121303.6942509,1536992.04443305,697.49275739],[12121301.56025626,1536966.55320939,699.08024149],[12121323.37331048,1536962.33255248,696.98779445],[12121328.52406332,1536986.83391041,694.8664364]]},"properties":{"name":"Nhóm 14","color":"#2563eb"},"id":"1d2aa2d6-bc70-4e4e-a32f-b9107e1eaa36"},{"type":"Feature","geometry":{"type":"LineString","coordinates":[[12121334.79636041,1536978.44271129],[12121338.84638385,1536980.19687811],[12121350.31209256,1536977.02451901],[12121366.06352108,1536972.97039913],[12121379.37016715,1536970.04406997],[12121381.63926211,1536966.22325356]]},"properties":{"name":"Đối tượng 406"},"id":"019fdb81-67fc-7562-ae75-502a0caef8d6"},{"type":"Feature","geometry":{"type":"LineString","coordinates":[[12121380.2948011,1536971.56927095],[12121372.52579283,1536973.75927204],[12121353.84673284,1536978.68175098],[12121339.75222302,1536982.28994705],[12121336.35149946,1536985.06253237],[12121338.31986354,1536998.18837288],[12121342.41928926,1537013.99844844],[12121347.31929009,1537025.32046222],[12121354.57403822,1537036.71447259],[12121364.66889817,1537049.91035728],[12121374.19214854,1537062.55541593],[12121378.81880764,1537069.45184196],[12121381.19678626,1537075.35268903],[12121383.67840994,1537088.19456859],[12121385.4481889,1537101.67472099],[12121386.49450046,1537109.89149247]]},"properties":{"name":"Đối tượng 407"},"id":"019fdb81-67fc-763f-9a3c-a4d6ae2d388b"},{"type":"Feature","geometry":{"type":"LineString","coordinates":[[12121359.06345243,1536977.26295742,697.96727774],[12121380.93773237,1536972.80743592,696.71183227],[12121382.82014495,1536981.12158397,695.79231456],[12121383.71404047,1536992.68028186,694.76410136],[12121364.72850131,1536999.39851235,696.26099707]]},"properties":{"name":"Nhóm 28","color":"#2563eb"},"id":"4dafe4c1-495c-48b1-a08e-b9efe8c6b881"},{"type":"Feature","geometry":{"type":"LineString","coordinates":[[12121305.78037816,1536995.65445054,696.76563341],[12121321.81929039,1536993.26457537,695.57937082],[12121330.2784585,1536996.12761377,694.46147874],[12121332.9668242,1537008.31758457,693.55146745],[12121320.7450573,1537010.78880394,695.19685227],[12121308.55223348,1537015.00144871,695.42040799]]},"properties":{"name":"Nhóm 12","color":"#2563eb"},"id":"ab78064e-d4b1-45ca-8b35-4f6ca1bf5491"},{"type":"Feature","geometry":{"type":"LineString","coordinates":[[12121382.44984957,1537111.02652695],[12121380.8508048,1537098.33439156],[12121379.32580473,1537089.0096112],[12121376.96703328,1537078.28185251],[12121372.92553644,1537068.02858498],[12121367.91616665,1537060.17144973],[12121356.93203081,1537045.52883126],[12121351.51204787,1537038.63774646],[12121343.66460301,1537027.14572168],[12121338.36592015,1537015.72456002],[12121333.93518629,1537003.53892914],[12121331.13168534,1536991.14935723]]},"properties":{"name":"Đối tượng 415"},"id":"019fdb81-67fc-799d-80ff-01c94f153256"},{"type":"Feature","geometry":{"type":"LineString","coordinates":[[12121338.75766411,1536983.97660137,696.82171508],[12121337.76135467,1536986.6929926,696.52024512],[12121342.26534126,1537006.34129663,694.51257236],[12121364.72850131,1536999.39851235,696.26099707],[12121359.06345243,1536977.26295742,697.96727774],[12121338.75766411,1536983.97660137,696.82171508]]},"properties":{"name":"Nhóm 27","color":"#2563eb"},"id":"2dfea313-4a42-4c39-bbf8-da10eb829e9a"},{"type":"Feature","geometry":{"type":"LineString","coordinates":[[12121293.99943645,1536917.50816282,702.76598293],[12121315.95497961,1536913.37687585,700.95177723],[12121315.51749402,1536889.6305806,701.67342665],[12121292.1737968,1536889.92387191,705.89472361]]},"properties":{"name":"Nhóm 21","color":"#2563eb"},"id":"93916f38-10e0-4f34-92a0-aa99e6aee320"},{"type":"Feature","geometry":{"type":"LineString","coordinates":[[12121322.89908945,1536896.32816338,700.77150305],[12121323.11504926,1536903.65242917,700.37265742],[12121332.8365804,1536903.33736998,699.42487603],[12121336.96875989,1536902.56747992,698.90612326],[12121344.18337609,1536901.83081431,698.78805859],[12121344.27911085,1536897.16450209,699.03525996]]},"properties":{"name":"Nhóm 22","color":"#2563eb"},"id":"2a60eebc-8d99-40bc-a739-5f5fedd8b2d0"},{"type":"Feature","geometry":{"type":"LineString","coordinates":[[12121388.6466071,1536898.32162829,692.51417156],[12121384.71480269,1536916.62370532,695.68284037],[12121349.1437726,1536928.07582819,700.59449404],[12121347.65431781,1536927.46403999,699.83121666]]},"properties":{"name":"Nhóm 48","color":"#2563eb"},"id":"0c23e8bd-42d6-41f0-85b1-5aba15cab949"},{"type":"Feature","geometry":{"type":"LineString","coordinates":[[12121324.4197137,1536913.44103338,699.90341099],[12121326.53478402,1536932.73412606,698.64178041],[12121343.90285097,1536929.04048302,698.6553378],[12121347.65431781,1536927.46403999,699.83121666],[12121347.79458037,1536918.54155749,698.45964268],[12121347.14336135,1536912.96099758,698.39973853],[12121344.60750335,1536907.80548237,698.75211548],[12121324.4197137,1536913.44103338,699.90341099]]},"properties":{"name":"Nhóm 24","color":"#2563eb"},"id":"2bb7580c-7974-400c-bd2a-f4c1ecc28579"},{"type":"Feature","geometry":{"type":"LineString","coordinates":[[12121367.90555958,1536899.26451434,697.05801434],[12121350.02542297,1536902.58466497,699.56425742],[12121344.60750335,1536907.80548237,698.75211548],[12121343.90396417,1536905.02952425,698.81887518]]},"properties":{"name":"Nhóm 47","color":"#2563eb"},"id":"a0c87578-6bad-467c-9ea0-4f86aabf4e1c"},{"type":"Feature","geometry":{"type":"LineString","coordinates":[[12121323.11504926,1536903.65242917,700.37265742],[12121323.5224786,1536908.89616017,700.2057817],[12121332.41356633,1536908.47340795,699.42250674],[12121338.05857771,1536907.40220656,699.84658896],[12121343.90396417,1536905.02952425,698.81887518],[12121344.18337609,1536901.83081431,698.78805859]]},"properties":{"name":"Nhóm 23","color":"#2563eb"},"id":"9098ec04-45cf-4d3d-9bdd-5fe40da07d57"},{"type":"Feature","geometry":{"type":"LineString","coordinates":[[12121293.90147529,1536920.2692285,702.59515142],[12121310.26432725,1536916.43466972,701.04897344],[12121315.30376059,1536916.06805522,700.41891019],[12121316.75647995,1536924.22866593,700.2432957],[12121318.19361458,1536936.48161615,698.89519192],[12121301.73280147,1536939.96903937,700.71853447],[12121297.41805801,1536941.51111299,700.5352822]]},"properties":{"name":"Nhóm 19","color":"#2563eb"},"id":"3383d69f-2665-4f36-bf56-c9df32af7e95"},{"type":"Feature","geometry":{"type":"LineString","coordinates":[[12121348.92224682,1536930.32821707,700.63477918],[12121375.40070089,1536922.71179805,697.08773586],[12121382.28692459,1536923.13455049,696.42362913],[12121378.2193104,1536938.47852105,697.45632999],[12121377.20741623,1536943.68330599,697.52792664],[12121378.12914161,1536945.16465923,697.41898298]]},"properties":{"name":"Nhóm 49","color":"#2563eb"},"id":"e3168026-d9a8-478b-971b-ffb3ff34cf8f"},{"type":"Feature","geometry":{"type":"LineString","coordinates":[[12121327.01123144,1536935.4356184,699.81608671],[12121331.44731315,1536957.74986386,697.95462138],[12121353.2102736,1536952.39613886,699.30678322],[12121348.92224682,1536930.32821707,700.63477918],[12121340.81039552,1536931.59876613,699.9993272],[12121327.01123144,1536935.4356184,699.8160867]]},"properties":{"name":"Nhóm 25","color":"#2563eb"},"id":"154fcfdd-b08b-4940-89fe-2d419b626544"},{"type":"Feature","geometry":{"type":"LineString","coordinates":[[12121240.32674396,1537069.19992624,692.63701396],[12121220.24359463,1537085.09046802,687.13088593],[12121216.84167099,1537081.57094707,686.76291144],[12121208.02182773,1537061.69918133,687.94874375],[12121216.38303469,1537056.27784081,689.9964422],[12121232.82381028,1537048.02439041,694.46913744]]},"properties":{"name":"Nhóm 27","color":"#2563eb"},"id":"789cc24e-96d2-4a45-b00f-a9055049d678"},{"type":"Feature","geometry":{"type":"LineString","coordinates":[[12121213.86307327,1537202.91849176],[12121188.26749214,1537198.27231361],[12121170.8161641,1537195.87275726],[12121156.8255274,1537203.61329556]]},"properties":{"color":"#c8c8c8"},"id":"8d0e3e03-fedb-42c2-8ee2-782a1b417c80"},{"type":"Feature","geometry":{"type":"LineString","coordinates":[[12121213.82679375,1537232.18452474],[12121234.76770818,1537235.65782393],[12121262.87233352,1537236.23466405],[12121262.87233352,1537236.23466405],[12121303.8084818,1537222.2031588],[12121320.25914166,1537212.08787642],[12121338.83474312,1537204.11150662],[12121353.42383912,1537193.23433685]]},"properties":{"color":"#c026d3"},"id":"3d2047f1-9000-4be2-83ea-6a6c94c39c2f"},{"type":"Feature","geometry":{"type":"LineString","coordinates":[[12120990.19797665,1537071.25590787],[12120981.03005362,1537084.19510167],[12120964.85055308,1537102.10447224],[12120957.61271911,1537116.10582542],[12120956.8742543,1537129.61702597],[12120964.49810755,1537146.41865568],[12120974.29272054,1537162.27454881],[12120975.16125473,1537177.62775861],[12120971.31988977,1537199.78789101],[12120970.5478512,1537212.43739126],[12120973.15347585,1537221.41757113],[12120971.4559513,1537232.46886843],[12120964.41112329,1537244.34588076],[12120940.85506781,1537266.26297926]]},"properties":{"color":"#c026d3"},"id":"26745612-cc81-41a1-87e9-87ae7cc1ead7"},{"type":"Feature","geometry":{"type":"LineString","coordinates":[[12121135.54642488,1537555.03834538],[12121144.64683071,1537528.96871679],[12121142.27172204,1537499.53672061],[12121143.37981908,1537440.79628552],[12121140.36202431,1537372.81953043],[12121158.63047093,1537354.16649657],[12121166.12117791,1537339.54190082],[12121173.56626249,1537310.51191238],[12121169.91225772,1537292.04835605],[12121165.57536846,1537244.77808563],[12121164.47916981,1537221.7443501],[12121203.36299906,1537230.59475825],[12121213.82679375,1537232.18452474]]},"properties":{"color":"#c026d3"},"id":"5751092f-f796-47f8-98b6-db5590bde492"},{"type":"Feature","geometry":{"type":"LineString","coordinates":[[12121213.86307327,1537202.91849176],[12121255.26835226,1537210.56147523],[12121255.26835226,1537210.56147523],[12121281.88267297,1537202.40942458],[12121312.95433735,1537187.84368899],[12121341.99624501,1537170.66646474],[12121352.51657915,1537162.34318659],[12121353.74985172,1537155.60580609],[12121351.28384242,1537140.41554315],[12121352.09637275,1537130.36406512],[12121355.91861501,1537125.1028526]]},"properties":{"color":"#c026d3"},"id":"e6becbc4-fecb-413a-bc52-59044481ca0b"},{"type":"Feature","geometry":{"type":"LineString","coordinates":[[12121219.27557009,1537381.77199083],[12121219.50124014,1537361.74447412],[12121219.40169567,1537347.69478429],[12121218.71227352,1537341.91339681],[12121220.38881127,1537333.04089191],[12121221.20954954,1537327.45659669],[12121221.99371945,1537315.10084262],[12121223.17293983,1537308.38153871],[12121226.19325568,1537302.33735986],[12121230.65057557,1537293.31727514],[12121238.33778783,1537284.48734613],[12121238.33778783,1537284.48734613],[12121244.68468497,1537277.58478952],[12121256.1039557,1537276.22542921],[12121270.39838961,1537273.66838306],[12121283.39653177,1537270.21487464],[12121301.52355181,1537265.58232648],[12121322.42716492,1537263.16802788],[12121338.1695046,1537260.34549279],[12121360.00752069,1537255.51020535],[12121362.30957873,1537254.40095162]]},"properties":{"color":"#c026d3"},"id":"415b1763-c29c-4712-b7a7-f565088cf30c"},{"type":"Feature","geometry":{"type":"LineString","coordinates":[[12121124.33853108,1537547.80972818],[12121127.54631307,1537481.39615641],[12121128.69704756,1537431.74476221],[12121132.25930175,1537405.45484785],[12121129.19174226,1537372.418156],[12121148.94842552,1537347.26513666],[12121158.17054066,1537337.46976002],[12121161.43582049,1537309.56688857],[12121161.01018008,1537285.00747248],[12121153.52415012,1537251.0398679],[12121151.82159929,1537224.49298236],[12121140.5389152,1537206.51371012]]},"properties":{"color":"#c026d3"},"id":"453026a3-efd4-4ebb-ae2d-a5ba7f0d6664"},{"type":"Feature","geometry":{"type":"LineString","coordinates":[[12121219.27557009,1537381.77199083],[12121218.24999277,1537394.8279721],[12121217.25037827,1537411.95236206],[12121214.82335982,1537417.93345729],[12121205.14479541,1537435.06635632],[12121195.9956695,1537451.23626363],[12121189.09052087,1537464.36784634],[12121186.6296044,1537474.39317379],[12121189.2211005,1537488.20190614],[12121190.68489666,1537500.12389958],[12121191.3440709,1537509.92937334],[12121195.30915304,1537522.23705204],[12121202.38428915,1537531.29502296],[12121209.3286791,1537539.12398495],[12121211.08647705,1537545.89547894],[12121210.90339242,1537552.11293622],[12121209.37933482,1537556.87273961],[12121206.40378474,1537558.86486372],[12121199.87765509,1537559.70442955],[12121188.67079244,1537560.98372894],[12121177.71621767,1537564.24870854],[12121166.32380316,1537568.53785225],[12121159.23829239,1537571.70954814]]},"properties":{"color":"#c8c8c8"},"id":"c266ffcf-d634-4448-accc-5d9ae92aabff"},{"type":"Feature","geometry":{"type":"LineString","coordinates":[[12121282.98993881,1537020.35174911,697.41922215],[12121279.8652007,1537003.15403142,698.88397934],[12121277.15011832,1536996.72909246,700.25982548],[12121276.4766354,1536996.90896324,700.56915876],[12121271.61976602,1536995.50207594,702.66032517],[12121249.00187188,1536989.76339718,705.00739983],[12121222.48334278,1536978.25281881,704.48286195],[12121216.2260742,1536993.76294338,701.06329163],[12121222.16496904,1537001.03338895,701.30212525],[12121236.72333204,1537013.62205666,700.21143378],[12121253.29435144,1537015.58917973,700.11082866]]},"properties":{"name":"Nhóm 4","color":"#2563eb"},"id":"a24e1b43-b086-44b7-a011-e2d4d26ddd50"},{"type":"Feature","geometry":{"type":"LineString","coordinates":[[12121331.13168534,1536991.14935723],[12121327.16300421,1536990.39700756],[12121316.02887414,1536992.37218296],[12121298.81217599,1536996.15185964],[12121289.99589756,1536997.1870306],[12121284.0910038,1536997.97414305]]},"properties":{"name":"Đối tượng 413"},"id":"019fdb81-67fc-7d94-bc24-3c026d54e606"},{"type":"Feature","geometry":{"type":"LineString","coordinates":[[12121216.2260742,1536993.76294338,701.06329162],[12121194.96293827,1537002.52047371,692.07803012],[12121215.49470515,1537038.11429577,692.35862885],[12121232.41638094,1537035.9123076,695.6704161],[12121252.06538426,1537029.51600273,699.36082693]]},"properties":{"name":"Nhóm 5","color":"#2563eb"},"id":"153e0925-0624-4877-a6a2-7c1b2f782820"},{"type":"Feature","geometry":{"type":"LineString","coordinates":[[12121288.02046659,1537021.20183976,697.52010667],[12121284.64859922,1537001.50196958,699.077338],[12121285.76068093,1536999.02273133,699.17757806],[12121305.78037816,1536995.65445054,696.76563341],[12121308.55223348,1537015.00144871,695.42040799]]},"properties":{"name":"Nhóm 11","color":"#2563eb"},"id":"94903dbd-d3ee-43b3-9bdb-8e48de4f5d6d"},{"type":"Feature","geometry":{"type":"LineString","coordinates":[[12121291.31552352,1537045.04105056,695.44320955],[12121297.28447462,1537064.83146099,694.51206386],[12121299.41958245,1537077.92654777,694.95212681],[12121298.1416347,1537095.62039167,694.36967528],[12121287.18111763,1537092.38499743,694.82059734],[12121257.97199645,1537094.02789941,691.8149544],[12121256.0806783,1537091.82819804,692.25978937],[12121248.05899579,1537065.47647693,693.97336334],[12121250.42564817,1537063.70526091,694.6427825],[12121250.82305875,1537062.11506189,694.77910697],[12121288.56815849,1537057.7122275,694.90310201],[12121287.72324356,1537045.48900979,695.65626963],[12121291.31552352,1537045.04105056,695.44320955]]},"properties":{"name":"Nhóm 1","color":"#2563eb"},"id":"2462b1c7-51b9-4c3f-aac9-301f2ec7ff72"},{"type":"Feature","geometry":{"type":"LineString","coordinates":[[12121289.2004532,1537045.30455599,695.56866516],[12121288.68615715,1537043.23202858,695.83722309],[12121284.71650411,1537042.92957021,696.26273299],[12121262.31345659,1537042.90092831,697.24621129],[12121251.7080487,1537043.37638372,697.67533525],[12121243.86559057,1537044.44644484,696.58594156],[12121232.82381028,1537048.02439041,694.46913744],[12121237.46026707,1537063.58152784,693.20228486],[12121240.32674396,1537069.19992624,692.63701397],[12121248.05899579,1537065.47647693,693.97336334]]},"properties":{"name":"Nhóm 2","color":"#2563eb"},"id":"d251bf85-908e-4097-8f41-67d601120292"},{"type":"Feature","geometry":{"type":"LineString","coordinates":[[12121279.63668414,1536999.52927125],[12121280.63515985,1537004.24262169],[12121282.82173642,1537014.48444467],[12121284.72954082,1537026.68263624],[12121286.80878475,1537036.73180491],[12121288.28270197,1537042.93000854],[12121291.37456236,1537043.00895225]]},"properties":{"color":"#c026d3"},"id":"9d27d95e-e52c-4d09-b2e8-def98ae91276"},{"type":"Feature","geometry":{"type":"LineString","coordinates":[[12121251.7080487,1537043.37638372,697.67533526],[12121251.26944991,1537033.62553965,698.78244314],[12121252.06538426,1537029.51600273,699.36082693],[12121253.10176873,1537021.15143007,700.06564435],[12121253.29435144,1537015.58917973,700.11082866],[12121282.98993881,1537020.35174911,697.41922215],[12121285.5925885,1537037.26764161,697.14668273],[12121284.71650411,1537042.92957021,696.26273299]]},"properties":{"name":"Nhóm 3","color":"#2563eb"},"id":"8b646277-4b31-448d-bf7c-3c700a26da67"},{"type":"Feature","geometry":{"type":"LineString","coordinates":[[12121284.0910038,1536997.97414305],[12121283.43877872,1537000.69709192],[12121284.34504322,1537006.20471581],[12121287.08945324,1537020.03769291],[12121288.58402226,1537029.75644385],[12121290.84507375,1537040.29372402],[12121291.37456236,1537043.00895225]]},"properties":{"name":"Đối tượng 416"},"id":"019fdb81-67fc-7648-b33f-5513a682687c"},{"type":"Feature","geometry":{"type":"LineString","coordinates":[[12121260.10710428,1536945.80279828,707.08320018],[12121264.91944587,1536941.48819956,706.80792183],[12121264.94838893,1536934.5202272,707.69779194],[12121263.61255505,1536917.66397398,709.16670963],[12121247.45230457,1536929.35668817,711.60952612],[12121240.73751288,1536940.03319696,710.47700887]]},"properties":{"name":"Nhóm 8","color":"#2563eb"},"id":"aad6df16-1e3b-487e-8799-7b1a4584b08d"},{"type":"Feature","geometry":{"type":"LineString","coordinates":[[12121035.2908903,1536892.50516308],[12121033.38097338,1536905.92562336],[12121030.66262216,1536915.74330987],[12121026.89512902,1536926.4999104],[12121024.48705907,1536937.98427531],[12121026.70608582,1536966.16428123],[12121028.63912776,1536982.70433155],[12121028.33515778,1536996.63432454],[12121023.89470222,1537016.38490802],[12121015.15003097,1537038.32840202],[12121004.32136159,1537055.33026953],[12120990.19797665,1537071.25590787]]},"properties":{"color":"#c026d3"},"id":"1e3fa239-1796-4d1d-bebb-b0ca679098b7"},{"type":"Feature","geometry":{"type":"LineString","coordinates":[[12121271.86578209,1536947.43767163,705.12271378],[12121270.32066756,1536924.98366288,707.20439335],[12121293.90147529,1536920.2692285,702.59515142],[12121297.41805801,1536941.51111299,700.5352822],[12121297.25775794,1536943.43240394,700.6502791]]},"properties":{"name":"Nhóm 18","color":"#2563eb"},"id":"7894eebf-71d4-4299-905c-dc5cc22b6391"},{"type":"Feature","geometry":{"type":"LineString","coordinates":[[12121269.74848538,1536967.52588531,703.25821825],[12121267.17811833,1536950.36142577,705.71651499],[12121260.10710428,1536945.80279828,707.08320018],[12121240.73751288,1536940.03319696,710.47700887],[12121233.70323426,1536955.80794979,708.28545517],[12121236.74225636,1536959.28621013,708.02370813]]},"properties":{"name":"Nhóm 7","color":"#2563eb"},"id":"cedde0f1-6e39-428e-b241-e71c34bc244c"},{"type":"Feature","geometry":{"type":"LineString","coordinates":[[12121203.49014347,1536948.61304926],[12121233.70323426,1536955.80794979]]},"properties":{"color":"#c026d3"},"id":"b36b73fc-b9a0-4e92-9696-ecb66126f565"},{"type":"Feature","geometry":{"type":"LineString","coordinates":[[12121297.25775794,1536943.43240394,700.6502791],[12121297.25775794,1536943.43240394,700.6502791],[12121271.86578209,1536947.43767163,705.12271378],[12121274.68105202,1536969.28449261,703.18288912],[12121276.42542843,1536973.20498435,702.54593634]]},"properties":{"name":"Nhóm 17","color":"#2563eb"},"id":"aa3ce6b4-fb12-42f3-8f50-da4422353fdf"},{"type":"Feature","geometry":{"type":"LineString","coordinates":[[12121276.4766354,1536996.90896324,700.56915876],[12121270.01342576,1536967.54421606,703.20373723],[12121255.87473724,1536966.56924881,706.10930678],[12121236.74225636,1536959.28621013,708.02370813],[12121228.40220011,1536980.82141764,704.59991763]]},"properties":{"name":"Nhóm 6","color":"#2563eb"},"id":"66f96d22-d5e1-43cb-876a-39c983029bcf"},{"type":"Feature","geometry":{"type":"LineString","coordinates":[[12121303.6942509,1536992.04443305,697.49275739],[12121283.51648,1536994.56147788,699.60338944],[12121279.74497565,1536990.80137732,700.53713585],[12121276.90744183,1536978.71910769,701.97362491],[12121276.42542843,1536973.20498435,702.54593634],[12121279.18949139,1536971.46012487,702.18728729],[12121300.40475995,1536966.50165413,700.48457075],[12121301.56025626,1536966.55320939,699.08024149]]},"properties":{"name":"Nhóm 16","color":"#2563eb"},"id":"c18a21ac-c473-4edc-baff-640a0bf19b66"},{"type":"Feature","geometry":{"type":"LineString","coordinates":[[12121199.65355771,1536974.82704288],[12121205.42298642,1536973.38383933],[12121215.04988525,1536975.16267167],[12121222.48334278,1536978.25281881]]},"properties":{"color":"#c026d3"},"id":"f5fedc69-0c54-43c0-a514-74d69feb7040"},{"type":"Feature","geometry":{"type":"LineString","coordinates":[[12121396.23636999,1536832.88679216,699.53732902],[12121396.23636999,1536832.88679216,699.53732902],[12121392.63518446,1536847.48831892,698.81488643],[12121383.86766136,1536850.22646409,698.55320607],[12121366.10218383,1536846.25214385,701.05749095]]},"properties":{"name":"Nhóm 14","color":"#2563eb"},"id":"e2bad8b2-498b-463e-8329-12b281a68803"},{"type":"Feature","geometry":{"type":"LineString","coordinates":[[12121399.74627353,1536846.48127732,699.54022995],[12121396.02931573,1536863.39476946,695.41118187],[12121394.85155552,1536878.71693834,693.93866151],[12121393.58362652,1536898.60575434,692.46456222]]},"properties":{"name":"Nhóm 91","color":"#2563eb"},"id":"176aacf1-1dc0-4ee8-a76d-d6c7e19bff8c"},{"type":"Feature","geometry":{"type":"LineString","coordinates":[[12121392.63518446,1536847.48831892,698.81488643],[12121389.99134655,1536867.79413514,694.15543796],[12121372.73793867,1536864.87038995,697.64916092]]},"properties":{"name":"Nhóm 45","color":"#2563eb"},"id":"e5574483-33fd-4568-9352-87f4241d4d34"},{"type":"Feature","geometry":{"type":"LineString","coordinates":[[12121439.41274768,1536858.10751192,690.88085489],[12121423.08997075,1536868.62245329,691.27832567],[12121411.58844096,1536879.61972529,690.98183458],[12121403.35525142,1536894.37021436,689.291443]]},"properties":{"name":"Nhóm 90","color":"#2563eb"},"id":"59afaa12-3b25-4ac1-b759-999e8e0e0925"},{"type":"Feature","geometry":{"type":"LineString","coordinates":[[12121389.99134655,1536867.79413514,694.15543796],[12121388.6466071,1536898.32162829,692.51417156],[12121376.25340819,1536898.31131727,695.42287249],[12121367.90555958,1536899.26451434,697.05801434],[12121366.50849997,1536891.40636787,696.31542299],[12121366.84579803,1536884.10043611,696.79121344],[12121369.71227491,1536879.43298129,695.8569129]]},"properties":{"name":"Nhóm 46","color":"#2563eb"},"id":"d39a8c6c-d079-4531-ae7e-9df55d1ab367"},{"type":"Feature","geometry":{"type":"LineString","coordinates":[[12121405.2176265,1536797.08587545,702.44987639],[12121405.43358632,1536802.52549454,701.35133647],[12121431.14170952,1536792.51123455,700.49533746],[12121452.11875436,1536804.46854324,698.99926215],[12121458.65098209,1536794.89078094,699.09046784],[12121467.11682936,1536777.73788787,699.19125113],[12121464.90936386,1536776.36881893,699.94899992]]},"properties":{"name":"Nhóm 37","color":"#2563eb"},"id":"90021c60-5847-4747-93eb-fae37eec0580"},{"type":"Feature","geometry":{"type":"LineString","coordinates":[[12121379.63084154,1536779.26162159,706.8181925],[12121394.53095539,1536780.75671378,707.0275133],[12121397.37294199,1536782.99877938,703.94326971],[12121398.57073971,1536793.52858512,702.06687649],[12121399.37780602,1536810.80063747,700.4232021],[12121387.84176719,1536805.83303094,702.9895658],[12121378.36513893,1536800.41861583,704.72369409]]},"properties":{"name":"Nhóm 12","color":"#2563eb"},"id":"f8792ccf-b457-402e-a7eb-e6fb78507daa"},{"type":"Feature","geometry":{"type":"LineString","coordinates":[[12121381.63926211,1536966.22325356],[12121380.50943605,1536959.57091586],[12121379.69233756,1536953.64925335],[12121379.79053277,1536948.51546506],[12121380.03102431,1536943.70285133],[12121381.98012805,1536936.99883135],[12121383.52648782,1536928.59868719],[12121385.37820445,1536921.54896017],[12121387.47858172,1536913.5732558],[12121388.54900448,1536902.73958794],[12121389.55050834,1536897.4548892],[12121390.23074761,1536889.10158713],[12121390.29065,1536879.11898099],[12121390.41314358,1536871.7037986],[12121390.79347616,1536867.73898958],[12121392.35526291,1536859.25136407],[12121394.28361265,1536848.52118098],[12121396.66759009,1536835.40915146],[12121398.81121961,1536823.80617226],[12121399.95556641,1536814.45819054],[12121400.04316107,1536809.30470918],[12121400.04456782,1536805.71795809],[12121399.12646469,1536792.83677583],[12121398.56085711,1536785.15486851]]},"properties":null,"id":"4c2aaf75-de00-4c60-be56-bda9ca319afe"},{"type":"Feature","geometry":{"type":"LineString","coordinates":[[12121405.43358632,1536802.52549454,701.35133646],[12121405.96680668,1536811.16266787,700.73888163],[12121417.06869949,1536813.14696117,698.52553548],[12121430.05411809,1536805.65659844,698.8054504],[12121437.93219846,1536796.382437,700.01106401]]},"properties":{"name":"Nhóm 38","color":"#2563eb"},"id":"0856e3b1-e67d-4123-a539-570954ff701e"},{"type":"Feature","geometry":{"type":"LineString","coordinates":[[12121422.34635655,1536815.89426819,698.89212099],[12121442.04434045,1536802.27344813,698.67073396],[12121446.2522172,1536803.75479361,698.01343685],[12121450.2953411,1536806.99473589,698.27875751],[12121452.5724598,1536809.31105084,0],[12121457.83869498,1536819.91802359,696.63613359],[12121446.88228552,1536822.95500888,695.60874848],[12121432.40073296,1536823.06957551,695.67996845],[12121431.20293524,1536823.84519164,695.86833686]]},"properties":{"name":"Nhóm 41","color":"#2563eb"},"id":"eb500c9b-69c7-4318-a6f3-8d629320bc48"},{"type":"Feature","geometry":{"type":"LineString","coordinates":[[12121399.37780602,1536810.80063747,700.4232021],[12121396.23636999,1536832.88679216,699.53732902],[12121376.64080002,1536828.28694052,702.35222887]]},"properties":{"name":"Nhóm 13","color":"#2563eb"},"id":"54154537-c3e3-4406-b486-df56fe3035e9"},{"type":"Feature","geometry":{"type":"LineString","coordinates":[[12121403.68141753,1536823.76499499,700.37392061],[12121404.70555685,1536814.71652353,700.79434596],[12121414.42820117,1536814.88722776,698.51644813],[12121422.34635655,1536815.89426819,698.89212099]]},"properties":{"name":"Nhóm 92","color":"#2563eb"},"id":"b43c2394-d0ab-4030-9be5-042072f06fe2"},{"type":"Feature","geometry":{"type":"LineString","coordinates":[[12121415.61375375,1536822.73160394,698.67352666],[12121416.694666,1536820.31081111,698.66285162],[12121422.34635655,1536815.89426819,698.89212099],[12121428.4778341,1536816.06153543,696.52298429],[12121431.20293524,1536823.84519164,695.86833686],[12121429.60216096,1536826.09871749,696.58001444]]},"properties":{"name":"Nhóm 40","color":"#2563eb"},"id":"31805597-e70f-44de-baef-91670651fa0b"},{"type":"Feature","geometry":{"type":"LineString","coordinates":[[12121403.68141753,1536823.76499499,700.37392061],[12121399.74627353,1536846.48127732,699.54022995],[12121420.46728355,1536848.01188892,695.82095927],[12121426.58206318,1536845.49600343,694.54260608],[12121429.04556351,1536842.70515805,694.34527716],[12121431.22297275,1536829.75339376,694.6644851],[12121429.60216096,1536826.09871749,696.58001444],[12121415.61375375,1536822.73160394,698.67352666],[12121403.68141753,1536823.76499499,700.37392061]]},"properties":{"name":"Nhóm 39","color":"#2563eb"},"id":"657a7305-aadc-4b96-83c4-f2c2480c31db"},{"type":"Feature","geometry":{"type":"LineString","coordinates":[[12121417.97706654,1536735.73098915,711.06949852],[12121424.433597,1536734.79727412,710.21608889],[12121424.52821857,1536750.14113757,707.43050157],[12121417.15330231,1536757.69564205,707.86701223],[12121380.00598823,1536773.52184316,707.44755698],[12121385.72781006,1536755.79040361,709.44297167]]},"properties":{"name":"Nhóm 6","color":"#2563eb"},"id":"241fafaf-52a7-495c-b2c7-1ebe85f26f74"},{"type":"Feature","geometry":{"type":"LineString","coordinates":[[12121360.48388913,1536743.96945039,710.79284813],[12121358.93988779,1536752.75554122,710.6706054],[12121378.94956626,1536754.26552556,709.38652022],[12121385.72781006,1536755.79040361,709.44297167],[12121387.63248654,1536745.79105459,709.63093684],[12121360.48388913,1536743.96945039,710.79284813]]},"properties":{"name":"Nhóm 5","color":"#2563eb"},"id":"055993c4-9a5a-48c7-99a5-3b1d3e7ee929"},{"type":"Feature","geometry":{"type":"LineString","coordinates":[[12121360.48388913,1536743.96945039,710.79284813],[12121362.49877191,1536740.49236347,711.23715089]]},"properties":{"name":"Nhóm 7","color":"#2563eb"},"id":"80513a7f-7fa9-4135-8e32-082c86463b7d"},{"type":"Feature","geometry":{"type":"LineString","coordinates":[[12121371.88411818,1536719.07305964,716.10198902],[12121362.49877191,1536740.49236347,711.23715089],[12121369.98946045,1536742.22002307,710.03021964],[12121385.25470222,1536742.03671701,710.69474275],[12121417.97706654,1536735.73098915,711.06949852],[12121416.6957792,1536717.47715263,714.7856126]]},"properties":{"name":"Nhóm 4","color":"#2563eb"},"id":"efde9c15-7057-4b46-a7f7-b5c27f5c01e2"},{"type":"Feature","geometry":{"type":"LineString","coordinates":[[12121358.93988779,1536752.75554122,710.6706054],[12121354.31901573,1536767.34556798,708.59057063],[12121380.00598823,1536773.52184316,707.44755698]]},"properties":{"name":"Nhóm 8","color":"#2563eb"},"id":"725506f3-28c0-468f-8968-c2dd6d937f1d"},{"type":"Feature","geometry":{"type":"LineString","coordinates":[[12121451.53210065,1536738.37288731,705.7118782],[12121435.65237529,1536753.99056634,706.8955599],[12121422.77716298,1536759.06241872,707.14762017],[12121418.10063117,1536762.11217545,707.22373317],[12121430.26673832,1536780.71546986,702.67492568],[12121449.15542952,1536768.50154295,703.27331645],[12121464.90936386,1536776.36881893,699.94899992],[12121476.67694723,1536742.01036676,701.28930956]]},"properties":{"name":"Nhóm 35","color":"#2563eb"},"id":"fdfca767-8b37-494a-924d-62b8d3547321"},{"type":"Feature","geometry":{"type":"LineString","coordinates":[[12121418.10063117,1536762.11217545,707.22373317],[12121398.4416091,1536770.8948352,707.08149681],[12121402.07841686,1536779.37275105,704.77408176],[12121405.2176265,1536797.08587545,702.44987639],[12121427.36575239,1536787.96065338,701.73340274],[12121425.98539071,1536784.45950183,703.22247981],[12121430.26673832,1536780.71546986,702.67492568]]},"properties":{"name":"Nhóm 36","color":"#2563eb"},"id":"f9bbcebc-e691-4dbd-a51a-31a3c84a59d5"},{"type":"Feature","geometry":{"type":"LineString","coordinates":[[12121392.40552525,1536775.33122666],[12121396.37465343,1536775.20139963],[12121399.34511054,1536776.21256177],[12121402.0093372,1536780.1039994],[12121403.1730204,1536789.72535221],[12121403.64055467,1536803.79540781],[12121403.32750645,1536816.14714829],[12121401.5819805,1536827.79082216],[12121399.45439324,1536839.49261273],[12121396.70687218,1536853.35501409],[12121394.18196237,1536867.65758209],[12121393.72261319,1536878.22881285],[12121393.42474591,1536891.80897794],[12121392.35293115,1536904.83441803],[12121391.54757349,1536915.48698515],[12121387.33942177,1536931.34326926],[12121383.29257667,1536943.21800665],[12121382.82928788,1536947.23010673],[12121382.7500161,1536953.88329651],[12121384.24496108,1536964.08235763],[12121385.20046666,1536970.39758473]]},"properties":null,"id":"4e31f5ee-5738-4b97-8301-8660367d2d78"},{"type":"Feature","geometry":{"type":"LineString","coordinates":[[12121385.2867151,1536775.56365074],[12121392.40552525,1536775.33122666]]},"properties":{"color":"#d4d4d4"},"id":"1b93a279-11f9-4aa9-bfa6-2110799e59df"},{"type":"Feature","geometry":{"type":"LineString","coordinates":[[12121328.11886038,1536840.74148459,703.90500477],[12121325.08763064,1536861.10801613,702.99443141],[12121345.43683356,1536863.51506461,701.58491969],[12121353.9750385,1536848.86655681,700.01470841]]},"properties":{"name":"Nhóm 17","color":"#2563eb"},"id":"f9968ebb-516d-40a3-849d-51aa34f1a1dc"},{"type":"Feature","geometry":{"type":"LineString","coordinates":[[12121323.21078403,1536884.28718014,701.77256288],[12121322.89908945,1536896.32816338,700.77150305],[12121331.53970833,1536896.46793505,699.55856734],[12121331.57310417,1536897.41425804,699.53514667],[12121333.79170163,1536897.20345485,699.48352847],[12121344.27911085,1536897.16450209,699.03525996],[12121344.2034136,1536886.91534482,700.86830073]]},"properties":{"name":"Nhóm 21","color":"#2563eb"},"id":"2ca9a41b-4016-422c-b858-1aea91dc3ea7"},{"type":"Feature","geometry":{"type":"LineString","coordinates":[[12121323.55810084,1536878.49811562,701.8733211],[12121323.21078403,1536884.28718014,701.77256288],[12121344.2034136,1536886.91534482,700.86830073],[12121345.56151139,1536882.23185014,701.06354913]]},"properties":{"name":"Nhóm 20","color":"#2563eb"},"id":"a5274d5f-59f0-468a-b4c5-2c780c804c9d"},{"type":"Feature","geometry":{"type":"LineString","coordinates":[[12121345.35557033,1536868.42998102],[12121345.43683356,1536863.51506461]]},"properties":{"color":"#c026d3"},"id":"243c9bd1-8195-4903-a44b-cde079e6d9b0"},{"type":"Feature","geometry":{"type":"LineString","coordinates":[[12121315.51749402,1536889.6305806,701.67342665],[12121316.84442235,1536868.94094907,703.42752668],[12121291.86210222,1536868.80117754,707.75881278],[12121290.76894482,1536884.52547928,705.97199829],[12121294.402413,1536889.89523018,705.4916642]]},"properties":{"name":"Nhóm 22","color":"#2563eb"},"id":"6a4b9007-1258-45d6-ae39-7650b58270be"},{"type":"Feature","geometry":{"type":"LineString","coordinates":[[12121316.84442235,1536868.94094907,703.42752668],[12121318.1012194,1536847.23398076,704.26541638],[12121292.05802453,1536845.25197629,706.28271448],[12121291.86210222,1536868.80117754,707.75881278]]},"properties":{"name":"Nhóm 23","color":"#2563eb"},"id":"45675c31-be92-4f4e-90fd-1a41ab120d3b"},{"type":"Feature","geometry":{"type":"LineString","coordinates":[[12121269.73846662,1536921.31064297,707.57700853],[12121268.18767411,1536901.44267877,0],[12121267.40973464,1536894.05654306,0],[12121264.89784559,1536884.43196159,712.47773112],[12121268.00730043,1536884.49795407,0],[12121270.62886563,1536883.88075371,0],[12121274.93271717,1536884.17532655,709.79762712],[12121276.41903211,1536882.55126406,708.76654023],[12121287.47834068,1536884.91271539,706.30408001],[12121290.27468629,1536887.01730936,705.97748369],[12121292.1737968,1536889.92387191,705.89472361],[12121293.17010624,1536893.55793479,705.76099043],[12121293.99943645,1536917.50816282,702.76598293],[12121269.73846662,1536921.31064297,707.57700853]]},"properties":{"name":"Nhóm 20","color":"#2563eb"},"id":"ae3a735e-4074-4f5f-8125-3da7051fc2a0"},{"type":"Feature","geometry":{"type":"LineString","coordinates":[[12121324.78706801,1536863.14043116,702.99443141],[12121324.78706801,1536863.14043116,702.74453725],[12121334.65220129,1536864.90017732,701.77123267],[12121345.35557033,1536868.42998102,700.44108733],[12121346.64131045,1536877.61595074,699.80637051],[12121369.71227491,1536879.43298129,695.8569129],[12121376.13540953,1536848.51139991,699.66262525]]},"properties":{"name":"Nhóm 18","color":"#2563eb"},"id":"b96e35cf-347f-40e5-aa49-204735955ab7"},{"type":"Feature","geometry":{"type":"LineString","coordinates":[[12121324.78706801,1536863.14043116,702.74453725],[12121323.55810084,1536878.49811562,701.8733211],[12121336.45001107,1536879.29893804,701.49874427],[12121345.56151139,1536882.23185014,701.06354913],[12121346.64131045,1536877.61595074,699.80637051]]},"properties":{"name":"Nhóm 19","color":"#2563eb"},"id":"e0b23e66-cbab-47ea-990a-f2017f0b8c41"},{"type":"Feature","geometry":{"type":"LineString","coordinates":[[12121329.71963465,1536804.90045915,705.85026639],[12121330.62911489,1536801.74300503,705.77221896],[12121333.29076392,1536802.09014166,705.25254227],[12121341.3391631,1536779.02676037,706.47387628],[12121330.48551275,1536774.58387393,705.9500014],[12121316.5705764,1536786.40484057,703.17615795],[12121317.82895203,1536791.47085687,0],[12121320.31647727,1536801.48523031,705.61445387]]},"properties":{"name":"Nhóm 28","color":"#2563eb"},"id":"e440e04d-bcd3-4d5d-9358-7e618577c72c"},{"type":"Feature","geometry":{"type":"LineString","coordinates":[[12121320.17398832,1536831.92672344,704.78275036],[12121329.71963465,1536804.90045915,705.8502664],[12121305.9028296,1536796.24953984,705.25303686],[12121295.78500108,1536823.00427253,705.9064039],[12121320.17398832,1536831.92672344,704.78275036]]},"properties":{"name":"Nhóm 26","color":"#2563eb"},"id":"c7fb1eb1-716e-40ed-a3f8-f542ead1b02f"},{"type":"Feature","geometry":{"type":"LineString","coordinates":[[12121339.19848929,1536805.53172089,705.10909779],[12121333.1404826,1536823.60918436,704.86159643],[12121342.11839954,1536827.3566593,704.50047915],[12121353.91269959,1536834.58008768,704.73548117]]},"properties":{"name":"Nhóm 15","color":"#2563eb"},"id":"26af0109-0f4d-4b6f-b1bb-f9361144062f"},{"type":"Feature","geometry":{"type":"LineString","coordinates":[[12121340.1380258,1536803.01354803,705.267131],[12121339.19848929,1536805.53172089,705.10909779],[12121363.32921531,1536819.39656948,703.28090852],[12121353.91269959,1536834.58008768,704.73548117],[12121352.06479604,1536839.80662026,703.15002059],[12121366.10218383,1536846.25214385,701.05749095],[12121378.56774041,1536825.00116903,702.58897684],[12121368.54230707,1536818.26006865,704.5438179]]},"properties":{"name":"Nhóm 11","color":"#2563eb"},"id":"8f549f61-b913-42c6-9ddb-c57080518c2a"},{"type":"Feature","geometry":{"type":"LineString","coordinates":[[12121349.36418519,1536784.11923942,706.54804085],[12121340.1380258,1536803.01354803,705.267131],[12121368.54230707,1536818.26006865,704.5438179],[12121378.36513893,1536800.41861583,704.72369409],[12121369.89929166,1536795.73628183,705.84493723]]},"properties":{"name":"Nhóm 10","color":"#2563eb"},"id":"2db63716-208f-459b-ab28-7406a32c3062"},{"type":"Feature","geometry":{"type":"LineString","coordinates":[[12121333.1404826,1536823.60918436,704.86159643],[12121328.11886038,1536840.74148459,703.90500477],[12121353.9750385,1536848.86655681,700.01470841],[12121357.12649329,1536842.13003313,702.39546907]]},"properties":{"name":"Nhóm 16","color":"#2563eb"},"id":"e1129002-5964-4251-a25c-8544bfacda84"},{"type":"Feature","geometry":{"type":"LineString","coordinates":[[12121318.58850108,1536835.16102214],[12121321.85871795,1536838.82160575],[12121320.14485789,1536849.21274409],[12121318.63163671,1536867.04795706],[12121317.05485433,1536886.12670788],[12121317.09767426,1536901.66735389],[12121318.0315756,1536916.83587754],[12121320.5893162,1536939.68698758],[12121323.53000234,1536954.79479139],[12121327.56010718,1536973.98821063],[12121330.3480015,1536986.67669785]]},"properties":{"name":"Đối tượng 414"},"id":"019fdb81-67fc-7c9a-bfd6-e6a7b9088e54"},{"type":"Feature","geometry":{"type":"LineString","coordinates":[[12121318.1012194,1536847.23398076,704.26541638],[12121319.59067418,1536838.03198206,704.63415381],[12121319.0619066,1536836.5712567,704.69799871],[12121295.65253088,1536829.65830344,705.51581665],[12121290.55409821,1536830.09136542,705.8764153],[12121285.59147531,1536833.49628688,706.20237295],[12121279.25739628,1536839.97732465,706.66236861],[12121282.03815716,1536842.29271787,707.00899324],[12121292.05802453,1536845.25197629,706.28271448]]},"properties":{"name":"Nhóm 24","color":"#2563eb"},"id":"780abc15-6804-4f26-8ae1-1ae0e84c3711"},{"type":"Feature","geometry":{"type":"LineString","coordinates":[[12121264.89784559,1536884.43196159,712.47773112],[12121263.71604765,1536876.58007432,0],[12121262.85335612,1536865.9977274,712.55325496],[12121264.68901452,1536858.53140902,711.87468028],[12121268.23231391,1536851.5875171,710.48329886],[12121279.25739628,1536839.97732465,706.66236861]]},"properties":{"name":"Nhóm 25","color":"#2563eb"},"id":"262b7d72-2e6c-4916-aa99-4f830c172de8"},{"type":"Feature","geometry":{"type":"LineString","coordinates":[[12121352.234612,1536767.49311259],[12121361.61019294,1536770.19280274],[12121372.85661295,1536773.38467447],[12121381.81482867,1536775.67700535],[12121385.2867151,1536775.56365074]]},"properties":null,"id":"c00fe8a3-9ced-4c09-b4fc-a0a1a2e7fa56"},{"type":"Feature","geometry":{"type":"LineString","coordinates":[[12121351.31895545,1536772.04393634,707.62402068],[12121347.60088446,1536783.12709382,706.61362544],[12121369.89929166,1536795.73628183,705.84493723],[12121379.63084154,1536779.26162159,706.8181925],[12121354.79768954,1536771.46537594,707.7952952],[12121351.31895545,1536772.04393634,707.62402068]]},"properties":{"name":"Nhóm 9","color":"#2563eb"},"id":"7f3bb033-5333-4ca8-85d9-35fdd4ecafe9"},{"type":"Feature","geometry":{"type":"LineString","coordinates":[[12121347.11553148,1536748.43295373,709.55223758],[12121351.33899296,1536738.17583332,711.91597627],[12121339.67048394,1536732.92984417,711.499611],[12121335.50936137,1536743.56732269,709.28510336]]},"properties":{"name":"Nhóm 33","color":"#2563eb"},"id":"af306fb3-a036-4632-80f6-92468af571ab"},{"type":"Feature","geometry":{"type":"LineString","coordinates":[[12121297.86222278,1536755.33099256,702.61390646],[12121297.86222278,1536755.33099256,702.63348832],[12121290.39650569,1536758.01508488,0],[12121283.6689877,1536760.43377811,697.25083786],[12121284.7187305,1536763.66454988,697.63378337],[12121300.90013168,1536768.74213239,699.73412465],[12121307.19858847,1536775.59320418,700.35276158],[12121310.52481485,1536787.54134005,701.45981751],[12121316.5705764,1536786.40484057,703.17615795]]},"properties":{"name":"Nhóm 31","color":"#2563eb"},"id":"9c779998-3509-4704-a307-f07dc555a649"},{"type":"Feature","geometry":{"type":"LineString","coordinates":[[12121349.54121909,1536771.61376208],[12121347.28856042,1536777.58990455],[12121343.60547278,1536787.8986263],[12121341.25132619,1536796.42650605],[12121337.90634685,1536806.01567984],[12121333.55009206,1536818.40596357],[12121329.26618795,1536831.07249479],[12121326.47424197,1536841.44728736],[12121324.97596102,1536853.12642312],[12121323.93589565,1536864.03754443],[12121322.93156422,1536876.41068951],[12121322.13147898,1536890.0000356],[12121322.20540046,1536899.66851543],[12121323.27436568,1536914.23999837],[12121325.34470003,1536934.0028952],[12121329.49661221,1536953.39081952],[12121334.79636041,1536978.44271129]]},"properties":null,"id":"3b173e1a-341e-44f6-b967-7a7c3b33cebd"},{"type":"Feature","geometry":{"type":"LineString","coordinates":[[12121349.54121909,1536771.61376208],[12121352.80037885,1536770.1870459],[12121363.90190392,1536773.14239115],[12121374.52742848,1536776.41775209],[12121381.16806496,1536778.24740913],[12121392.69568009,1536778.59046859],[12121395.61499365,1536778.78306452],[12121397.57189844,1536781.51149644],[12121398.56085711,1536785.15486851]]},"properties":null,"id":"7d408af2-6e6a-46aa-b220-f6fff2a9d380"},{"type":"Feature","geometry":{"type":"LineString","coordinates":[[12121344.73886035,1536765.62019809,708.25832766],[12121345.53813429,1536765.52510798,708.08434507],[12121350.7835087,1536750.75292175,709.45341303],[12121347.11553148,1536748.43295373,709.55223758],[12121335.50936137,1536743.56732269,709.28510336],[12121329.69848395,1536741.13393466,709.40640369],[12121324.47759983,1536754.12690029,707.74970801]]},"properties":{"name":"Nhóm 32","color":"#2563eb"},"id":"9ff1f1cf-a4c8-4269-8a0f-c56b669e7a5a"},{"type":"Feature","geometry":{"type":"LineString","coordinates":[[12121341.3391631,1536779.02676037,706.47387628],[12121345.06836604,1536768.19679632,707.35970019],[12121344.73886035,1536765.62019809,708.25832766],[12121330.15489386,1536758.87567555,707.84316899],[12121324.47759983,1536754.12690029,707.74970801],[12121323.24417987,1536753.07403563,706.64098604],[12121295.92303725,1536744.57665178,701.07795198],[12121297.86222278,1536755.33099256,702.63348832],[12121302.32613436,1536764.3164326,702.61390646]]},"properties":{"name":"Nhóm 30","color":"#2563eb"},"id":"6cdb9b5c-824c-4a01-a1d6-14f82ffff3b1"},{"type":"Feature","geometry":{"type":"LineString","coordinates":[[12121330.48551275,1536774.58387393,705.9500014],[12121313.54045986,1536764.77011549,704.69518531],[12121303.61410087,1536763.63361696,702.93182095],[12121302.32613436,1536764.3164326,702.61390646],[12121312.47958511,1536775.38927593,701.13986025],[12121316.5705764,1536786.40484057,703.17615795]]},"properties":{"name":"Nhóm 29","color":"#2563eb"},"id":"f3e3a9a9-0e6d-404d-8300-9bd5c58a0f53"},{"type":"Feature","geometry":{"type":"LineString","coordinates":[[12120868.93344488,1536829.4135283],[12120911.20069351,1536850.41371584],[12120934.57149737,1536869.57516199],[12120939.81846394,1536891.74203125],[12120946.29068853,1536919.36039365],[12120962.614587,1536933.36051868],[12120974.27451766,1536938.61056973],[12120991.76441364,1536932.04801008],[12121016.10511499,1536912.11661903],[12121035.2908903,1536892.50516308]]},"properties":{"color":"#c026d3"},"id":"66fb5425-2887-42d0-9602-d66dff1f25a3"},{"type":"Feature","geometry":{"type":"LineString","coordinates":[[12121203.49014347,1536948.61304926],[12121191.62255612,1536948.34692794],[12121180.84130766,1536948.03150175],[12121165.9994898,1536940.32420286],[12121158.01290195,1536919.77460984],[12121155.86926075,1536900.3048109],[12121158.51420495,1536881.05639399],[12121178.35749,1536886.47679331],[12121189.50518786,1536855.28639739],[12121200.9994845,1536838.1236241]]},"properties":{"color":"#c026d3"},"id":"c5b8f5a7-76c6-4186-aa4d-0647130104a0"},{"type":"Feature","geometry":{"type":"LineString","coordinates":[[12121276.12989177,1536833.20608885],[12121275.04346452,1536833.76017372],[12121265.87507782,1536836.81809713],[12121264.16038533,1536843.47221633],[12121262.00096601,1536848.21474214],[12121258.89560132,1536853.25528738],[12121258.25509535,1536855.04975706],[12121257.33626268,1536860.92115306],[12121256.06010449,1536868.56156872],[12121254.21855979,1536875.44991345],[12121253.0107488,1536878.80080973],[12121243.11217786,1536874.30372993],[12121234.56302945,1536870.86521531],[12121227.99326784,1536868.88763654],[12121214.10690888,1536856.38935491]]},"properties":{"color":"#c026d3"},"id":"c86dfe81-c394-4e10-9d35-f30fe790ad15"},{"type":"Feature","geometry":{"type":"LineString","coordinates":[[12121214.10690888,1536856.38935491],[12121198.0739428,1536834.04676235]]},"properties":{"color":"#c026d3"},"id":"cdf3ec69-a05c-47c8-aead-da1f6849969e"},{"type":"Feature","geometry":{"type":"LineString","coordinates":[[12121156.8255274,1537203.61329556],[12121147.60816926,1537182.03860378],[12121141.84731885,1537161.78145081],[12121139.37838296,1537138.39514141],[12121132.32779725,1537096.40996011],[12121126.28845343,1537050.27871171],[12121114.65069624,1537028.30657576],[12121103.04669882,1537000.88530664],[12121084.0204793,1536955.69376005],[12121076.0364441,1536928.40759378],[12121066.18601294,1536894.55559587],[12121063.20154034,1536875.16695351],[12121057.91341262,1536865.72573257],[12121050.21312492,1536861.28924822]]},"properties":{"color":"#c8c8c8"},"id":"fb31b434-6ed1-417d-8d15-4dca7bbe9960"},{"type":"Feature","geometry":{"type":"LineString","coordinates":[[12121041.41995606,1536889.388088],[12121047.75493259,1536886.21874105],[12121057.60932114,1536893.78995131],[12121061.65665234,1536905.05872404],[12121066.05593414,1536931.82204755],[12121075.24620875,1536969.98412755],[12121088.09211698,1537000.79716395],[12121103.37899016,1537036.69686319],[12121112.35352234,1537061.6994548],[12121119.92029241,1537094.80146549],[12121124.71183658,1537150.68957722],[12121132.28921338,1537183.149121],[12121140.5389152,1537206.51371012]]},"properties":{"color":"#c026d3"},"id":"cb75348d-9ff8-4d03-85d4-788adc1e7dd7"},{"type":"Feature","geometry":{"type":"LineString","coordinates":[[12121253.0107488,1536878.80080973],[12121256.77979069,1536880.76710302],[12121258.16917743,1536880.81934679],[12121261.06365005,1536889.8341921],[12121263.61255505,1536917.66397398]]},"properties":{"color":"#c026d3"},"id":"0c486975-d7a6-4862-b7a5-79d1abcb7b06"},{"type":"Feature","geometry":{"type":"LineString","coordinates":[[12121158.51420495,1536881.05639399],[12121129.59333494,1536870.96312358],[12121119.03000787,1536885.62715362],[12121118.82598429,1536919.68505754],[12121136.26062825,1536975.75046397],[12121199.65355771,1536974.82704288]]},"properties":{"color":"#c026d3"},"id":"611d9c6c-b1d4-47eb-abc6-dff20039a8e4"},{"type":"Feature","geometry":{"type":"LineString","coordinates":[[12120942.97809319,1537270.93945161],[12120957.69502042,1537255.34483726],[12120970.43360895,1537243.32298184],[12120975.98661072,1537235.24305348],[12120977.43417751,1537226.0214709],[12120976.58933662,1537218.18887767],[12120976.23203963,1537204.06539468],[12120978.21038018,1537194.2161636],[12120983.29316352,1537170.95121589],[12120978.46794087,1537154.87379613],[12120969.23142093,1537141.9703901],[12120964.02018268,1537131.68663525],[12120965.51600097,1537121.54772166],[12120969.23946332,1537107.83672721],[12120981.52752921,1537090.55435721],[12121008.5153048,1537058.73112053],[12121019.22204009,1537043.52955573],[12121028.01882183,1537019.92022099],[12121033.8047819,1536998.27970186],[12121035.71339277,1536976.21458103],[12121033.08263183,1536957.40692361],[12121032.14008733,1536940.92130137],[12121034.52640969,1536928.31112791],[12121040.48993785,1536906.58915505],[12121041.41995606,1536889.388088]]},"properties":{"color":"#c026d3"},"id":"f5458e04-b8ca-4ce1-96e2-35c27fd57721"},{"type":"Feature","geometry":{"type":"LineString","coordinates":[[12121112.65453633,1536753.8876573],[12121112.65453633,1536753.8876573],[12121109.54779041,1536760.01578701],[12121114.48784498,1536763.80151944],[12121123.16974313,1536772.80440247],[12121125.37968024,1536770.79060022],[12121127.28241506,1536770.17144003]]},"properties":{"color":"#c026d3"},"id":"f9b18a08-a390-46ef-8136-35132d23e268"},{"type":"Feature","geometry":{"type":"LineString","coordinates":[[12121109.54779041,1536760.01578701],[12121109.54779041,1536760.01578701],[12121106.94313152,1536765.18229667],[12121119.99360863,1536775.42326395],[12121123.16974313,1536772.80440247]]},"properties":{"color":"#c026d3"},"id":"ae10dc2d-a60f-4dce-a3a5-a94302c8c951"},{"type":"Feature","geometry":{"type":"LineString","coordinates":[[12121045.06231874,1536854.86251344],[12121053.41094875,1536832.30472101],[12121053.14739292,1536826.62330544],[12121054.75731165,1536820.98528597],[12121056.50138815,1536811.32010919],[12121060.60847772,1536798.31848679],[12121068.78625881,1536780.87500103],[12121075.11035707,1536762.67249159],[12121075.05711652,1536758.41068377]]},"properties":{"color":"#c8c8c8"},"id":"41a368c5-3f77-43e8-bcb1-e3b6d9e03e9a"},{"type":"Feature","geometry":{"type":"LineString","coordinates":[[12121106.94313152,1536765.18229667],[12121102.31097597,1536774.00604507],[12121100.60670106,1536782.90312998],[12121105.71876849,1536782.77989809],[12121111.24514292,1536785.88858845],[12121115.58925931,1536786.16369381],[12121116.29511,1536779.57379384],[12121119.99360863,1536775.42326395]]},"properties":{"color":"#c026d3"},"id":"4e733e55-dad3-4e8a-9178-0e7600f16349"},{"type":"Feature","geometry":{"type":"LineString","coordinates":[[12121100.60670106,1536782.90312998],[12121101.25075226,1536787.09653268],[12121103.96859363,1536787.72066641],[12121102.94383555,1536792.04501721],[12121105.34979137,1536794.31864409],[12121112.03300953,1536794.80903451],[12121113.41420727,1536791.28714102],[12121115.19639878,1536789.45932346],[12121115.58925931,1536786.16369381]]},"properties":{"color":"#c026d3"},"id":"08568e3d-ed5b-48c6-8a73-3828005b8d0a"},{"type":"Feature","geometry":{"type":"LineString","coordinates":[[12121295.78500108,1536823.00427253],[12121290.25062965,1536824.25297699],[12121289.7830687,1536824.44264002],[12121285.55045718,1536826.15957104],[12121282.46993634,1536827.39885765],[12121277.64273166,1536832.03823662],[12121276.12989177,1536833.20608885],[12121268.82956572,1536830.15830453],[12121260.51225918,1536828.30757503],[12121253.18675999,1536826.06581565],[12121241.15300781,1536824.38300031],[12121234.53237018,1536824.08074144],[12121220.7231218,1536824.88717406],[12121214.02696282,1536825.36575221]]},"properties":{"color":"#c026d3"},"id":"fb53f3ce-ab93-4b55-adf5-4a2cbb77e181"},{"type":"Feature","geometry":{"type":"LineString","coordinates":[[12121032.02887657,1536883.70976102],[12121018.82421664,1536900.52554894],[12120997.13393461,1536921.48541044],[12120977.26026064,1536930.96097768],[12120959.00056854,1536916.02018641],[12120950.99774558,1536898.00325842],[12120944.14302332,1536857.83265147],[12120927.84229953,1536843.87642163],[12120866.89295479,1536814.97588372]]},"properties":{"color":"#c026d3"},"id":"ba3df881-20d1-45e2-ba31-1ea5bc8800a5"},{"type":"Feature","geometry":{"type":"LineString","coordinates":[[12121279.63668414,1536999.52927125],[12121277.51517236,1536994.95482213],[12121276.00967752,1536990.34918128],[12121273.99145698,1536982.32414397],[12121271.74426429,1536971.20018165],[12121269.85585322,1536958.26595915],[12121267.58224135,1536943.14238282],[12121266.27532461,1536927.04438336],[12121264.551381,1536908.57221647],[12121261.42853876,1536884.46376502],[12121259.4617174,1536875.71284326],[12121258.95679523,1536866.87978078],[12121259.41695673,1536861.90944167],[12121260.83536703,1536855.52433675],[12121263.7046767,1536849.44214851],[12121266.20423498,1536845.69143226],[12121269.0618128,1536842.58969418],[12121273.76990569,1536838.03075009],[12121281.04990522,1536831.53485762],[12121289.59782585,1536825.71211068],[12121292.44287194,1536824.93156025],[12121296.38922502,1536824.95451728],[12121306.32394367,1536828.37516738],[12121315.19726357,1536831.42129817],[12121320.45142098,1536832.61508128]]},"properties":{"name":"Đối tượng 411"},"id":"019fdb81-67fc-759d-b256-25ccd64fd078"},{"type":"Feature","geometry":{"type":"LineString","coordinates":[[12121330.3480015,1536986.67669785],[12121327.34543486,1536987.97486353],[12121308.16085804,1536991.70115019],[12121294.52068894,1536993.91242767],[12121286.88453812,1536995.09932087],[12121282.58456853,1536995.06222816],[12121279.73027865,1536993.13352741],[12121277.57494307,1536984.10708049],[12121275.59216617,1536974.56611172],[12121273.28226917,1536963.96713234],[12121271.72416913,1536952.80307862],[12121270.76203652,1536943.17797516],[12121269.64529616,1536931.58851685],[12121269.35223809,1536923.50622079],[12121268.48458883,1536913.43006144],[12121267.33706652,1536901.8014701],[12121265.00808515,1536887.09599948],[12121262.85517533,1536875.99553252],[12121262.10735924,1536867.07576164],[12121262.87187726,1536861.91932838],[12121265.72497268,1536854.64426424],[12121269.25472883,1536848.63353745],[12121275.62720356,1536842.327379],[12121284.03898838,1536833.38004638],[12121288.66620193,1536830.07920539],[12121292.81557404,1536828.50716201],[12121298.895015,1536829.39554828],[12121311.19617317,1536833.00450189],[12121318.58850108,1536835.16102214]]},"properties":{"name":"Đối tượng 412"},"id":"019fdb81-67fc-725c-aee8-c56042de2f28"},{"type":"Feature","geometry":{"type":"LineString","coordinates":[[12121152.21768344,1536714.40003514],[12121147.44836842,1536718.75326733],[12121156.92497563,1536725.30636066],[12121163.16437463,1536729.95680461],[12121164.9788929,1536733.49241568],[12121172.93589544,1536739.23432811],[12121176.46383691,1536732.78262337],[12121178.56239135,1536727.87500944]]},"properties":{"color":"#c026d3"},"id":"47dec75e-80e7-4824-b27b-36d67b7d2b41"},{"type":"Feature","geometry":{"type":"LineString","coordinates":[[12121154.73302704,1536736.00225923],[12121155.08076597,1536733.80138525],[12121153.54671603,1536730.73639254],[12121149.51100094,1536728.01686856],[12121139.15859638,1536729.129527],[12121138.66442545,1536726.78084634],[12121141.58825831,1536723.19601656],[12121147.44836842,1536718.75326733]]},"properties":{"color":"#c026d3"},"id":"d3e69db4-7bcb-4f0f-8d2c-cb6b675bfa6d"},{"type":"Feature","geometry":{"type":"LineString","coordinates":[[12121167.82685813,1536735.54755728],[12121163.97875272,1536737.68992543],[12121160.48977579,1536741.25352581],[12121158.1587317,1536746.03898174],[12121157.86607065,1536751.70039418],[12121164.12436678,1536751.14012755],[12121168.31602084,1536746.7203037],[12121172.93589544,1536739.23432811],[12121172.93589544,1536739.23432811]]},"properties":{"color":"#c026d3"},"id":"3d55a39c-3e26-438b-b563-390f8d7ef83a"},{"type":"Feature","geometry":{"type":"LineString","coordinates":[[12121119.8343733,1536745.49556496],[12121117.19638964,1536748.48470942],[12121112.65453633,1536753.8876573],[12121117.70158494,1536755.71953172],[12121122.5640692,1536760.55327848],[12121126.08257984,1536766.06433525],[12121127.28241506,1536770.17144003],[12121131.10293944,1536770.518965],[12121132.56394471,1536769.96401525]]},"properties":{"color":"#c026d3"},"id":"7df38774-3919-4b54-9907-c61ecbe934e5"},{"type":"Feature","geometry":{"type":"LineString","coordinates":[[12121134.10960297,1536742.14829757],[12121135.84085675,1536745.26523001],[12121139.48516248,1536757.19495152],[12121144.29924262,1536764.12769602],[12121145.96392364,1536757.4200406],[12121148.16372419,1536755.37113382]]},"properties":{"color":"#c026d3"},"id":"8156674b-3efd-4669-8e7d-381c46a94db0"},{"type":"Feature","geometry":{"type":"LineString","coordinates":[[12121139.15859638,1536729.129527],[12121138.1278268,1536731.98813981],[12121136.75418775,1536733.02545701],[12121127.58210802,1536739.02461966],[12121131.59590717,1536743.48701624],[12121134.10960297,1536742.14829757],[12121135.81242667,1536740.28220508],[12121140.11003183,1536738.41611103],[12121148.28451092,1536729.6818742],[12121148.32676714,1536728.14414795]]},"properties":{"color":"#c026d3"},"id":"9e0f2f2c-4443-46d7-bf30-49ff934db0fd"},{"type":"Feature","geometry":{"type":"LineString","coordinates":[[12121164.9788929,1536733.49241568],[12121163.00237752,1536733.22238942],[12121160.32219329,1536733.64754592],[12121158.36108215,1536735.64250921],[12121154.73302704,1536736.00225923],[12121150.18817062,1536741.00046884],[12121147.90020762,1536746.52750958],[12121147.44464861,1536753.86673351],[12121148.16372419,1536755.37113382],[12121153.32798203,1536751.54472283],[12121157.86607065,1536751.70039418]]},"properties":{"color":"#c026d3"},"id":"1faedd18-5f94-4cc4-a413-1c5990925d62"},{"type":"Feature","geometry":{"type":"LineString","coordinates":[[12121127.58210802,1536739.02461966],[12121119.8343733,1536745.49556496],[12121125.6160493,1536751.19857563],[12121130.59571678,1536758.72211071],[12121132.93298843,1536763.15322612],[12121132.56394471,1536769.96401525],[12121133.71208002,1536771.97442949],[12121141.13394595,1536769.55372676],[12121144.29924262,1536764.12769602]]},"properties":{"color":"#c026d3"},"id":"9bbd7ebe-8ed8-4258-8bda-2c57e7a52dbf"},{"type":"Feature","geometry":{"type":"LineString","coordinates":[[12121164.12436678,1536751.14012755],[12121155.0797952,1536757.9431988],[12121155.98768799,1536773.98615401],[12121155.73556381,1536784.00181418],[12121171.0711522,1536789.94165365],[12121193.34597543,1536821.76268239],[12121198.0739428,1536834.04676235],[12121214.02696282,1536825.36575221]]},"properties":{"color":"#c026d3"},"id":"606bdf2d-b080-4a97-b944-68dfdcafce96"},{"type":"Feature","geometry":{"type":"LineString","coordinates":[[12121375.14577926,1536703.65245455,717.55929526],[12121381.06018381,1536691.72956036,721.72858879],[12121409.49118176,1536692.27145791,718.77123144],[12121404.75565061,1536701.59713832,717.42591379],[12121409.49118176,1536692.27145791,718.77123143]]},"properties":{"name":"Nhóm 2","color":"#2563eb"},"id":"d30821dd-7bad-45ee-b95d-1f9ba0ebf06c"},{"type":"Feature","geometry":{"type":"LineString","coordinates":[[12121417.23679192,1536691.75820188],[12121422.91291393,1536691.84272467],[12121430.4827176,1536691.90955693],[12121438.67874403,1536692.28217343],[12121446.80515092,1536692.34900314],[12121453.89663552,1536692.65420186],[12121459.32788098,1536693.33159173]]},"properties":{"color":"#c026d3"},"id":"20bb58bd-d5e4-419a-9174-593419f1d31b"},{"type":"Feature","geometry":{"type":"LineString","coordinates":[[12121409.49118176,1536692.27145791,718.77123143],[12121417.23679192,1536691.75820188,717.49639708],[12121416.95070083,1536699.79272202,716.56673921]]},"properties":{"name":"Nhóm 3","color":"#2563eb"},"id":"2ea55ad9-20af-45cf-b207-4a2b13acf7ae"},{"type":"Feature","geometry":{"type":"LineString","coordinates":[[12121459.32788098,1536693.33159173],[12121454.90172105,1536711.81869455],[12121453.33074894,1536720.2262571],[12121450.44344038,1536727.55000878],[12121442.23276407,1536741.77937794],[12121435.03965163,1536749.89710868],[12121424.44731144,1536756.30610889],[12121417.15330231,1536757.69564205]]},"properties":{"color":"#c026d3"},"id":"cf3371e3-eb3a-4b02-987b-8fb67de91dda"},{"type":"Feature","geometry":{"type":"LineString","coordinates":[[12121371.88411818,1536719.07305964,716.10198902],[12121371.22844638,1536713.65178796,715.67154946],[12121375.14577926,1536703.65245455,717.55929525],[12121394.64784085,1536703.66276551,717.02266961],[12121404.75565061,1536701.59713832,717.42591379],[12121416.95070083,1536699.79272202,716.56673921],[12121416.6957792,1536717.47715263,714.7856126],[12121400.25945638,1536720.27142204,717.62846017],[12121371.88411818,1536719.07305964,716.10198902]]},"properties":{"name":"Nhóm 1","color":"#2563eb"},"id":"e6f8a6fa-d978-4872-9d4c-dc4068281952"},{"type":"Feature","geometry":{"type":"LineString","coordinates":[[12121410.4465582,1535875.48564657],[12121409.87267993,1535880.39145335],[12121414.77642082,1535880.24081223],[12121420.28237443,1535879.96104828],[12121423.78216791,1535879.54239071],[12121431.00873295,1535880.16647838],[12121438.19228256,1535881.3500919],[12121441.59048917,1535882.72738803],[12121443.56919071,1535883.11475201],[12121443.97522018,1535879.35108829]]},"properties":{"color":"#c026d3"},"id":"7aee74c4-bd71-4127-8906-ed1579e4ec70"},{"type":"Feature","geometry":{"type":"LineString","coordinates":[[12121409.87267993,1535880.39145335],[12121410.64895738,1535884.97417177],[12121412.04680252,1535886.05006781],[12121416.26799846,1535884.8864139],[12121419.77336461,1535885.08007559],[12121426.33248409,1535884.73578824],[12121435.70879882,1535886.62936624],[12121441.67480007,1535889.40056304],[12121443.02963361,1535886.62474985],[12121443.56919071,1535883.11475201]]},"properties":{"color":"#c026d3"},"id":"cd6290f0-4714-4e14-a397-42aa061e7bce"},{"type":"Feature","geometry":{"type":"LineString","coordinates":[[12121419.22965374,1535893.40031752],[12121421.08618974,1535895.79288408],[12121421.15286557,1535899.89575897],[12121423.51980281,1535902.13065968],[12121431.35403341,1535898.46142117],[12121435.83406495,1535897.147003],[12121440.83463767,1535896.44651252],[12121440.62180949,1535892.86107121]]},"properties":{"color":"#c026d3"},"id":"d23fcfd1-b5b5-4bce-b1b0-4b5feb451b4d"},{"type":"Feature","geometry":{"type":"LineString","coordinates":[[12121412.04680252,1535886.05006781],[12121412.54861488,1535889.83726898],[12121416.61828227,1535892.65377376],[12121419.22965374,1535893.40031752],[12121423.67237346,1535891.94116457],[12121430.42123907,1535891.60182661],[12121436.89128105,1535891.97879175],[12121440.62180949,1535892.86107121],[12121440.58789612,1535890.96077788],[12121441.27555018,1535889.21511218]]},"properties":{"color":"#c026d3"},"id":"b2683b51-8ad7-458a-83cd-6da1e8ac0caf"},{"type":"Feature","geometry":{"type":"LineString","coordinates":[[12121423.51980281,1535902.13065968],[12121429.40133366,1535907.74866471],[12121432.21816634,1535912.87318398],[12121432.98639344,1535919.89377577],[12121435.54715042,1535921.27739637],[12121442.22432347,1535920.99554771],[12121441.40488202,1535919.58630393],[12121440.50861707,1535914.48740833],[12121439.10020073,1535910.8489975],[12121439.56113582,1535907.95364626],[12121443.22945989,1535904.93958423],[12121444.91955911,1535901.99298662],[12121442.26533469,1535900.10480406],[12121441.08738492,1535897.79876843],[12121440.83463767,1535896.44651252]]},"properties":{"color":"#c026d3"},"id":"c1a7edaa-7ce8-482d-b503-c57ffaa0cba8"},{"type":"Feature","geometry":{"type":"LineString","coordinates":[[12121382.34291938,1536652.79565946],[12121385.11156281,1536632.74772954],[12121391.7079357,1536606.01674154],[12121429.94274507,1536538.73635212],[12121457.81242302,1536486.26441645]]},"properties":{"color":"#c026d3"},"id":"9702317e-9195-46dc-a450-a2a5a4c03715"},{"type":"Feature","geometry":{"type":"LineString","coordinates":[[12121387.07721802,1536582.32176646],[12121398.18640162,1536560.8848059],[12121407.34374631,1536546.73568915],[12121415.14587209,1536534.46401841],[12121424.01733099,1536520.09619768],[12121432.47290407,1536507.43632576],[12121434.71770145,1536503.8278103],[12121433.17210399,1536502.42859408],[12121432.38123189,1536502.41807754]]},"properties":{"color":"#c026d3"},"id":"8cae95af-ff2e-4430-89e5-7cfe35315a7d"},{"type":"Feature","geometry":{"type":"LineString","coordinates":[[12121452.02451723,1536489.06033878],[12121443.04343307,1536506.09879608],[12121425.64031237,1536535.72248897],[12121408.24474386,1536566.60712606],[12121392.29110404,1536595.43065883],[12121384.44189131,1536611.56283898],[12121380.96261166,1536628.85206557],[12121379.47423734,1536652.7576926]]},"properties":{"color":"#c026d3"},"id":"6c06f016-eb53-480a-8f48-5bf01952788f"},{"type":"Feature","geometry":{"type":"LineString","coordinates":[[12121444.23511545,1536518.13761414],[12121437.12295967,1536531.67842684],[12121430.77465748,1536546.35402194],[12121425.42472165,1536560.8348225],[12121415.55751186,1536582.33818598],[12121406.15865252,1536603.82493809],[12121397.465234,1536625.97336175],[12121392.50323684,1536644.03462129],[12121388.86299558,1536659.35419948],[12121384.66850893,1536683.64946691],[12121382.46218951,1536691.75628273]]},"properties":{"color":"#c026d3"},"id":"20141c9b-a3d4-46fe-9da5-eefb81258e6e"},{"type":"Feature","geometry":{"type":"LineString","coordinates":[[12121505.3052325,1535571.90638242],[12121509.11463965,1535565.08992089],[12121514.46138007,1535560.93248479],[12121524.12275268,1535557.96371681],[12121538.90438847,1535555.8634341],[12121548.16613681,1535556.85964886],[12121556.92706069,1535560.59811883],[12121561.12090076,1535563.48485083],[12121573.42484573,1535577.43965383],[12121580.15658874,1535579.34111651],[12121598.73370831,1535565.40464805],[12121609.13408252,1535566.89817091],[12121617.84920403,1535570.945132],[12121624.78278929,1535582.70059435],[12121615.62065384,1535586.11050822],[12121610.56491781,1535587.26678203],[12121574.92629655,1535594.12919193],[12121569.23675319,1535593.83269063],[12121555.58918372,1535587.40562787],[12121540.37639665,1535587.76783268],[12121523.95729274,1535590.27309352],[12121512.6698372,1535590.37492653],[12121505.83255755,1535593.36196858],[12121499.66808078,1535598.96821226],[12121481.99708107,1535608.84472714],[12121471.30780839,1535612.93986746],[12121466.32593695,1535613.05996782],[12121456.16631576,1535611.18102219],[12121443.56396846,1535606.82303439],[12121436.89497456,1535603.1228576],[12121430.76780735,1535598.38820899],[12121420.45475209,1535585.70177886],[12121421.55457778,1535580.9273076],[12121427.07509467,1535577.10316842],[12121438.28338139,1535574.21300587],[12121449.14241823,1535574.51650902],[12121465.33998427,1535574.82001216],[12121482.55584589,1535571.42077785],[12121491.77693337,1535569.3569509],[12121500.33070181,1535570.38886669],[12121505.3052325,1535571.90638242]]},"properties":{"color":"#c026d3"},"id":"9e76b82b-1167-4e60-a9cf-f8e2730fea1f"},{"type":"Feature","geometry":{"type":"LineString","coordinates":[[12121369.33880505,1535646.77597244],[12121382.78355387,1535641.96659006],[12121389.80195767,1535643.73210375],[12121399.61844269,1535640.63991617],[12121422.70537234,1535635.18311089],[12121439.35972327,1535629.11218136],[12121440.08687339,1535625.20147161],[12121452.72105993,1535637.66117769],[12121461.17414367,1535640.93525774],[12121455.08428742,1535647.5743736],[12121447.98956622,1535667.66872606],[12121442.86777338,1535678.09888135],[12121430.96073697,1535693.74172385],[12121423.65269928,1535704.57381022],[12121418.65356127,1535707.75694663],[12121415.1996086,1535706.84747908],[12121409.83689553,1535697.93469782],[12121403.89953024,1535690.07179606],[12121393.71946323,1535670.1544554],[12121379.26741526,1535662.15113474],[12121367.79361972,1535654.9611873],[12121369.33880505,1535646.77597244]]},"properties":{"color":"#c026d3"},"id":"860c081f-3883-4408-8e95-07c2c26ae6a2"},{"type":"Feature","geometry":{"type":"LineString","coordinates":[[12121427.91855163,1535857.57461719],[12121431.01972234,1535862.55694454],[12121435.15103191,1535862.06810198],[12121440.26355613,1535862.23736591],[12121446.29708524,1535862.78277054],[12121446.26157955,1535855.62470847]]},"properties":{"color":"#c026d3"},"id":"2520d34a-0a46-4a30-9ea9-ba1532c3b092"},{"type":"Feature","geometry":{"type":"LineString","coordinates":[[12121429.1517303,1535847.94472839],[12121427.65549237,1535853.23090869],[12121427.91855163,1535857.57461719],[12121432.67971032,1535857.00373013],[12121436.69991584,1535855.70345177],[12121437.23111879,1535852.86870338],[12121437.61431932,1535848.70622159]]},"properties":{"color":"#c026d3"},"id":"4f4a951c-0765-4a98-bcc9-c22d26d0783b"},{"type":"Feature","geometry":{"type":"LineString","coordinates":[[12121425.65039637,1535601.87598931],[12121432.85993138,1535613.36077181],[12121437.49569139,1535623.72816836]]},"properties":{"color":"#c026d3"},"id":"88d6235f-4a12-45bf-8ac0-c7868ec056fe"},{"type":"Feature","geometry":{"type":"LineString","coordinates":[[12121429.15159145,1535876.01467169],[12121424.07937171,1535875.50679479],[12121417.65398369,1535875.33760658],[12121410.4465582,1535875.48564657],[12121410.95382678,1535871.95383915],[12121415.01196573,1535869.92357902],[12121418.87707077,1535869.04573229],[12121423.20998023,1535866.74054121],[12121425.70404584,1535866.3387177],[12121429.25491702,1535868.87654408],[12121430.29670524,1535871.50920758]]},"properties":{"color":"#c026d3"},"id":"c3e7999c-7949-42f7-a9af-173695b3285e"},{"type":"Feature","geometry":{"type":"LineString","coordinates":[[12121415.3135956,1535580.26935885],[12121420.45475209,1535585.70177886]]},"properties":{"color":"#c026d3"},"id":"3705f651-0521-4042-8661-7f61d23ea7ff"},{"type":"Feature","geometry":{"type":"LineString","coordinates":[[12121470.0758566,1535989.06538822],[12121465.08801565,1535981.62327327],[12121453.28983035,1535973.43196506],[12121441.22917683,1535964.46159468],[12121432.72164131,1535953.45955191],[12121427.69414151,1535940.17191029],[12121421.51414085,1535924.67268362],[12121410.70155362,1535911.3290751],[12121405.56492644,1535899.76488358],[12121401.34499066,1535883.97726409],[12121401.02395031,1535873.13583568],[12121406.72239963,1535864.30207921],[12121415.93102534,1535851.9001465],[12121419.46245079,1535840.89810372],[12121427.94957593,1535823.86573183],[12121436.33901126,1535806.45197322],[12121437.6398368,1535792.98677293],[12121435.85618213,1535778.58161705],[12121434.26181413,1535766.42568324]]},"properties":{"color":"#c026d3"},"id":"3aabc598-8cfa-4313-8e0c-4cb82aac468f"},{"type":"Feature","geometry":{"type":"LineString","coordinates":[[12121433.66167425,1535868.80253096],[12121433.73204809,1535870.77124374],[12121432.23757757,1535871.9947102],[12121430.29670524,1535871.50920758],[12121429.48153977,1535873.08223578],[12121429.15159145,1535876.01467169],[12121437.5361561,1535877.29639868],[12121443.97522018,1535879.35108829],[12121443.41236713,1535875.52532748],[12121443.52191684,1535872.4191373],[12121445.8503347,1535869.51439253]]},"properties":{"color":"#c026d3"},"id":"63b808ad-99cc-4f3d-b1a1-e23f57b47797"},{"type":"Feature","geometry":{"type":"LineString","coordinates":[[12121415.3135956,1535580.26935885],[12121400.43642737,1535572.34018586],[12121374.95207507,1535554.61818467],[12121345.02081769,1535535.5004651],[12121326.52684877,1535525.56286568]]},"properties":{"color":"#c026d3"},"id":"2e61897f-39fb-4898-8568-8ee472aff7e1"},{"type":"Feature","geometry":{"type":"LineString","coordinates":[[12121301.86744567,1535540.61863874],[12121308.72349814,1535541.38672339],[12121310.61890102,1535542.29897171],[12121314.93878943,1535541.94110251],[12121327.58280288,1535544.72585886],[12121331.40045661,1535546.89613843],[12121337.20662557,1535552.24959213],[12121338.43024132,1535554.26613889],[12121345.02816143,1535558.17920166],[12121349.39463065,1535566.04414433],[12121350.60377369,1535569.3712389],[12121355.6821754,1535569.43173176],[12121363.17886321,1535568.97803704],[12121367.80383628,1535570.97429332],[12121372.8157169,1535574.99672563],[12121374.29691759,1535579.53367277],[12121377.53137663,1535580.28983063],[12121382.10822114,1535577.18855661],[12121390.60245058,1535577.09781789],[12121398.64966626,1535581.62145582],[12121402.00503544,1535584.31337825],[12121412.64049499,1535596.01950254],[12121419.88907351,1535592.34823927],[12121425.65039637,1535601.87598931],[12121413.12450549,1535610.67469769],[12121407.91802667,1535613.48896283],[12121391.99838781,1535616.09172198],[12121367.76668981,1535592.80377362],[12121355.7413077,1535594.75714056],[12121336.53329422,1535591.26272385],[12121295.6227334,1535558.56499052],[12121297.07217291,1535540.0906768],[12121301.86744567,1535540.61863874]]},"properties":{"color":"#c026d3"},"id":"f3bb81f9-4514-4177-b11a-09fbd96ca4f0"},{"type":"Feature","geometry":{"type":"LineString","coordinates":[[12121379.47423734,1536652.7576926],[12121379.33968799,1536657.5988085],[12121378.99791658,1536665.19165361],[12121377.68200545,1536674.06093132],[12121376.1433345,1536681.34516132],[12121374.28385062,1536687.95723438],[12121371.53596774,1536696.33558243],[12121368.79932184,1536704.48797167],[12121365.82517798,1536713.50283423],[12121362.53698602,1536722.49070519],[12121359.16692917,1536732.39486173],[12121355.57233162,1536742.36334916],[12121353.26738126,1536749.44122491],[12121350.65422372,1536756.9238382],[12121348.31035143,1536763.53799259],[12121346.57470811,1536768.96374964],[12121343.53043545,1536777.43327774],[12121340.25651301,1536786.99416176],[12121336.37633865,1536795.85281233],[12121331.91116374,1536808.8408358],[12121327.36712149,1536822.02565727],[12121324.3978787,1536830.23275891],[12121320.45142098,1536832.61508128]]},"properties":null,"id":"9f4014c9-8b23-4047-939b-3bbc8cfd4831"},{"type":"Feature","geometry":{"type":"LineString","coordinates":[[12121455.97782891,1536482.96568549],[12121443.35988629,1536482.86658791],[12121434.1386195,1536494.10645648],[12121424.03118927,1536506.15868262],[12121421.55025075,1536508.97818918],[12121415.48574033,1536514.67849852],[12121407.14735532,1536521.25618824],[12121398.32865003,1536523.96805706],[12121385.08343847,1536523.63138291],[12121368.18626206,1536523.07974272],[12121356.87063263,1536522.75955883],[12121347.5368595,1536524.57767272],[12121335.88077514,1536528.5188508],[12121332.70898265,1536530.88791641]]},"properties":{"color":"#c026d3"},"id":"d474d6be-75eb-426c-9018-f849a14927e2"},{"type":"Feature","geometry":{"type":"LineString","coordinates":[[12121312.82046641,1535959.90918488],[12121324.32087586,1535944.37953077],[12121333.24248722,1535932.69696671],[12121336.76472864,1535928.30280781],[12121345.67668023,1535922.345687],[12121352.5917623,1535920.05163715],[12121352.65844314,1535916.80145546],[12121352.23954231,1535910.59806423],[12121353.46984624,1535904.38097869],[12121356.1412446,1535896.09742971],[12121358.18861563,1535889.61313398],[12121360.92317959,1535885.44490532]]},"properties":{"color":"#c026d3"},"id":"36764768-c094-42d7-ad0d-994162ed7d87"},{"type":"Feature","geometry":{"type":"LineString","coordinates":[[12121347.34013453,1536614.96783546],[12121347.34013453,1536614.96783546]]},"properties":{"color":"#c026d3"},"id":"6730ccb5-5be8-4725-8cd1-bd478acece68"},{"type":"Feature","geometry":{"type":"LineString","coordinates":[[12121382.34291938,1536652.79565946],[12121382.01752041,1536661.8579346],[12121381.31217616,1536672.36032687],[12121379.21309027,1536684.17922627],[12121375.70331124,1536695.50477523],[12121371.29033669,1536708.25377548],[12121367.43629084,1536719.05505147],[12121363.36014031,1536730.67586998],[12121359.01852116,1536744.22046566],[12121354.87780534,1536756.32643548],[12121351.28552924,1536766.35354581],[12121352.234612,1536767.49311259]]},"properties":null,"id":"0413f66f-7eaa-4a5e-875e-7e3656727e93"},{"type":"Feature","geometry":{"type":"LineString","coordinates":[[12121437.49569139,1535623.72816836],[12121427.48650848,1535627.03432718],[12121421.56986816,1535631.19158798],[12121404.73525982,1535635.965529],[12121394.04680054,1535637.44530422],[12121384.90446298,1535639.05960493],[12121382.21554138,1535637.31077874],[12121367.02313533,1535637.10899179],[12121364.5092168,1535646.16579937],[12121364.10587958,1535656.65874883],[12121376.87669369,1535664.86311519],[12121390.83466856,1535674.41615581],[12121401.11979063,1535692.2407135],[12121408.20095318,1535700.54073408],[12121410.88987479,1535708.20866372],[12121412.50322878,1535714.39681044],[12121417.948294,1535714.66586141],[12121425.61172161,1535705.7199512],[12121437.74681048,1535688.64826384],[12121443.44967725,1535683.63879068],[12121448.3569561,1535676.23991715],[12121456.64873212,1535655.89814065],[12121458.86708937,1535648.56653627],[12121467.9361143,1535643.96302556],[12121483.45264782,1535636.67565419],[12121499.31728427,1535632.77443561],[12121509.71524577,1535631.75139551],[12121521.2103846,1535626.30313255],[12121525.59790548,1535621.95077114],[12121535.60857598,1535616.11246983],[12121552.34710887,1535608.10823289],[12121556.64938447,1535606.83024718],[12121559.87609245,1535608.71359116],[12121558.19551644,1535616.24699531],[12121557.25439285,1535629.83401685],[12121553.77639596,1535636.89116489],[12121550.04978284,1535639.22166402],[12121539.36767285,1535644.21610946],[12121520.26099385,1535650.78998652],[12121514.77840215,1535652.44564079],[12121506.4440576,1535650.24770458],[12121498.10971305,1535650.24770458],[12121487.32029352,1535653.09209305],[12121478.59659875,1535660.10819154],[12121472.10298952,1535679.13265463],[12121468.27966293,1535695.59930995],[12121469.07282602,1535707.3739269],[12121470.75261521,1535710.34760878],[12121477.64472721,1535741.34746733],[12121479.45373399,1535753.63006028],[12121478.02438885,1535765.50019309],[12121474.69916449,1535766.73517742]]},"properties":{"color":"#c026d3"},"id":"3a96d093-1113-4b31-8fdd-4ed2f4586152"},{"type":"Feature","geometry":{"type":"LineString","coordinates":[[12121347.34013453,1536614.96783546],[12121356.71877062,1536620.4746369],[12121364.79655921,1536624.83401883],[12121370.18524179,1536618.20640197],[12121372.46963058,1536614.29473981],[12121377.2914772,1536602.88226283],[12121380.94695549,1536594.05701219],[12121387.07721802,1536582.32176646],[12121382.77843108,1536574.49392359],[12121381.15822667,1536572.94031776],[12121379.3854086,1536572.09081035],[12121371.63880964,1536569.20312919],[12121366.64318281,1536567.56508856],[12121361.49989058,1536566.41993917],[12121359.66028569,1536574.52570975],[12121354.54217724,1536590.79502003],[12121351.57844445,1536604.12609347],[12121348.75449536,1536612.63570314],[12121347.34013453,1536614.96783546]]},"properties":{"color":"#c026d3"},"id":"6e4f1113-0e2d-493a-82f1-f39a701bef88"},{"type":"Feature","geometry":{"type":"LineString","coordinates":[[12121305.661822,1535478.11628729],[12121302.90146062,1535487.96943178],[12121301.50215013,1535493.4481992],[12121301.59357352,1535504.46766679],[12121304.08799232,1535505.25904401],[12121309.19851173,1535498.86714734],[12121308.40760094,1535491.4403717],[12121308.75565428,1535486.67377485],[12121317.88158014,1535476.6902424],[12121326.80867529,1535472.23032895],[12121331.4324768,1535472.4738307],[12121333.74437987,1535472.10858039],[12121332.10259984,1535468.74459455],[12121333.01519243,1535464.23982951],[12121330.65789445,1535459.63248014]]},"properties":null,"id":"731b9c81-dd30-41e9-8452-0bff229eacc1"},{"type":"Feature","geometry":{"type":"LineString","coordinates":[[12121308.79870865,1535495.11293408],[12121319.54828795,1535486.03767876],[12121321.11939412,1535483.41782271],[12121330.94522912,1535476.11573441],[12121335.00224234,1535474.36925032],[12121333.74437987,1535472.10858039]]},"properties":null,"id":"4ae8cb01-0bae-40be-a595-7059d322fd75"},{"type":"Feature","geometry":{"type":"LineString","coordinates":[[12121335.00224234,1535474.36925032],[12121337.40566619,1535475.61086233],[12121332.8885123,1535480.21987447],[12121327.5225538,1535484.03379877],[12121322.90965738,1535489.72866744],[12121319.34348254,1535493.47534783],[12121316.71786157,1535493.94335086],[12121312.67619721,1535496.70875793],[12121308.91287973,1535496.18501834]]},"properties":null,"id":"c6094d74-189c-416e-9a07-51fb9ee41a06"},{"type":"Feature","geometry":{"type":"LineString","coordinates":[[12121338.0510602,1535487.34550107],[12121342.36637081,1535482.93721884],[12121344.66784832,1535477.82966162],[12121341.18612524,1535475.67444974],[12121337.40566619,1535475.61086233]]},"properties":null,"id":"c073e3ff-bd43-4f6d-b6dc-9c9f3c70eab8"},{"type":"Feature","geometry":{"type":"LineString","coordinates":[[12121323.6131312,1535488.86019118],[12121328.04153619,1535491.26345071],[12121332.58548433,1535490.08251257],[12121337.0704166,1535488.72443416],[12121338.0510602,1535487.34550107],[12121335.89711113,1535483.65506939],[12121332.8885123,1535480.21987447]]},"properties":null,"id":"a78ce9f3-952e-4b93-ae6e-bb39838d49d6"},{"type":"Feature","geometry":{"type":"LineString","coordinates":[[12121306.80900928,1535514.26851462],[12121309.77585357,1535510.44456921],[12121314.9552666,1535507.02314194],[12121322.54838366,1535502.69605172],[12121335.42148331,1535502.947627],[12121330.68045776,1535512.56111206],[12121330.99723688,1535516.49147627],[12121345.10391552,1535529.51537883],[12121352.61895538,1535534.7554232],[12121361.08685873,1535531.10481234],[12121378.74511254,1535552.13204131],[12121400.28376079,1535557.95594717],[12121410.26164846,1535560.59165464],[12121427.07509467,1535577.10316842]]},"properties":{"color":"#c026d3"},"id":"6912d735-c5f4-46f2-b006-b9510efb2778"},{"type":"Feature","geometry":{"type":"LineString","coordinates":[[12121304.08799232,1535505.25904401],[12121301.6403066,1535510.40203007]]},"properties":{"color":"#c026d3"},"id":"c88a91ac-60aa-41d0-a0f3-945c8f858db5"},{"type":"Feature","geometry":{"type":"LineString","coordinates":[[12121306.80900928,1535514.26851462],[12121309.63514828,1535516.79401793],[12121316.1284617,1535519.24747698],[12121322.30392538,1535522.83679891],[12121326.52684877,1535525.56286568],[12121333.78720368,1535519.06729561]]},"properties":{"color":"#c026d3"},"id":"0718dedd-469a-49e2-aa2d-8b007d61ab98"},{"type":"Feature","geometry":{"type":"LineString","coordinates":[[12121306.49853272,1535541.13746016],[12121307.1937561,1535531.04313853],[12121307.06176687,1535521.37806561],[12121311.21268951,1535521.21357708],[12121322.39141541,1535526.51836143],[12121338.26003829,1535535.25474695],[12121351.9621466,1535543.81383635],[12121377.83297745,1535560.96424434],[12121398.77435151,1535575.02489576],[12121416.29539037,1535587.12416672],[12121419.88907351,1535592.34823927],[12121419.88907351,1535592.34823927]]},"properties":{"color":"#c026d3"},"id":"b2333b0a-3ed2-4994-973e-3619d3f35373"},{"type":"Feature","geometry":{"type":"LineString","coordinates":[[12121464.93440292,1535378.71784134],[12121456.42743261,1535379.35899286],[12121429.66841944,1535388.02938624],[12121403.2069179,1535398.54387096],[12121391.95373058,1535404.53465707],[12121368.14443898,1535416.76569514],[12121368.71402211,1535424.86938137],[12121366.09514015,1535442.6340292],[12121366.69830598,1535458.34874661],[12121365.19451535,1535476.20365205],[12121357.70226074,1535478.62726545],[12121357.27473509,1535490.07347243],[12121361.00012292,1535499.89532286],[12121374.30133375,1535511.52890094],[12121381.41345345,1535522.82214482],[12121387.98443034,1535530.63459343],[12121398.49799217,1535535.50770417],[12121414.05919264,1535535.99216203],[12121422.80084312,1535535.56583717],[12121427.64806281,1535536.52218907],[12121444.51093241,1535531.46719193],[12121457.86301638,1535521.97220452],[12121464.82662717,1535514.32140102],[12121474.12466534,1535510.68187135],[12121484.46261726,1535509.69056911],[12121485.3761164,1535508.78822662],[12121473.49701104,1535507.49032344],[12121464.96317173,1535506.73890335],[12121454.58602,1535502.29870292],[12121448.60459715,1535496.87834057],[12121445.89120968,1535495.17627205]]},"properties":null,"id":"d1db12d9-27ef-42a0-aade-bf18ef159ae5"},{"type":"Feature","geometry":{"type":"LineString","coordinates":[[12121325.70032304,1535392.44100347],[12121327.89152757,1535398.03431897],[12121332.31886434,1535395.99797798],[12121336.35345409,1535393.81873671],[12121334.74675949,1535390.53200971],[12121331.82282823,1535388.45845532]]},"properties":null,"id":"622ef450-bacd-4450-8fdb-a1c1b6a49b81"},{"type":"Feature","geometry":{"type":"LineString","coordinates":[[12121302.11786697,1535369.55548725],[12121303.19398099,1535372.6699861],[12121302.7526947,1535374.4966612],[12121306.49441045,1535376.1989634],[12121311.45675999,1535376.19329382],[12121315.1486328,1535377.49707243],[12121318.95142106,1535381.17193537],[12121320.46871863,1535382.41127207],[12121323.47234665,1535374.04574996],[12121325.17543523,1535372.27969611],[12121322.45049491,1535370.11085689],[12121320.06616948,1535367.2913652],[12121316.87675046,1535365.27744306],[12121311.65516399,1535364.96994053],[12121303.60419977,1535369.40057016],[12121302.11786697,1535369.55548725]]},"properties":null,"id":"dad2e45d-be77-4221-b34c-1b0203a48b6e"},{"type":"Feature","geometry":{"type":"LineString","coordinates":[[12121320.46871863,1535382.41127207],[12121321.28702879,1535385.08720903],[12121324.09933213,1535390.52353961],[12121325.70032304,1535392.44100347],[12121331.82282823,1535388.45845532],[12121329.71056216,1535386.45066151],[12121329.01374934,1535382.650804],[12121328.03821033,1535376.86386304],[12121325.17543523,1535372.27969611]]},"properties":null,"id":"96ab421c-a27a-4a52-9e73-fc6f03b8ef77"},{"type":"Feature","geometry":{"type":"LineString","coordinates":[[12121327.89152757,1535398.03431897],[12121330.23252268,1535400.05816391],[12121334.09751382,1535403.92542218],[12121336.88390239,1535402.12669748],[12121340.43429925,1535400.73268567],[12121339.5011402,1535397.13712765],[12121336.35345409,1535393.81873671]]},"properties":null,"id":"7ff866cf-5e92-4b48-9793-75fbdc65d789"},{"type":"Feature","geometry":{"type":"LineString","coordinates":[[12121334.09751382,1535403.92542218],[12121336.48436001,1535406.62519635],[12121338.51226286,1535408.00498112],[12121342.97364912,1535406.13821634],[12121341.18909503,1535402.99988652],[12121340.43429925,1535400.73268567]]},"properties":null,"id":"2eb6e8b4-18d0-42ee-8124-2e26cd3a7e22"},{"type":"Feature","geometry":{"type":"LineString","coordinates":[[12121336.44175172,1535452.28011448],[12121343.70214677,1535448.74396932],[12121354.63284461,1535435.11869966],[12121360.96347746,1535414.7189887],[12121372.31767494,1535401.33017187]]},"properties":{"color":"#c026d3"},"id":"5447839f-4062-4fec-be17-ea63cd4bda19"},{"type":"Feature","geometry":{"type":"LineString","coordinates":[[12121338.51226286,1535408.00498112],[12121339.36989801,1535409.39137261],[12121339.99674667,1535410.30807491],[12121341.82907605,1535410.76642514],[12121342.55236339,1535410.40456926],[12121343.27565072,1535409.15013536],[12121343.37208756,1535407.26848497],[12121342.97364912,1535406.13821634]]},"properties":null,"id":"87d674bb-0f73-4421-a4ce-050a8b466029"},{"type":"Feature","geometry":{"type":"LineString","coordinates":[[12121336.44175172,1535452.28011448],[12121336.21105444,1535458.32792932],[12121330.65789445,1535459.63248014],[12121325.3461762,1535458.0863459],[12121314.96629161,1535465.98306722],[12121305.661822,1535478.11628729],[12121301.41244593,1535477.19827142],[12121302.32992527,1535473.04303554],[12121302.12685944,1535466.73670053],[12121310.12773375,1535460.08138242],[12121312.3007094,1535457.03743174],[12121316.20978112,1535456.06291533],[12121319.8314072,1535452.24589661],[12121328.20855364,1535449.37486817],[12121336.44175172,1535452.28011448]]},"properties":null,"id":"9a7d3e30-c0d4-4f7c-96da-2d31620aad19"},{"type":"Feature","geometry":{"type":"LineString","coordinates":[[12121214.47502046,1536636.8273794],[12121229.17555655,1536622.86542453],[12121238.93605563,1536614.50618304],[12121246.84614409,1536607.98615043],[12121255.46787197,1536601.58944521],[12121262.69214014,1536596.84599941],[12121270.66424099,1536591.1912221],[12121278.79423635,1536584.3704961],[12121288.91823542,1536576.68392081],[12121301.26060857,1536567.2024188],[12121307.73936093,1536559.87697717],[12121314.6506196,1536548.94299719],[12121325.21988328,1536537.88890413],[12121332.70898265,1536530.88791641],[12121329.01765332,1536525.98110539]]},"properties":{"color":"#c026d3"},"id":"b120756e-02bb-4a88-abac-72e4d08bf319"},{"type":"Feature","geometry":{"type":"LineString","coordinates":[[12121100.41778283,1536708.3560636],[12121110.42887632,1536694.00444014],[12121118.00053474,1536683.90758241],[12121120.9382497,1536679.39706197],[12121128.44241245,1536673.5268478],[12121151.3738619,1536660.63728608],[12121186.79252213,1536649.41664605],[12121202.33130233,1536645.48834629],[12121214.47502046,1536636.8273794]]},"properties":{"color":"#c8c8c8"},"id":"44f326a9-d4c4-4420-ab03-3335a31e4f9b"},{"type":"Feature","geometry":{"type":"LineString","coordinates":[[12121214.57792003,1536644.47526488],[12121208.82676847,1536649.56793135],[12121201.37158933,1536650.9039698],[12121186.79339139,1536655.80586179],[12121168.33972354,1536660.94010484],[12121146.86435395,1536670.62639155],[12121134.24644702,1536676.26184619],[12121126.62435703,1536683.8327371],[12121115.46420928,1536695.69513364],[12121104.31499167,1536713.92076273],[12121092.9730962,1536730.37852659],[12121084.52324532,1536748.02098382],[12121081.7626703,1536755.56883553],[12121075.95328618,1536779.58182074],[12121073.33841116,1536785.98367774],[12121066.08726466,1536798.97199882],[12121062.64536594,1536809.1963852],[12121058.50223997,1536829.33570389],[12121057.8809145,1536835.09183136],[12121056.54565745,1536846.22549571],[12121050.21312492,1536861.28924822]]},"properties":{"color":"#c8c8c8"},"id":"7db9180f-8c01-49bf-9910-6b02c48a5717"},{"type":"Feature","geometry":{"type":"LineString","coordinates":[[12121103.66515274,1536714.86371761],[12121104.80957856,1536715.43750755],[12121112.66985849,1536707.94321131],[12121127.3083856,1536701.41558958],[12121138.27090766,1536699.10568304],[12121152.75686848,1536696.84092486],[12121164.11967563,1536697.12249824],[12121174.07877644,1536702.06379069],[12121181.16292848,1536710.67369577],[12121182.31521904,1536717.42679822],[12121181.18107688,1536722.88216306]]},"properties":{"color":"#c026d3"},"id":"b4b273a6-e73f-45b5-b5c6-867f0fa42935"},{"type":"Feature","geometry":{"type":"LineString","coordinates":[[12121181.18107688,1536722.88216306],[12121180.20551746,1536716.99251589],[12121178.33708311,1536714.68309556],[12121175.94109049,1536712.15373043],[12121174.57823317,1536709.7343377],[12121169.98408249,1536708.78857441],[12121169.06085594,1536709.7343377],[12121170.73145657,1536712.13173628],[12121172.57790967,1536715.95877519],[12121177.06234482,1536719.87655298],[12121177.12543364,1536721.52430354]]},"properties":{"color":"#c026d3"},"id":"66ceef26-a419-4e6f-9656-a8c4671db94b"},{"type":"Feature","geometry":{"type":"LineString","coordinates":[[12121169.06085594,1536709.7343377],[12121162.22247469,1536711.69237574],[12121162.66080421,1536713.03554931],[12121166.10051481,1536716.93175063],[12121168.64830736,1536718.6860986],[12121181.18107688,1536722.88216306],[12121181.18107688,1536722.88216306]]},"properties":{"color":"#c026d3"},"id":"8f7b4cc4-e41e-46bb-b5e0-8449972f38ed"},{"type":"Feature","geometry":{"type":"LineString","coordinates":[[12121040.34398245,1536691.35120285],[12121042.95690742,1536735.79705634],[12121039.83645067,1536823.48896926],[12121045.06231874,1536854.86251344]]},"properties":{"color":"#c8c8c8"},"id":"1e97ccba-9aef-443d-84db-de63bab0b78b"},{"type":"Feature","geometry":{"type":"LineString","coordinates":[[12121075.05711652,1536758.41068377],[12121078.52781741,1536750.09524518],[12121086.20321695,1536733.61810197],[12121098.40916216,1536712.716296],[12121100.41778283,1536708.3560636]]},"properties":{"color":"#c8c8c8"},"id":"40d7d51c-01bf-42fc-8761-05ff915d623a"},{"type":"Feature","geometry":{"type":"LineString","coordinates":[[12121162.22247469,1536711.69237574],[12121158.18160612,1536710.89591143],[12121152.21768344,1536714.40003514],[12121159.78746193,1536720.09320914],[12121166.13949675,1536725.47116174],[12121170.55800587,1536728.8017506],[12121178.56239135,1536727.87500944],[12121181.18107688,1536722.88216306]]},"properties":{"color":"#c026d3"},"id":"c83ccf41-502c-4003-ad03-7c029cc8ffb0"},{"type":"Feature","geometry":{"type":"LineString","coordinates":[[12121215.51853532,1536063.42033537],[12121244.07413995,1536048.35707566],[12121259.97653944,1536047.12102045],[12121272.69202494,1536030.82219734],[12121292.63466879,1536001.19428859],[12121298.96134296,1535984.64026685],[12121305.10412903,1535973.11578221],[12121312.82046641,1535959.90918488],[12121294.10831144,1535943.6084096],[12121268.41936756,1535920.50127233],[12121257.93363349,1535913.02736691]]},"properties":{"color":"#c026d3"},"id":"bb0b975e-4dc8-43da-ae83-ba8f9985f9d9"},{"type":"Feature","geometry":{"type":"LineString","coordinates":[[12121475.11332113,1536108.40488973],[12121453.85313823,1536131.20867108],[12121430.95812131,1536157.81929008],[12121411.73980618,1536162.55272747],[12121397.96845515,1536174.84408819],[12121385.25480654,1536179.380302],[12121383.78242323,1536188.73402965],[12121377.86314687,1536192.10141474],[12121368.91297928,1536175.20172513],[12121357.4270599,1536163.58482273],[12121345.07193487,1536164.57878151],[12121321.48189883,1536172.73569854],[12121299.81247796,1536154.09532577],[12121292.72137607,1536136.63962983],[12121285.89191049,1536126.5136656],[12121258.2405941,1536127.04998423],[12121233.60172855,1536125.57078481],[12121215.27041408,1536127.34582712]]},"properties":{"color":"#c026d3"},"id":"23f0306d-ad91-4253-9d0a-88eae731f94b"},{"type":"Feature","geometry":{"type":"LineString","coordinates":[[12121259.97653944,1536047.12102045],[12121259.21029843,1536053.57786797],[12121261.2709928,1536066.59364725],[12121267.71066884,1536079.6738601],[12121280.38683898,1536091.32256988],[12121303.05466583,1536106.82476051],[12121325.52913619,1536119.84053856],[12121340.20031343,1536125.1816589],[12121364.09151055,1536125.76156836],[12121375.61852673,1536125.95487152],[12121386.82356893,1536122.79758012],[12121387.80783153,1536129.65315225],[12121397.33854912,1536136.74095012],[12121406.6116836,1536138.54511944],[12121421.15093696,1536125.64170042],[12121443.55855341,1536106.26239433],[12121452.5022128,1536100.9467308],[12121475.11332113,1536108.40488973],[12121489.6260408,1536098.87991255],[12121494.53739203,1536078.29440983]]},"properties":{"color":"#c026d3"},"id":"5bcb175d-8cf9-4aef-b329-532745a632a6"},{"type":"Feature","geometry":{"type":"LineString","coordinates":[[12121214.99324974,1536139.89637396],[12121233.80586095,1536142.18337227],[12121257.01395672,1536139.72046805],[12121280.57367142,1536148.69248824],[12121290.77115646,1536155.55344959],[12121293.93590106,1536172.61787987],[12121332.17890663,1536194.29732911],[12121366.46358168,1536211.00991738],[12121376.68867654,1536207.58568963],[12121401.14969745,1536186.41037052],[12121416.85420779,1536170.64966698],[12121429.95504775,1536166.34126774],[12121437.37580424,1536168.63296909],[12121476.17553939,1536124.15070632],[12121481.67748718,1536116.17293002],[12121499.69909522,1536109.80452586],[12121507.51126329,1536111.64376349],[12121514.18091226,1536137.95928053]]},"properties":{"color":"#c026d3"},"id":"170c1d6e-aceb-4e59-8a61-868bbaad7f0a"},{"type":"Feature","geometry":{"type":"LineString","coordinates":[[12121040.34398245,1536691.35120285],[12121037.50891957,1536663.04369721],[12121047.01423532,1536650.14387231],[12121064.08331907,1536629.15265881],[12121080.14513669,1536613.71403718],[12121115.05301397,1536604.68520591],[12121154.14790399,1536592.98179446],[12121179.22662425,1536580.50718149],[12121188.18564944,1536564.7650196],[12121197.1785414,1536547.2753907],[12121196.63225917,1536530.65866935],[12121196.65375688,1536497.91441537],[12121190.87226177,1536479.73334803],[12121175.26612431,1536440.21173092],[12121167.54083975,1536384.74759247]]},"properties":{"color":"#c026d3"},"id":"ba72f09b-27c2-4b64-a756-0849d3f77d52"},{"type":"Feature","geometry":{"type":"LineString","coordinates":[[12121269.75346867,1536391.76537501],[12121257.83751921,1536367.58158796],[12121251.86260631,1536362.16364441],[12121247.2569426,1536354.87743989],[12121240.38934483,1536348.85325248],[12121234.78786309,1536347.04727051],[12121238.07353438,1536315.87310708],[12121237.09686372,1536296.98376542],[12121239.96393804,1536281.75726305],[12121234.25263936,1536272.2162173],[12121247.85164035,1536250.13963732],[12121256.79400551,1536249.62835298],[12121277.92243974,1536254.8201237],[12121284.74257512,1536253.94176785],[12121302.54974864,1536241.82634038],[12121311.87522942,1536238.27864446],[12121322.88197798,1536238.48134097],[12121335.98203311,1536238.88673657],[12121341.65421737,1536240.03535101],[12121361.64687016,1536232.90889248],[12121379.01757697,1536230.35148573],[12121394.13551216,1536220.76194647],[12121410.02349569,1536213.74892532],[12121419.02824646,1536203.306831],[12121426.18904425,1536194.93740004],[12121429.40928748,1536191.65560124],[12121438.05623446,1536193.14732672],[12121447.53805998,1536200.18828585],[12121451.0564738,1536204.36512358],[12121457.25842289,1536193.50534503],[12121462.86678726,1536200.13863058]]},"properties":{"color":"#c026d3"},"id":"0839dac1-a478-471d-8fe7-6d23da8d0958"},{"type":"Feature","geometry":{"type":"LineString","coordinates":[[12121146.18716654,1536387.70056242],[12121166.2588281,1536476.49231551],[12121184.62912354,1536523.82824248],[12121176.32562702,1536561.21587801],[12121126.49530763,1536583.496362],[12121070.98255355,1536603.42996333],[12121040.82776797,1536626.82456422],[12121016.08086907,1536643.84615633],[12121020.45112688,1536686.4811736],[12121027.58996844,1536742.912049],[12121028.68253289,1536792.54360027],[12121021.90369205,1536831.82517125],[12121029.77015278,1536858.71800994],[12121032.02887657,1536883.70976102]]},"properties":{"color":"#c026d3"},"id":"9e60a288-35d8-45d7-ba1f-c2848da05f2c"},{"type":"Feature","geometry":{"type":"LineString","coordinates":[[12121329.01765332,1536525.98110539],[12121328.19801757,1536523.15583645],[12121329.6294596,1536514.188519],[12121340.28272334,1536500.68342466],[12121346.64837975,1536489.88618472],[12121351.93848457,1536486.02525529],[12121359.531339,1536484.28161043],[12121365.74630788,1536475.64633731],[12121367.6740706,1536465.71168931],[12121368.60761851,1536451.76252566],[12121367.14207935,1536436.93968656],[12121361.72750337,1536427.34963626],[12121355.13195692,1536421.81697541],[12121343.01504931,1536419.14870549],[12121321.823665,1536411.93248446],[12121307.23271133,1536409.53289027],[12121291.75902579,1536406.39509462],[12121276.84250535,1536398.34135865],[12121269.75346867,1536391.76537501]]},"properties":{"color":"#c026d3"},"id":"d0124cc2-1db7-4bee-860b-d2953a3fa46b"},{"type":"Feature","geometry":{"type":"LineString","coordinates":[[12121214.57792003,1536644.47526488],[12121225.0538992,1536635.83050468],[12121236.72780234,1536627.93268962],[12121254.27828576,1536615.44131881],[12121256.61435908,1536610.0909639],[12121268.78409672,1536602.04588597],[12121284.65888234,1536588.98418863],[12121302.3402957,1536574.66749116],[12121306.83277593,1536570.75926015],[12121320.65984307,1536551.02972425],[12121328.94570649,1536540.54130745],[12121333.08815972,1536536.38021569],[12121342.69998521,1536531.06232274],[12121352.06075261,1536528.19195516],[12121359.54812301,1536527.52437586],[12121364.62395787,1536527.36295115],[12121376.11671793,1536528.52715765],[12121384.09373485,1536529.57354638],[12121391.52603796,1536529.45474984],[12121399.20913593,1536528.97956366],[12121401.91682829,1536528.83270121],[12121412.27256366,1536523.7466755],[12121416.41987326,1536520.07376552],[12121426.4885735,1536509.34753123],[12121432.38123189,1536502.41807754]]},"properties":{"color":"#c026d3"},"id":"b91866ed-6dcb-4c2a-bf93-abb2a0ac8531"},{"type":"Feature","geometry":{"type":"LineString","coordinates":[[12121291.21577053,1535496.4648277],[12121290.43350008,1535489.76106333],[12121292.61651827,1535478.83958372],[12121292.61651827,1535471.71687844],[12121289.19962622,1535465.5438672],[12121289.29453848,1535461.17527246],[12121264.52206207,1535452.24815068],[12121273.10303372,1535443.75126105],[12121279.17751249,1535441.56696549],[12121281.83509922,1535437.00843483],[12121281.93001148,1535430.93039155],[12121273.49564921,1535430.30871026],[12121271.21771876,1535423.85079154],[12121278.05150286,1535413.59409304],[12121272.68486167,1535406.96734116],[12121273.72891102,1535401.26917693],[12121299.16578773,1535389.87284849],[12121305.08552755,1535381.6730398],[12121306.49441045,1535376.1989634]]},"properties":{"color":"#c026d3"},"id":"bc09da88-fbb3-42c0-b9e0-a4be712061fb"},{"type":"Feature","geometry":{"type":"LineString","coordinates":[[12121217.55469986,1535585.04671928],[12121225.9677806,1535575.09815872],[12121233.80723657,1535536.64313297],[12121247.19167857,1535537.28883587],[12121258.09044724,1535538.53240549],[12121267.11626837,1535532.83073411],[12121282.6995859,1535539.8138628],[12121297.07217291,1535540.0906768]]},"properties":{"color":"#c026d3"},"id":"ee8c90bb-a88a-405a-a56e-34f2f346e8be"},{"type":"Feature","geometry":{"type":"LineString","coordinates":[[12121217.19677977,1535525.95236786],[12121238.32942973,1535524.92738708],[12121240.22643663,1535529.86249926],[12121234.45953681,1535531.98839315],[12121229.07203836,1535531.30506877],[12121222.90848249,1535544.10455794],[12121216.59866829,1535560.94058574]]},"properties":{"color":"#c026d3"},"id":"a6a0e766-bb0f-4f57-a3fc-ad2811e313dc"},{"type":"Feature","geometry":{"type":"LineString","coordinates":[[12121288.03146584,1535539.91655406],[12121288.26150241,1535528.66699545],[12121298.4225725,1535522.86515667],[12121300.24493987,1535519.93660779],[12121307.06176687,1535521.37806561]]},"properties":{"color":"#c026d3"},"id":"9125f6fd-cfe8-45ca-967f-11ed7697c1ae"},{"type":"Feature","geometry":{"type":"LineString","coordinates":[[12121297.91288237,1535515.82086137],[12121287.54764538,1535524.70077034],[12121283.52598843,1535532.4451008],[12121265.01120569,1535528.26923665],[12121261.70055709,1535524.41489235],[12121245.08278125,1535523.35194685],[12121239.92292016,1535514.24097052],[12121238.8985318,1535511.52665535],[12121216.89325172,1535510.61554845]]},"properties":{"color":"#c026d3"},"id":"13c2c664-dca1-43cb-baf6-2c53b3059244"},{"type":"Feature","geometry":{"type":"LineString","coordinates":[[12121258.25551922,1535524.19453268],[12121265.47232141,1535511.43263118],[12121277.71785038,1535506.90748049],[12121282.8665402,1535496.9521495],[12121291.21577053,1535496.4648277],[12121295.1816503,1535507.04671643],[12121297.91288237,1535515.82086137]]},"properties":{"color":"#c026d3"},"id":"e153ba82-ada2-4c8a-a3a7-560e2977c734"},{"type":"Feature","geometry":{"type":"LineString","coordinates":[[12121289.29453848,1535461.17527246],[12121294.2979918,1535451.28577497],[12121298.83627349,1535446.87096569],[12121312.08206039,1535439.2936264],[12121323.30170793,1535435.88791782],[12121336.03411763,1535436.39246698],[12121341.64393659,1535435.63563723],[12121347.51302554,1535430.72280424],[12121348.83669063,1535423.59603636],[12121342.95866026,1535409.69990799]]},"properties":{"color":"#c026d3"},"id":"fc544e0b-30fb-4903-b3bb-51568287d3bd"},{"type":"Feature","geometry":{"type":"LineString","coordinates":[[12121301.6403066,1535510.40203007],[12121299.82742438,1535508.02188138],[12121297.61794184,1535504.26592667],[12121294.59242231,1535490.51694968],[12121296.52431614,1535476.72800401],[12121296.1461268,1535470.16885783],[12121294.40065861,1535460.35554478],[12121300.07351314,1535450.51682792],[12121313.76943622,1535442.95433801],[12121326.24971328,1535439.80090281],[12121341.50338686,1535439.67476732],[12121349.60816947,1535434.2285684],[12121353.46920086,1535420.6910559],[12121347.418157,1535408.77106989],[12121342.95866026,1535409.69990799]]},"properties":{"color":"#c026d3"},"id":"8af1922c-735b-4e6c-83eb-ac8c4c9a24c7"},{"type":"Feature","geometry":{"type":"LineString","coordinates":[[12121442.45358277,1535766.4085879],[12121434.26181413,1535766.42568324],[12121434.83161246,1535760.47998855],[12121438.25042103,1535759.74695016],[12121435.88981644,1535751.43927188],[12121428.05591005,1535738.49753855],[12121415.19469554,1535733.8550025],[12121406.56627833,1535736.46134153],[12121399.24026794,1535743.22151503],[12121383.2109414,1535749.75139367],[12121353.84413688,1535744.50508693],[12121343.42492584,1535742.6317925],[12121332.76150574,1535744.09784752],[12121333.49410802,1535758.83991897],[12121339.26664157,1535782.72913936],[12121339.86876717,1535813.0254138],[12121341.90377006,1535819.94848369],[12121344.19395203,1535824.18739752],[12121356.07836764,1535835.8344439],[12121364.38118314,1535845.11950358],[12121370.21811725,1535853.63579466],[12121375.18352305,1535864.95705448],[12121374.69512359,1535872.5317068],[12121369.56691384,1535878.23305848],[12121360.92317959,1535885.44490532],[12121343.63422864,1535878.52590097],[12121330.66067563,1535875.19081922],[12121303.3215995,1535871.34794264],[12121284.80099363,1535870.02140504],[12121275.09259689,1535887.35223272],[12121265.59024116,1535899.42190341],[12121257.93363349,1535913.02736691],[12121242.5970555,1535926.47300456],[12121224.68180451,1535946.23982204],[12121227.46780349,1535958.78420958],[12121235.05193345,1535966.37278401],[12121233.50415231,1535980.00125235],[12121233.35085236,1536004.41563973],[12121233.35085236,1536004.41563973],[12121233.35085236,1536004.41563973],[12121233.35085236,1536004.41563973],[12121233.35085236,1536004.41563973],[12121215.30944247,1536016.25105774]]},"properties":{"color":"#c026d3"},"id":"657c338f-eecf-42f1-8411-c345540e83ab"},{"type":"Feature","geometry":{"type":"LineString","coordinates":[[12121108.23387756,1534641.49171654],[12121106.29881286,1534641.76442085],[12121100.41185254,1534647.90026787],[12121098.83109637,1534648.20024323],[12121097.38661031,1534647.40940031],[12121096.46114676,1534648.5739313],[12121094.25234991,1534650.68185205],[12121094.57940234,1534652.12718522],[12121098.99768657,1534652.05377208]]},"properties":{"color":"#c8c8c8"},"id":"b486cea1-d104-4a0b-94e9-17f0fdc126ac"},{"type":"Feature","geometry":{"type":"LineString","coordinates":[[12121110.86797446,1534635.15927866],[12121108.23691961,1534635.55723146],[12121106.40130124,1534637.240869],[12121099.67070058,1534640.76120205],[12121097.46795948,1534643.45502131],[12121097.35935213,1534643.95147218]]},"properties":{"color":"#c8c8c8"},"id":"3a07d573-5f3d-4f5d-a888-16af36009c4e"},{"type":"Feature","geometry":{"type":"LineString","coordinates":[[12121099.67070058,1534640.76120205],[12121097.52914583,1534638.61839063],[12121101.07800986,1534634.79194166],[12121105.97299216,1534634.24093325],[12121109.43007201,1534631.42466774],[12121110.82954037,1534632.75304147]]},"properties":{"color":"#c8c8c8"},"id":"a2998a9e-ab7f-4830-8ac3-a03827aa3e50"},{"type":"Feature","geometry":{"type":"LineString","coordinates":[[12121099.67597938,1534645.12410155],[12121104.5801468,1534640.73710794],[12121106.09733836,1534640.24915313],[12121107.29221409,1534641.62442306]]},"properties":{"color":"#c8c8c8"},"id":"557b67f9-ee7a-42c2-85f9-2fc3579874a4"},{"type":"Feature","geometry":{"type":"LineString","coordinates":[[12121093.82731593,1534636.10824163],[12121091.44101346,1534635.46539808],[12121091.5021998,1534634.79194283],[12121092.94010225,1534633.59809145],[12121095.87526097,1534630.34233424],[12121095.87526097,1534630.34233424],[12121099.33417102,1534627.75127673],[12121102.51590998,1534627.90433469],[12121103.43545518,1534625.11402229]]},"properties":{"color":"#c8c8c8"},"id":"bdf683bb-d66a-4d34-bb4b-0e4a9e9a5c82"},{"type":"Feature","geometry":{"type":"LineString","coordinates":[[12121104.1373738,1534629.37369203],[12121104.1373738,1534629.37369203],[12121103.41415327,1534629.26869342],[12121101.65928947,1534631.24099866],[12121098.14102095,1534632.49607345],[12121096.67252533,1534632.37362778],[12121096.21362073,1534632.86341279],[12121096.15243439,1534634.27154671],[12121093.82731593,1534636.10824163],[12121097.52914583,1534638.61839063]]},"properties":{"color":"#c8c8c8"},"id":"c1c2b651-ecf3-4fcb-90ab-a619b1e7c5da"},{"type":"Feature","geometry":{"type":"LineString","coordinates":[[12121095.87526097,1534630.34233424],[12121093.32100547,1534629.35489375],[12121094.29124493,1534624.93604201],[12121099.4435488,1534625.03647019],[12121103.10847319,1534625.09983557],[12121108.36511484,1534624.83330346]]},"properties":{"color":"#c8c8c8"},"id":"5c9a2db8-ca5d-471b-ad19-d4118251712d"},{"type":"Feature","geometry":{"type":"LineString","coordinates":[[12121109.43007201,1534631.42466774],[12121108.78760605,1534630.68998907],[12121110.13372665,1534628.73084673],[12121112.6118133,1534630.10836836],[12121111.54103359,1534632.18995637]]},"properties":{"color":"#c8c8c8"},"id":"7ac2424c-17d6-413f-9356-fbdb926f893f"},{"type":"Feature","geometry":{"type":"LineString","coordinates":[[12121123.66670322,1534632.35825959],[12121124.15046783,1534630.47446141],[12121123.60537907,1534628.34736903],[12121126.79415167,1534629.19275198],[12121127.33924043,1534631.4289265],[12121126.82821972,1534633.06729247]]},"properties":{"color":"#c8c8c8"},"id":"4db77e7e-e1b1-4812-b430-351e3f4c7e7b"},{"type":"Feature","geometry":{"type":"LineString","coordinates":[[12121123.60537907,1534628.34736903],[12121122.24265716,1534628.34736903],[12121122.10638497,1534630.52900352],[12121119.02663469,1534634.45594499],[12121121.07860623,1534635.49418381]]},"properties":{"color":"#c8c8c8"},"id":"6e4fc3ff-41a5-435b-bb22-53b536344c01"},{"type":"Feature","geometry":{"type":"LineString","coordinates":[[12121112.6118133,1534630.10836836],[12121114.38624065,1534628.85329357],[12121115.42642719,1534627.32271398],[12121116.92551365,1534628.8532924]]},"properties":{"color":"#c8c8c8"},"id":"9083e01a-bfe8-459c-9d1f-11f6d1c29041"},{"type":"Feature","geometry":{"type":"LineString","coordinates":[[12121110.79864416,1534629.10046184],[12121111.87756549,1534626.67987102],[12121111.63281544,1534624.65950526],[12121113.9273384,1534626.52681306],[12121115.42642719,1534627.32271398]]},"properties":{"color":"#c8c8c8"},"id":"1a18d604-858e-46a2-9d30-afff2e0121b6"},{"type":"Feature","geometry":{"type":"LineString","coordinates":[[12121119.02663469,1534634.45594499],[12121113.4939829,1534638.19199427],[12121108.23387756,1534641.49171654],[12121109.4824976,1534643.00861066]]},"properties":{"color":"#c8c8c8"},"id":"ded048b2-9ee2-41f8-8b5e-2939e7bd9529"},{"type":"Feature","geometry":{"type":"LineString","coordinates":[[12121119.6789412,1534628.82268127],[12121118.48579113,1534629.3430774],[12121116.92551365,1534628.8532924],[12121112.82596785,1534632.89402391],[12121111.54103359,1534632.18995637],[12121110.82954037,1534632.75304147],[12121110.9291608,1534633.72053595],[12121110.86797446,1534635.15927866]]},"properties":{"color":"#c8c8c8"},"id":"2efb5396-6f7c-47a4-aa5e-3f2e487ab1cb"},{"type":"Feature","geometry":{"type":"LineString","coordinates":[[12121103.73440172,1534648.53252667],[12121109.4824976,1534643.00861066],[12121116.44427708,1534639.47584275],[12121117.6707268,1534639.25767951],[12121121.35007597,1534635.19438589],[12121123.66670322,1534632.35825959],[12121126.82821972,1534633.06729247],[12121126.58292728,1534635.54890129],[12121125.83663708,1534636.77048447]]},"properties":{"color":"#c8c8c8"},"id":"cc7bed01-43f9-49ee-92f4-91fcd6c05790"},{"type":"Feature","geometry":{"type":"LineString","coordinates":[[12121108.05335824,1534628.05739265],[12121105.11636932,1534627.41454735],[12121104.1373738,1534629.37369203],[12121106.98258086,1534629.55736111],[12121108.78760605,1534630.68998907]]},"properties":{"color":"#c8c8c8"},"id":"a0a2ad4b-5649-4a26-954d-560d1b3d946e"},{"type":"Feature","geometry":{"type":"LineString","coordinates":[[12121106.09733836,1534640.24915313],[12121108.57345151,1534638.28166359],[12121110.07253797,1534637.54698492],[12121110.86797446,1534635.15927866],[12121113.25427693,1534636.04701763],[12121116.95610916,1534633.62869908],[12121118.08807288,1534633.13891524],[12121119.80131856,1534629.77164015],[12121119.6789412,1534628.82268127],[12121122.24265716,1534628.34736903]]},"properties":{"color":"#c8c8c8"},"id":"81f166d3-7e54-40fb-81bd-8ae4a8cc5cde"},{"type":"Feature","geometry":{"type":"LineString","coordinates":[[12121110.13372665,1534628.73084673],[12121108.05335824,1534628.05739265],[12121108.36511484,1534624.83330346],[12121111.63281544,1534624.65950526]]},"properties":{"color":"#c8c8c8"},"id":"2da63d77-201c-44db-9124-9767f122f77e"},{"type":"Feature","geometry":{"type":"LineString","coordinates":[[12121113.14306959,1534646.4065427],[12121116.392951,1534644.43380954],[12121118.12687588,1534642.04826287],[12121119.8368426,1534640.8131636],[12121122.81210282,1534637.00811776],[12121125.83663708,1534636.77048447],[12121124.17165856,1534640.55686531],[12121120.58629781,1534644.41844387]]},"properties":{"color":"#c8c8c8"},"id":"75f06fb2-5ff4-4984-920e-ba04bab3f089"},{"type":"Feature","geometry":{"type":"LineString","coordinates":[[12121091.44101346,1534635.46539808],[12121088.93820247,1534637.85783577],[12121087.73376843,1534638.39345362],[12121086.96426756,1534640.87068906],[12121086.06094266,1534643.78311352],[12121085.75983351,1534645.85863493],[12121084.58885548,1534645.72473047],[12121083.7858986,1534641.27240308]]},"properties":{"color":"#c8c8c8"},"id":"5174deea-2e3b-4665-b090-b8809906c897"},{"type":"Feature","geometry":{"type":"LineString","coordinates":[[12121084.77328945,1534625.85279738],[12121083.23752182,1534624.62890669],[12121082.22243833,1534623.3131394],[12121082.03787673,1534629.19947078]]},"properties":{"color":"#c8c8c8"},"id":"000670e2-f45f-474c-875f-8aa831d55f9b"},{"type":"Feature","geometry":{"type":"LineString","coordinates":[[12121081.71489482,1534634.39329093],[12121082.03787673,1534629.19947078],[12121084.16032804,1534628.29920812],[12121085.02378992,1534630.35917818]]},"properties":{"color":"#c8c8c8"},"id":"7c2c38aa-b5c5-4a87-adf4-be3aef440690"},{"type":"Feature","geometry":{"type":"LineString","coordinates":[[12121081.80717562,1534639.02997435],[12121080.95358219,1534637.14024551],[12121081.71489482,1534634.39329093],[12121084.52194347,1534635.34712469]]},"properties":{"color":"#c8c8c8"},"id":"aae27c7b-0697-4f60-a883-67a75ffb5a5e"},{"type":"Feature","geometry":{"type":"LineString","coordinates":[[12121093.67911191,1534623.44407883],[12121093.16610245,1534624.00129868],[12121085.02378992,1534630.35917818],[12121084.52194347,1534635.34712469],[12121083.21713886,1534638.99602402],[12121083.7858986,1534641.27240308],[12121085.40790147,1534640.66077886],[12121085.53234452,1534637.39845758],[12121093.32100547,1534629.35489375]]},"properties":{"color":"#c026d3"},"id":"2d7a1691-0a79-4113-8523-a3ceb40ada40"},{"type":"Feature","geometry":{"type":"LineString","coordinates":[[12121101.66407246,1534679.22167468],[12121103.92311984,1534677.71475981],[12121106.69839266,1534674.78195829]]},"properties":{"color":"#c8c8c8"},"id":"36542e5e-b1c3-42bd-9306-759db27d6399"},{"type":"Feature","geometry":{"type":"LineString","coordinates":[[12121084.53968368,1534651.90104869],[12121081.28559503,1534651.60306955],[12121080.36321635,1534653.38451823],[12121079.91275217,1534656.47522497],[12121082.46538088,1534657.07619468]]},"properties":{"color":"#c8c8c8"},"id":"ceff593f-ff79-4e8e-b61a-5c14488bb193"},{"type":"Feature","geometry":{"type":"LineString","coordinates":[[12121085.53092759,1534667.64406097],[12121084.358988,1534666.66232534],[12121084.14095166,1534664.86247678],[12121085.34014736,1534664.50796034],[12121086.02150831,1534663.06262822],[12121086.92090353,1534663.28079146]]},"properties":{"color":"#c8c8c8"},"id":"c472cce9-e9f7-49a3-a22b-c2e1841d1c1d"},{"type":"Feature","geometry":{"type":"LineString","coordinates":[[12121085.53092759,1534662.38086744],[12121088.55616982,1534653.245273],[12121090.1914382,1534653.9270343]]},"properties":{"color":"#c8c8c8"},"id":"a98fddad-55b2-424f-b381-6ef589567047"},{"type":"Feature","geometry":{"type":"LineString","coordinates":[[12121090.65476281,1534662.43540903],[12121092.94413605,1534653.76341109],[12121094.57940234,1534652.12718522]]},"properties":{"color":"#c8c8c8"},"id":"9cdb739f-7c0a-4f29-81c5-b075bd82ee39"},{"type":"Feature","geometry":{"type":"LineString","coordinates":[[12121089.56458528,1534670.88924191],[12121087.11168584,1534668.84395984],[12121088.82871628,1534667.262274],[12121090.65476281,1534662.43540903],[12121092.90095331,1534663.65545036]]},"properties":{"color":"#c8c8c8"},"id":"40765dcf-dabc-4668-acce-488a65a204f8"},{"type":"Feature","geometry":{"type":"LineString","coordinates":[[12121087.3569762,1534664.15344599],[12121086.67561525,1534666.08964618],[12121085.53092759,1534667.64406097],[12121087.11168584,1534668.84395984],[12121087.11168584,1534668.84395984]]},"properties":{"color":"#c8c8c8"},"id":"3e68d00b-db51-46f7-baa3-c8cbfd13da1e"},{"type":"Feature","geometry":{"type":"LineString","coordinates":[[12121108.32728569,1534654.5507001],[12121109.61721397,1534654.23651867],[12121110.47449711,1534650.97915435],[12121112.57599769,1534648.62609386],[12121112.52596144,1534647.52466265],[12121113.14306959,1534646.4065427],[12121111.10828231,1534645.53874696],[12121110.55789,1534646.32310088],[12121106.63842415,1534649.19349979],[12121105.42058346,1534649.80505453]]},"properties":{"color":"#c8c8c8"},"id":"692dfb72-c087-47c7-af8b-1bcbd6263cbe"},{"type":"Feature","geometry":{"type":"LineString","coordinates":[[12121101.71571509,1534658.78132164],[12121102.67888242,1534655.33475334],[12121104.96436361,1534653.57063339],[12121107.57634212,1534653.39095475],[12121108.32728569,1534654.5507001],[12121107.67429106,1534657.7195827],[12121106.25566198,1534661.7574529],[12121106.25566198,1534661.7574529]]},"properties":{"color":"#c8c8c8"},"id":"3e63b7e9-bed4-411f-9d38-58e59e5b3338"},{"type":"Feature","geometry":{"type":"LineString","coordinates":[[12121096.6215386,1534674.22145041],[12121097.71530535,1534673.47006556],[12121102.31891697,1534664.25743826],[12121100.89865291,1534661.7909373],[12121101.71571509,1534658.78132164],[12121104.73941499,1534663.19769898]]},"properties":{"color":"#c8c8c8"},"id":"dc7443cd-4065-4dfa-b276-1e615d85e158"},{"type":"Feature","geometry":{"type":"LineString","coordinates":[[12121095.31554934,1534675.65888145],[12121094.13328742,1534674.69586847],[12121093.89263805,1534672.92605755],[12121096.08532415,1534669.83746221],[12121096.72304536,1534667.40547625],[12121100.89865291,1534661.7909373]]},"properties":{"color":"#c8c8c8"},"id":"195d5a10-986d-4925-9ef0-a755555f34cf"},{"type":"Feature","geometry":{"type":"LineString","coordinates":[[12121101.66407246,1534679.22167468],[12121101.0724183,1534676.4051794],[12121102.21987065,1534675.92081385],[12121104.72992209,1534671.07715909],[12121106.48695728,1534666.25144454],[12121108.32008371,1534664.87625007],[12121109.78588366,1534668.81678832]]},"properties":{"color":"#c8c8c8"},"id":"2ff53779-0ca9-4c84-9f0d-15edda1de9cd"},{"type":"Feature","geometry":{"type":"LineString","coordinates":[[12121099.86267299,1534676.61863787],[12121099.09540355,1534674.75651087],[12121101.60943436,1534669.79486059],[12121104.80274868,1534663.06420851],[12121106.25566198,1534661.7574529],[12121107.44737642,1534663.52157285],[12121108.32008371,1534664.87625007]]},"properties":{"color":"#c8c8c8"},"id":"73010739-ed73-4f24-8ed6-61f42bb84088"},{"type":"Feature","geometry":{"type":"LineString","coordinates":[[12121094.13328742,1534674.69586847],[12121092.90526075,1534674.02225372],[12121090.92120355,1534672.46114861],[12121091.50800858,1534671.78872611],[12121092.55839085,1534670.58508837],[12121094.36806135,1534666.33460518],[12121096.41952696,1534662.67985329],[12121096.66970563,1534658.32418963],[12121099.197829,1534653.77267419],[12121098.99768657,1534652.05377208],[12121103.73440172,1534648.53252667],[12121105.70247444,1534650.01779205],[12121107.27348768,1534651.8900836],[12121107.57634212,1534653.39095475]]},"properties":{"color":"#c8c8c8"},"id":"d3b5ffa3-c81d-4ea4-82a4-34ae14800988"},{"type":"Feature","geometry":{"type":"LineString","coordinates":[[12121093.82731593,1534636.10824163],[12121090.74485481,1534641.67411583],[12121088.30252817,1534646.7290149],[12121085.75983351,1534645.85863493]]},"properties":{"color":"#c8c8c8"},"id":"a81a33cf-9230-4775-856d-3f45d6170de0"},{"type":"Feature","geometry":{"type":"LineString","coordinates":[[12121088.30252817,1534646.7290149],[12121089.20585562,1534648.0680608],[12121093.22063746,1534642.41059198],[12121097.52914583,1534638.61839063]]},"properties":{"color":"#c8c8c8"},"id":"4ac22b49-adc7-4921-899e-915965e14c5b"},{"type":"Feature","geometry":{"type":"LineString","coordinates":[[12121085.97739479,1534644.35900234],[12121088.03487758,1534643.88354235],[12121088.97165848,1534640.70330832],[12121088.93820247,1534637.85783577]]},"properties":{"color":"#c8c8c8"},"id":"361cf9cb-a51f-4b4c-bc93-f80885207a64"},{"type":"Feature","geometry":{"type":"LineString","coordinates":[[12121081.28559503,1534651.60306955],[12121082.75304983,1534648.28651725],[12121082.13015753,1534643.64670415],[12121081.80717562,1534639.02997435],[12121083.21713886,1534638.99602402]]},"properties":{"color":"#c8c8c8"},"id":"0ce68d12-174e-4cb2-bde6-af76e873b52f"},{"type":"Feature","geometry":{"type":"LineString","coordinates":[[12121088.55616982,1534653.245273],[12121089.59183931,1534652.48170009],[12121091.03632329,1534649.56918162],[12121097.35935213,1534643.95147218],[12121099.67597938,1534645.12410155],[12121097.38661031,1534647.40940031]]},"properties":{"color":"#c8c8c8"},"id":"d44a738b-63dc-47e4-8ea3-ac6b6df19e52"},{"type":"Feature","geometry":{"type":"LineString","coordinates":[[12121094.25234991,1534650.68185205],[12121093.02590019,1534651.33634334],[12121092.29002911,1534652.56351274],[12121090.1914382,1534653.9270343],[12121090.30045637,1534655.48144908],[12121089.01949652,1534658.39938387],[12121087.87480887,1534662.13543418],[12121086.92090353,1534663.28079146],[12121087.3569762,1534664.15344599],[12121089.74993564,1534664.82717645]]},"properties":{"color":"#c8c8c8"},"id":"72f0c441-c9d4-4759-8f49-f2101869ee67"},{"type":"Feature","geometry":{"type":"LineString","coordinates":[[12121089.20585562,1534648.0680608],[12121089.0205277,1534649.60634963],[12121085.99598613,1534652.80437257],[12121084.73914964,1534657.76301686],[12121080.17726021,1534663.92636291],[12121081.01546339,1534664.58371938],[12121081.98959292,1534665.15040568],[12121081.98959292,1534665.15040568]]},"properties":{"color":"#c8c8c8"},"id":"6bce2847-9c8a-428b-aacd-ea7121100c1b"},{"type":"Feature","geometry":{"type":"LineString","coordinates":[[12121084.358988,1534666.66232534],[12121082.83273779,1534665.81694187],[12121081.98959292,1534665.15040568],[12121082.78248848,1534663.97169626],[12121085.53092759,1534662.38086744],[12121086.02150831,1534663.06262822]]},"properties":{"color":"#c8c8c8"},"id":"f4346841-8f0c-420e-b535-df12039d3070"},{"type":"Feature","geometry":{"type":"LineString","coordinates":[[12121158.19351079,1534820.3613747],[12121156.70737023,1534821.0467276],[12121155.79892959,1534824.47485823],[12121152.82457053,1534836.43215112],[12121153.78492127,1534838.87339472],[12121160.53333747,1534836.32826802],[12121163.02505998,1534837.75665529],[12121164.40070144,1534839.21101234],[12121167.87872975,1534839.65251455],[12121172.73922855,1534843.70592043],[12121178.77527878,1534847.82850853],[12121181.15406836,1534844.63001743]]},"properties":{"color":"#c026d3"},"id":"8a966a50-deb9-48e3-af3d-c881bb674256"},{"type":"Feature","geometry":{"type":"LineString","coordinates":[[12120980.20311739,1534949.03200817],[12120997.91814536,1534916.81437967],[12120999.78553763,1534902.10305741],[12120996.83169442,1534879.44363732],[12120997.12636471,1534856.3936064],[12121013.23349749,1534834.07874589],[12121031.84271126,1534824.4238633],[12121062.8850189,1534833.02534108],[12121082.28191968,1534842.08911738],[12121104.48271073,1534851.10572431],[12121134.21692572,1534861.78656313],[12121151.26515822,1534867.72703467]]},"properties":{"color":"#c026d3"},"id":"ca3f3a86-c664-45ab-8f90-b3fd0e40d52f"},{"type":"Feature","geometry":{"type":"LineString","coordinates":[[12121163.21165986,1534832.57643268],[12121181.15406836,1534844.63001743],[12121184.32247834,1534841.33733468],[12121185.41146755,1534838.66070744]]},"properties":{"color":"#c026d3"},"id":"f0d99b61-07ed-440e-ab55-750744e61771"},{"type":"Feature","geometry":{"type":"LineString","coordinates":[[12121240.25311472,1534867.55104821],[12121251.9838899,1534866.22742755],[12121265.91657502,1534868.47396802],[12121285.56989846,1534879.10606849],[12121292.85622684,1534878.43203024],[12121304.30171389,1534876.30717042],[12121312.6484295,1534873.57635223],[12121324.54338151,1534868.04983913],[12121332.72114516,1534862.97856566],[12121344.64948457,1534855.82920343],[12121332.05824623,1534855.46062459],[12121311.00353674,1534854.85643636],[12121296.58238111,1534853.22290029],[12121277.63067744,1534852.22630072],[12121266.95604169,1534851.97357262],[12121252.72851985,1534847.89995235],[12121240.71354244,1534843.21694201],[12121217.74563059,1534833.27693498]]},"properties":null,"id":"9d06e44f-877b-4eab-a1c8-3dde9be5dedf"},{"type":"Feature","geometry":{"type":"LineString","coordinates":[[12121182.58831134,1534843.13951995],[12121186.79488178,1534846.26148212],[12121191.08357214,1534847.548616],[12121196.12256617,1534846.15854516],[12121198.47723611,1534846.51195291],[12121199.08944994,1534844.79203537],[12121187.08118129,1534837.50769558]]},"properties":{"color":"#c026d3"},"id":"3e728ade-24b9-4f3b-99f6-6110f9b76c49"},{"type":"Feature","geometry":{"type":"LineString","coordinates":[[12121164.40070144,1534839.21101234],[12121156.53428721,1534844.59981319],[12121154.03818587,1534844.77640893],[12121152.87838178,1534839.93264599],[12121153.78492127,1534838.87339472]]},"properties":{"color":"#c026d3"},"id":"50353436-880a-43cc-a010-8bdead3988a9"},{"type":"Feature","geometry":{"type":"LineString","coordinates":[[12121160.63357918,1534848.21135957],[12121163.65336596,1534845.03558244],[12121167.54875698,1534843.87103276],[12121175.24453272,1534847.95884188],[12121178.43661383,1534850.83293401]]},"properties":{"color":"#c026d3"},"id":"49240f34-0d59-4641-8207-69482f16637a"},{"type":"Feature","geometry":{"type":"LineString","coordinates":[[12121156.53428721,1534844.59981319],[12121157.4312447,1534846.34545119],[12121158.56589399,1534847.70377252],[12121165.0901197,1534849.30537633],[12121166.99470781,1534848.55525808],[12121178.3114108,1534851.94365762]]},"properties":{"color":"#c026d3"},"id":"e294b3ed-e0d7-4d2d-acec-2f97c9087d90"},{"type":"Feature","geometry":{"type":"LineString","coordinates":[[12121208.23624636,1534851.54416928],[12121212.91818025,1534854.36597697],[12121214.13018755,1534855.77333057],[12121218.94829566,1534855.9829367],[12121217.63154732,1534849.75464717],[12121204.01515358,1534844.33483664],[12121199.08944994,1534844.79203537]]},"properties":{"color":"#c026d3"},"id":"1d0f285f-50dc-49f4-938d-41160bff60d9"},{"type":"Feature","geometry":{"type":"LineString","coordinates":[[12121255.00231245,1534702.66563185],[12121254.69056743,1534705.49631671],[12121244.78022248,1534716.74902012],[12121240.25328193,1534724.82161717],[12121245.26962373,1534736.68588308],[12121258.68440388,1534750.4191319],[12121274.58988379,1534758.00247429],[12121279.37877857,1534760.20841179]]},"properties":{"color":"#c026d3"},"id":"5106dfd8-9d8f-4715-b67f-c4dd43d7bd4a"},{"type":"Feature","geometry":{"type":"LineString","coordinates":[[12121217.74563059,1534833.27693498],[12121202.5213368,1534825.39795349],[12121189.70565057,1534814.86752095],[12121181.55172709,1534802.79528852],[12121174.70955122,1534784.65269445],[12121210.04979311,1534776.9317262],[12121259.59538407,1534776.25416989],[12121272.12286341,1534773.31808251],[12121277.04560215,1534763.99370432]]},"properties":{"color":"#c026d3"},"id":"c7c3bd7b-cfa7-4a0d-bb3c-2659744347ac"},{"type":"Feature","geometry":{"type":"LineString","coordinates":[[12121279.37877857,1534760.20841179],[12121284.36206256,1534777.08883771],[12121296.63490293,1534800.08281975],[12121312.97938285,1534819.17333617],[12121333.14863387,1534834.92523803],[12121353.36496438,1534848.95321448],[12121360.18118737,1534846.16311918],[12121364.63498153,1534836.15559213],[12121366.53268024,1534826.15775201],[12121353.80466909,1534818.54013904],[12121347.99884177,1534814.8075799],[12121342.41346481,1534813.5656579],[12121340.36072242,1534808.6457327],[12121333.91605922,1534806.49625106],[12121330.574382,1534799.5701399],[12121326.56436862,1534798.37598343],[12121318.08552102,1534770.92953093],[12121316.72170002,1534765.7825222],[12121312.18516626,1534743.7617675]]},"properties":null,"id":"ef5464cd-629c-4169-a0b4-f433b4d66332"},{"type":"Feature","geometry":{"type":"LineString","coordinates":[[12121135.3078703,1534847.11563092],[12121137.17863917,1534831.05699542],[12121142.69247834,1534817.9539402],[12121151.90623622,1534810.38679688],[12121154.66315956,1534800.73191429],[12121152.79239069,1534792.65333768],[12121145.99854979,1534784.67328255],[12121128.21478131,1534774.84074184]]},"properties":{"color":"#c026d3"},"id":"1e660ad2-bc72-4cb6-88b0-22dec66d6974"},{"type":"Feature","geometry":{"type":"LineString","coordinates":[[12121174.70955122,1534784.65269445],[12121161.38183526,1534793.36346335],[12121160.09966316,1534796.66240875],[12121160.15760224,1534807.25038955],[12121155.22838219,1534817.64150688],[12121153.04810822,1534822.89504157],[12121156.03402339,1534823.58769815]]},"properties":{"color":"#c026d3"},"id":"88ca7ac4-bf93-4945-8a8e-a857149a0188"},{"type":"Feature","geometry":{"type":"LineString","coordinates":[[12121167.71415748,1534821.45615153],[12121164.14531094,1534819.16157702],[12121160.28154929,1534814.903344],[12121159.23628076,1534816.69628459],[12121161.29882045,1534818.93351412],[12121162.31005538,1534822.03958973],[12121162.07488373,1534823.82793673],[12121167.22512255,1534827.56934479],[12121175.48726275,1534833.88394055],[12121181.71928754,1534836.18996607],[12121185.41146755,1534838.66070744],[12121187.08118129,1534837.50769558],[12121188.82144338,1534834.23690366],[12121181.89806428,1534829.8947735]]},"properties":{"color":"#c026d3"},"id":"30b82100-571e-4325-84a6-901fde900dd6"},{"type":"Feature","geometry":{"type":"LineString","coordinates":[[12120973.54849587,1534945.52733554],[12120992.87697725,1534911.7986054],[12120991.36431976,1534899.51215215],[12120990.94121818,1534879.28124388],[12120990.86005535,1534854.26382196],[12120999.43273531,1534840.78585674],[12121017.5408541,1534824.95591424],[12121031.48507087,1534815.3393034],[12121043.36652654,1534816.82535687],[12121063.49074095,1534825.22155837],[12121089.89529215,1534838.25191104],[12121105.86099821,1534844.34473081],[12121123.85158881,1534845.97400841],[12121135.58452289,1534850.72938063],[12121135.3078703,1534847.11563092]]},"properties":{"color":"#c026d3"},"id":"6db048f5-1395-48e1-a315-eaded66a6c91"},{"type":"Feature","geometry":{"type":"LineString","coordinates":[[12121159.23628076,1534816.69628459],[12121158.19351079,1534820.3613747],[12121158.57025942,1534825.47400699],[12121161.42530151,1534831.30862271],[12121163.21165986,1534832.57643268],[12121167.22512255,1534827.56934479]]},"properties":{"color":"#c026d3"},"id":"475f6fc9-7fff-405e-9930-459fc2addc27"},{"type":"Feature","geometry":{"type":"LineString","coordinates":[[12121167.71415748,1534821.45615153],[12121173.24533442,1534825.10010203],[12121181.89806428,1534829.8947735],[12121184.11601263,1534828.33308117],[12121182.47308916,1534826.16862935],[12121178.09195782,1534824.19596409],[12121170.45236326,1534818.63414375],[12121167.71415748,1534821.45615153]]},"properties":{"color":"#c026d3"},"id":"d7a78750-ffe7-4d9f-9ecc-45b2cb2a7c29"},{"type":"Feature","geometry":{"type":"LineString","coordinates":[[12121110.05870799,1534689.81001765],[12121112.06212103,1534691.35875465],[12121112.78001863,1534690.25444247],[12121115.16456668,1534687.56352354],[12121115.34385607,1534683.77829717],[12121114.9269538,1534682.96610168],[12121113.29995677,1534685.89515394],[12121110.05870799,1534689.81001765]]},"properties":{"color":"#c8c8c8"},"id":"ffd045d5-4469-4d62-9a05-05ab10ea39ca"},{"type":"Feature","geometry":{"type":"LineString","coordinates":[[12121107.54209432,1534688.353609],[12121106.93518348,1534688.08376746],[12121105.8008693,1534687.48248458],[12121109.51695095,1534684.20884515],[12121111.07676944,1534681.14119716],[12121112.49315588,1534679.77779714],[12121113.94025034,1534681.47769596]]},"properties":{"color":"#c8c8c8"},"id":"da09c028-8b7e-4e5c-a9a2-8dca17cf3ed3"},{"type":"Feature","geometry":{"type":"LineString","coordinates":[[12121110.05870799,1534689.81001765],[12121109.05206232,1534689.08861887],[12121112.90552066,1534683.72447892],[12121113.94025034,1534681.47769596]]},"properties":{"color":"#c8c8c8"},"id":"d0e7bf90-ec6c-4107-ac4d-f76dc8730bc6"},{"type":"Feature","geometry":{"type":"LineString","coordinates":[[12121109.05206232,1534689.08861887],[12121107.54209432,1534688.353609],[12121110.82576403,1534684.1191458],[12121112.04493105,1534682.23550323],[12121113.94025034,1534681.47769596],[12121114.9269538,1534682.96610168]]},"properties":{"color":"#c8c8c8"},"id":"3828e626-30c1-4169-8b69-fbaae5e1c4d3"},{"type":"Feature","geometry":{"type":"LineString","coordinates":[[12121105.8008693,1534687.48248458],[12121105.8008693,1534687.48248458],[12121104.3120143,1534686.53508986],[12121105.24999341,1534685.07282042],[12121106.45110131,1534684.54969379],[12121107.77784305,1534683.24011338],[12121108.02884847,1534684.22678365],[12121108.34012153,1534685.16759102]]},"properties":{"color":"#c8c8c8"},"id":"15c7f375-4d4d-44c3-b91d-491de7b4653a"},{"type":"Feature","geometry":{"type":"LineString","coordinates":[[12121102.07163421,1534683.3714894],[12121100.43630385,1534681.30870028],[12121100.43630385,1534681.30870028],[12121101.66407246,1534679.22167468],[12121101.66407246,1534679.22167468],[12121103.09838893,1534681.19501523]]},"properties":{"color":"#c8c8c8"},"id":"1ee91cfe-812b-4223-b441-249a9cfcec63"},{"type":"Feature","geometry":{"type":"LineString","coordinates":[[12121103.07793814,1534684.87087119],[12121102.07163421,1534683.3714894],[12121102.07163421,1534683.3714894],[12121103.09838893,1534681.19501523],[12121104.47891667,1534680.08276792],[12121106.21802592,1534679.67015997]]},"properties":{"color":"#c8c8c8"},"id":"14b3755c-9bde-4b2b-9f4d-6dc4ca795322"},{"type":"Feature","geometry":{"type":"LineString","coordinates":[[12121104.3120143,1534686.53508986],[12121103.94104851,1534686.09248755],[12121103.07793814,1534684.87087119],[12121106.15094641,1534681.7374219]]},"properties":{"color":"#c8c8c8"},"id":"05387ea2-9fe1-4f6d-b912-3367f78ae25b"},{"type":"Feature","geometry":{"type":"LineString","coordinates":[[12121097.16603484,1534677.6533343],[12121095.31554934,1534675.65888145],[12121096.6215386,1534674.22145041],[12121097.82957953,1534675.26685467]]},"properties":{"color":"#c026d3"},"id":"9058172e-c2bf-4a06-814d-572ec028208f"},{"type":"Feature","geometry":{"type":"LineString","coordinates":[[12121099.09540355,1534674.75651087],[12121097.82957953,1534675.26685467],[12121098.05812665,1534675.92023248],[12121097.16603484,1534677.6533343],[12121098.50375404,1534679.06697959]]},"properties":{"color":"#c8c8c8"},"id":"bebbc2eb-aada-449b-bb3f-d3099c0932e0"},{"type":"Feature","geometry":{"type":"LineString","coordinates":[[12121100.43630385,1534681.30870028],[12121100.43630385,1534681.30870028],[12121098.50375404,1534679.06697959],[12121099.99327117,1534677.81105224],[12121099.86267299,1534676.61863787],[12121101.0724183,1534676.4051794]]},"properties":{"color":"#c8c8c8"},"id":"3e1af52e-6efc-41f7-85da-bac853e1a66d"},{"type":"Feature","geometry":{"type":"LineString","coordinates":[[12121106.6265035,1534684.3415366],[12121106.12838123,1534682.4328377],[12121106.21802592,1534679.67015997],[12121107.72405569,1534677.17657482],[12121106.37938528,1534674.03717146],[12121108.31571122,1534668.45799913],[12121109.78588366,1534668.81678832],[12121110.26996582,1534671.66916232],[12121109.28387283,1534675.7414196],[12121109.85759968,1534677.12275727]]},"properties":{"color":"#c8c8c8"},"id":"b7fd7696-499e-4977-beb0-388b31db4904"},{"type":"Feature","geometry":{"type":"LineString","coordinates":[[12121878.65511028,1534709.65746657],[12121877.36902633,1534708.36156398],[12121876.37119671,1534704.14603014],[12121873.96901157,1534698.96905685],[12121872.49074379,1534697.89668324],[12121870.9016048,1534697.74877057],[12121869.57116437,1534695.16028392],[12121869.3863809,1534691.86920607],[12121869.24608735,1534684.88248692],[12121871.75914088,1534682.81169817],[12121873.08958414,1534682.99659008],[12121876.60047011,1534679.29874919],[12121878.22614759,1534671.86748024],[12121884.22025097,1534668.51602825],[12121890.09636595,1534666.48221731],[12121895.18815865,1534669.23977075]]},"properties":null,"id":"14774f8c-c9b1-4eff-b26c-ca35a529f2b7"},{"type":"Feature","geometry":{"type":"LineString","coordinates":[[12121875.27114361,1534722.58562105],[12121879.13772436,1534730.31259139],[12121883.81367815,1534731.58859879],[12121893.40848871,1534729.21887043],[12121901.30295538,1534725.99846662],[12121913.42957204,1534718.36978403],[12121921.23217692,1534711.54257414],[12121925.66980599,1534700.82477582],[12121937.14642683,1534697.1500881],[12121941.43102495,1534698.22188078],[12121942.21636536,1534711.02388542],[12121949.92817133,1534722.21256428],[12121956.38680588,1534730.89343878],[12121968.87341106,1534730.82265395],[12121977.16360101,1534734.10209252],[12121983.53931522,1534735.46086082],[12121983.69727455,1534729.03872764],[12121982.68437732,1534728.30295128]]},"properties":{"color":"#c026d3"},"id":"3486a5cf-015d-4f26-b6ff-835403112de3"},{"type":"Feature","geometry":{"type":"LineString","coordinates":[[12121843.20795338,1534717.85142958],[12121853.58155797,1534717.70081101],[12121864.78217066,1534719.14062278],[12121868.54299851,1534718.42183947],[12121875.27114361,1534722.58562105],[12121870.02085558,1534707.31193737],[12121867.65119441,1534699.50882068],[12121870.9016048,1534697.74877057]]},"properties":null,"id":"d78e734f-d5bd-4d5b-9e19-404ea7f25099"},{"type":"Feature","geometry":{"type":"LineString","coordinates":[[12121872.38400381,1534804.51233738],[12121880.48173852,1534812.86413208],[12121890.07444059,1534813.98601434],[12121900.44235619,1534811.30741942],[12121908.5400909,1534808.6273643],[12121912.77583096,1534811.05810644],[12121916.5755363,1534815.04702856],[12121928.09923569,1534817.4154472],[12121936.07239177,1534817.16613898],[12121945.71161576,1534811.94234403],[12121954.9928665,1534807.76645143],[12121967.37899766,1534797.51343956],[12121974.13749545,1534803.10726824],[12121982.85813283,1534814.57540388],[12121990.02338551,1534826.70904891],[12121990.77087156,1534834.81153537],[12121988.94565979,1534853.79993571],[12121988.23972848,1534861.09882669],[12121974.85548372,1534878.60687434]]},"properties":{"color":"#c026d3"},"id":"9ffa4804-f13a-4d96-bff2-1aa3a2ef32cf"},{"type":"Feature","geometry":{"type":"LineString","coordinates":[[12121840.54985676,1535015.0480879],[12121844.83354205,1535008.2980182],[12121850.73147978,1535002.1924094],[12121857.33493752,1534995.47517534],[12121862.44073486,1534989.89487398],[12121866.66134632,1534984.85937362],[12121871.49528407,1534978.10877298],[12121874.3875041,1534971.55009567],[12121877.67185171,1534963.56650799],[12121881.39825306,1534956.39475828],[12121883.75914017,1534952.33952415],[12121888.20041273,1534946.9904261],[12121894.65805705,1534941.03349454],[12121899.58050648,1534937.03210968],[12121905.52533282,1534933.23522041],[12121911.5284802,1534929.31273526],[12121918.06629299,1534925.19283018],[12121925.3818406,1534920.68664618],[12121932.0544573,1534917.03923986],[12121941.05441193,1534912.92061079],[12121946.3860832,1534910.00714154],[12121953.17787231,1534906.20469455],[12121956.99463937,1534903.44870998],[12121961.26741939,1534899.24435931],[12121966.99108792,1534892.71823927],[12121972.5620506,1534886.59275544],[12121976.69831562,1534881.44450149],[12121982.84216007,1534874.15494549],[12121986.28512045,1534869.8241126],[12121990.08433506,1534864.1200719],[12121992.17958052,1534859.25784939],[12121993.72447781,1534854.40705525],[12121994.33156845,1534848.31956882],[12121994.32953164,1534841.97887877],[12121993.29007891,1534832.54885789],[12121991.64338086,1534817.14740889]]},"properties":null,"id":"d503870b-d1d3-4518-ae6f-5fb67e3eea5e"},{"type":"Feature","geometry":{"type":"LineString","coordinates":[[12121161.38183526,1534793.36346335],[12121153.53117878,1534785.52471024],[12121145.61102698,1534780.22020289],[12121129.62779538,1534769.13148082],[12121118.70564129,1534765.04125638],[12121098.78912541,1534752.01790531],[12121094.28971781,1534746.98676176],[12121090.90448802,1534737.46421494],[12121075.93021969,1534720.44102559],[12121057.47115105,1534727.08763574],[12121042.79674666,1534718.52182427],[12121038.83667076,1534708.93536629],[12121031.53112413,1534691.67744541],[12121019.3795576,1534676.700507],[12120996.79941369,1534667.83453394],[12120968.87494634,1534663.32535211],[12120927.70209376,1534657.74770169],[12120849.19224531,1534643.94220902]]},"properties":{"color":"#c026d3"},"id":"969c2ebc-c383-47e2-832b-6372f61cf895"},{"type":"Feature","geometry":{"type":"LineString","coordinates":[[12121128.21478131,1534774.84074184],[12121114.54108587,1534767.40273103],[12121103.13134807,1534760.87346869],[12121091.43467463,1534752.38612078],[12121086.51129769,1534748.78916026],[12121085.72980872,1534739.71856988],[12121079.47789695,1534733.0720157],[12121073.22598517,1534727.67657642],[12121066.58332891,1534729.24047152],[12121059.16754359,1534734.51444269],[12121040.4015521,1534727.27140995],[12121032.50851468,1534721.56319343],[12121009.19750939,1534705.78455285],[12120992.13259096,1534684.41352495],[12120940.02630663,1534671.97824006],[12120849.3128194,1534659.6769315]]},"properties":{"color":"#c026d3"},"id":"a642f539-c131-4dd4-acf7-12d0c4c985ea"},{"type":"Feature","geometry":{"type":"LineString","coordinates":[[12121079.91275217,1534656.47522497],[12121076.93256752,1534661.37052036],[12121078.02655043,1534662.61538806],[12121078.88597211,1534663.08766786]]},"properties":{"color":"#c8c8c8"},"id":"dc5f16ee-4579-476f-af13-17b6129349df"},{"type":"Feature","geometry":{"type":"LineString","coordinates":[[12121080.17726021,1534663.92636291],[12121078.88597211,1534663.08766786],[12121082.46538088,1534657.07619468],[12121085.72587929,1534648.94162758],[12121088.59618454,1534650.05503222]]},"properties":{"color":"#c8c8c8"},"id":"f88189a0-bd7e-485a-940e-27f6ffc29f3b"},{"type":"Feature","geometry":{"type":"LineString","coordinates":[[12121097.92986783,1534652.0715147],[12121094.93371087,1534655.78142393],[12121094.25234991,1534660.63556047],[12121091.79945047,1534666.11691672],[12121089.56458528,1534670.88924191],[12121090.92120355,1534672.46114861]]},"properties":{"color":"#c8c8c8"},"id":"6f3ddd5c-07b5-496b-a2e8-c803ec31a627"},{"type":"Feature","geometry":{"type":"LineString","coordinates":[[12121112.57599769,1534648.62609386],[12121116.15142243,1534646.30210749],[12121117.8348641,1534645.95797698],[12121120.58629781,1534644.41844387],[12121120.76731313,1534646.1572104],[12121117.38232579,1534650.3592303],[12121111.39072031,1534653.81865181],[12121109.61721397,1534654.23651867]]},"properties":{"color":"#c8c8c8"},"id":"73978f68-0e65-4555-8e4a-e55a31716db9"},{"type":"Feature","geometry":{"type":"LineString","coordinates":[[12121107.77784305,1534683.24011338],[12121107.77784305,1534683.24011338],[12121107.70612702,1534680.26216268],[12121109.03286877,1534678.45027754],[12121109.85759968,1534677.12275727],[12121111.34570352,1534678.73730862],[12121112.49315588,1534679.77779714]]},"properties":{"color":"#c8c8c8"},"id":"3505780c-c1ef-4309-bd03-c18b96af0f6d"},{"type":"Feature","geometry":{"type":"LineString","coordinates":[[12121082.22243833,1534623.3131394],[12121089.32742082,1534617.34811967],[12121093.01924943,1534621.83578375],[12121094.29124493,1534624.93604201]]},"properties":{"color":"#c8c8c8"},"id":"6f449ed4-132f-49e3-ae10-cbe358eafd0f"},{"type":"Feature","geometry":{"type":"LineString","coordinates":[[12121084.16032804,1534628.29920812],[12121084.50637795,1534626.0600931],[12121089.35110136,1534622.29745849],[12121093.01924943,1534621.83578375],[12121093.01924943,1534621.83578375]]},"properties":{"color":"#c8c8c8"},"id":"3e9f4713-ffb2-49e5-8f3c-fa212a43c19c"},{"type":"Feature","geometry":{"type":"LineString","coordinates":[[12121247.075063,1534657.02122063],[12121243.56951962,1534646.82857207],[12121238.11953118,1534631.47818771],[12121224.53194522,1534625.53441202],[12121224.53194522,1534625.53441202],[12121216.56239432,1534615.86893492],[12121214.93993373,1534611.23919683],[12121218.19458518,1534601.97608321]]},"properties":null,"id":"c5518256-bb53-4dcb-a8a9-b1562e55289f"},{"type":"Feature","geometry":{"type":"LineString","coordinates":[[12121255.00231245,1534702.66563185],[12121245.96397523,1534698.29461302],[12121241.99643655,1534693.88759908],[12121239.88041457,1534675.11372206],[12121245.97407671,1534659.24695893],[12121247.075063,1534657.02122063]]},"properties":{"color":"#c026d3"},"id":"e5d69378-b687-45f0-a6fe-2d3e218d17cf"},{"type":"Feature","geometry":{"type":"LineString","coordinates":[[12121277.04560215,1534763.99370432],[12121281.35542042,1534757.00155285],[12121283.43067823,1534750.02330366],[12121289.53067092,1534744.9310665],[12121304.23308676,1534743.59287126],[12121312.18516626,1534743.7617675],[12121328.92378573,1534743.78145538],[12121349.52741888,1534740.85818421],[12121353.24292077,1534738.82817295],[12121362.82745104,1534736.79750313],[12121366.50625253,1534736.61676292],[12121376.97668883,1534733.66205799],[12121388.03913162,1534729.38807905],[12121389.49302311,1534705.71792446],[12121391.49537716,1534675.38814389],[12121406.39118875,1534665.00326325],[12121421.05026082,1534662.13438433],[12121421.05026082,1534662.13438433]]},"properties":{"color":"#c026d3"},"id":"ec684698-1566-4d27-878b-277b573db87d"},{"type":"Feature","geometry":{"type":"LineString","coordinates":[[12121725.45430054,1534628.04615869],[12121736.1778384,1534622.66989664],[12121742.00897679,1534617.74369852],[12121749.48268572,1534607.5628925],[12121755.73711232,1534594.85684527],[12121763.37507611,1534588.04227182],[12121778.15823911,1534577.94356316],[12121789.72461343,1534573.86898421],[12121802.20817705,1534575.75735953],[12121817.07346748,1534578.0562451],[12121831.77449679,1534581.91510719],[12121841.33847344,1534588.69085371],[12121847.41599726,1534595.34122306],[12121851.20976384,1534596.96919633]]},"properties":{"color":"#c026d3"},"id":"ac2990b7-c767-4b21-99c5-40c6613eda96"},{"type":"Feature","geometry":{"type":"LineString","coordinates":[[12121618.88744168,1534640.21299584],[12121630.9576206,1534647.98569293],[12121655.13342827,1534655.99508824],[12121663.13812179,1534658.58398441],[12121674.21533447,1534656.07599153],[12121686.26280498,1534663.11455193],[12121704.57661183,1534662.83739676],[12121712.01531903,1534655.63703132],[12121716.78579712,1534641.80262194],[12121719.53488672,1534632.01335878],[12121725.45430054,1534628.04615869]]},"properties":{"color":"#c026d3"},"id":"876e1205-84a1-4fbb-83b9-0e90605dc572"},{"type":"Feature","geometry":{"type":"LineString","coordinates":[[12121815.51018492,1534736.31480576],[12121814.42338607,1534728.52149176],[12121814.51395149,1534720.90941489],[12121819.22342241,1534718.91577538],[12121823.29892848,1534719.18763799],[12121828.59708844,1534717.48851227],[12121834.39336167,1534719.70869818],[12121840.67422442,1534722.91598055],[12121848.14598555,1534723.95811131],[12121853.48942823,1534722.64411794],[12121859.82910434,1534723.95811131],[12121865.26311589,1534720.60517088],[12121867.93483377,1534720.74110218],[12121880.46096718,1534735.27395189],[12121886.36109023,1534736.29941167],[12121893.36607254,1534734.4521718],[12121908.26079807,1534729.18553388],[12121916.32410287,1534720.89338446],[12121928.08309401,1534720.78133007],[12121943.31378559,1534720.78133007],[12121951.04113287,1534732.32310832],[12121955.96870328,1534736.58123956],[12121967.6728785,1534736.00388353],[12121983.0526827,1534742.00411211],[12121983.01906853,1534755.93490628],[12121986.3053408,1534772.53590083],[12121987.17574389,1534792.51816673],[12121991.34426771,1534816.95743646],[12121985.22174882,1534813.37301005],[12121979.68542945,1534804.83556029],[12121970.82731945,1534794.86433823],[12121964.76993274,1534790.69336833],[12121950.4061622,1534784.3980817],[12121940.37565814,1534777.81576741],[12121932.71785721,1534775.9723288],[12121902.98258493,1534767.35503193],[12121875.41377382,1534756.49178706],[12121855.21566911,1534750.37470713],[12121846.43496798,1534745.61228105],[12121835.15968567,1534740.85542624],[12121822.60409759,1534736.42143838],[12121815.51018492,1534736.31480576]]},"properties":null,"id":"6de36178-c691-4867-a528-3bf87cf648bd"},{"type":"Feature","geometry":{"type":"LineString","coordinates":[[12121725.45430054,1534628.04615869],[12121732.04378664,1534631.38663294],[12121733.77349465,1534643.75620608],[12121747.42124441,1534654.65049994],[12121762.98830762,1534669.26985515],[12121769.77691132,1534677.85963334],[12121784.78466521,1534690.17830366],[12121799.76066792,1534696.27664732],[12121815.66980068,1534703.14502301],[12121814.86589064,1534710.82637611],[12121825.11696155,1534712.0744606],[12121833.48157225,1534712.59677095],[12121838.19157946,1534716.32771469],[12121843.20795338,1534717.85142958]]},"properties":null,"id":"e97ea8f0-2e06-432a-a5a6-ef7210951758"},{"type":"Feature","geometry":{"type":"LineString","coordinates":[[12121814.86589064,1534710.82637611],[12121809.58687134,1534721.39069698],[12121810.21151127,1534748.765992],[12121806.61073268,1534773.16369665],[12121811.23307392,1534788.66386388],[12121820.16542213,1534801.35149484],[12121827.66110135,1534804.35152544],[12121837.52032451,1534804.55010006],[12121845.13147861,1534799.35279399],[12121851.40985217,1534798.73695157],[12121860.30437816,1534795.98445324],[12121863.27944625,1534798.74471161],[12121872.38400381,1534804.51233738]]},"properties":null,"id":"f239e05e-4c45-4437-aa16-fa56223d8c36"},{"type":"Feature","geometry":{"type":"LineString","coordinates":[[12121353.24292077,1534738.82817295],[12121358.22002061,1534754.87356214],[12121352.98009235,1534770.52872729],[12121351.77126095,1534784.03299865],[12121361.07028944,1534799.02355933],[12121378.3596908,1534810.11351993],[12121393.11462501,1534809.89838502],[12121406.82511246,1534805.81481379],[12121428.20457911,1534792.18114673],[12121440.86138645,1534783.46496965],[12121426.03086342,1534756.03665346],[12121408.65357778,1534742.74622326],[12121388.03913162,1534729.38807905],[12121388.03913162,1534729.38807905]]},"properties":null,"id":"79e910a1-cf33-4a9f-8677-2f0f0571a1f1"},{"type":"Feature","geometry":{"type":"LineString","coordinates":[[12121813.02773728,1534840.85951751],[12121819.55628412,1534843.76969159],[12121839.6129809,1534847.61949379],[12121845.53356777,1534850.79977826],[12121854.07167535,1534851.17392853],[12121868.4668664,1534847.058266],[12121874.92735871,1534843.67361111],[12121884.96119445,1534845.41964968],[12121894.72937126,1534846.83516235],[12121898.18496769,1534848.7166164],[12121906.74241039,1534849.01357967],[12121916.53647377,1534850.8448582],[12121928.46184329,1534856.06728524],[12121936.27730755,1534860.52174561],[12121941.11232483,1534866.68819077]]},"properties":{"color":"#c026d3"},"id":"92146d87-d184-43dc-b162-8133605d9827"},{"type":"Feature","geometry":{"type":"LineString","coordinates":[[12121729.95299136,1534854.33620227],[12121735.81382538,1534867.3668689],[12121748.16908588,1534874.74486292],[12121754.36465005,1534880.57316808],[12121758.88211775,1534887.63654868],[12121767.50500304,1534895.92868738],[12121775.32602099,1534900.46469028],[12121780.51546749,1534906.61090421],[12121784.75174903,1534917.36677606],[12121794.60110279,1534926.95698546],[12121799.31396681,1534926.48012635],[12121805.88019996,1534923.24806399],[12121810.6671538,1534914.06516457],[12121812.83824728,1534903.41525827],[12121813.37817789,1534890.0333201],[12121812.10729262,1534866.01479666],[12121809.90347884,1534850.13182118],[12121813.02773728,1534840.85951751],[12121813.02773728,1534840.85951751]]},"properties":null,"id":"cd63fdba-f664-4582-8379-508f2abd8ecb"},{"type":"Feature","geometry":{"type":"LineString","coordinates":[[12121814.43611478,1534741.25370155],[12121813.03721931,1534770.89260486],[12121815.28724127,1534781.51893973],[12121818.53851889,1534790.41174172],[12121825.65133201,1534797.87656486],[12121834.83141887,1534800.08288441],[12121843.96650941,1534796.88597735],[12121846.48915176,1534793.5537559],[12121861.56429891,1534791.61760017],[12121871.19439703,1534793.73386225],[12121872.45440384,1534799.00200352],[12121885.97507411,1534808.42999682],[12121894.2817173,1534809.00810436],[12121905.63968105,1534804.89825379],[12121910.31859351,1534805.00546429],[12121920.81358568,1534811.87732496],[12121934.87221485,1534813.37435688],[12121951.58152133,1534805.37204719],[12121961.62495173,1534794.30337112],[12121939.33676207,1534781.75416342],[12121932.35112549,1534780.84245884],[12121926.98534566,1534776.63848632],[12121915.27187317,1534772.99798846],[12121902.21176797,1534771.37717924],[12121885.67584075,1534763.50195648],[12121862.16707441,1534755.00249998],[12121850.9977075,1534751.78640793],[12121837.09626429,1534744.79141017],[12121826.16796528,1534741.81652441],[12121814.43611478,1534741.25370155]]},"properties":null,"id":"df2f3144-63db-4b53-a6fe-a6a6d75aa8e1"}]}